month,layout,rows_raw,rows_bad_time,rows_too_short,rows_too_long,rows_non_public_station,rows_kept,rows_no_start_station,rows_out_of_month,first_start,last_start,n_stations
201501,legacy,7840,0,0,3,3,7834,0,0,2015-01-01 00:21:44,2015-01-31 23:21:57,32
201502,legacy,4020,0,0,2,0,4018,0,0,2015-02-01 00:10:58,2015-02-28 23:47:42,32
201503,legacy,11271,0,0,4,9,11258,0,0,2015-03-01 13:01:50,2015-03-31 23:54:53,32
201504,legacy,55843,0,0,21,16,55806,0,0,2015-04-01 00:24:59,2015-04-30 23:58:18,136
201505,legacy,149143,0,0,15,18,149110,0,0,2015-05-01 00:01:12,2015-05-31 23:46:46,136
201506,legacy,144232,0,0,17,11,144204,0,0,2015-06-01 00:07:07,2015-06-30 23:58:34,139
201507,legacy,175321,0,0,32,15,175274,0,0,2015-07-01 00:00:38,2015-07-31 23:59:22,139
201508,legacy,160065,0,0,57,9,159999,0,0,2015-08-01 00:01:11,2015-08-31 23:56:41,139
201509,legacy,150516,0,0,137,19,150360,0,0,2015-09-01 00:00:36,2015-09-30 23:58:54,139
201510,legacy,126656,0,0,139,16,126501,0,0,2015-10-01 00:01:56,2015-10-31 23:59:35,150
201511,legacy,88735,0,0,125,19,88591,0,0,2015-11-01 00:00:05,2015-11-30 23:59:19,155
201512,legacy,48916,0,0,73,30,48813,0,0,2015-12-01 00:01:52,2015-12-31 23:58:18,111
201601,legacy,12055,0,0,17,14,12024,0,0,2016-01-01 00:08:07,2016-01-31 23:58:25,46
201602,legacy,14643,0,0,20,19,14604,0,0,2016-02-01 00:00:48,2016-02-29 23:43:23,41
201603,legacy,41277,0,0,119,26,41132,0,0,2016-03-01 00:01:42,2016-03-31 23:57:28,116
201604,legacy,84262,0,0,149,33,84080,0,0,2016-04-01 00:01:19,2016-04-30 23:56:07,155
201605,legacy,129260,0,0,180,17,129063,0,0,2016-05-01 00:00:51,2016-05-31 23:59:41,158
201606,legacy,164667,0,0,114,16,164537,0,0,2016-06-01 00:02:32,2016-06-30 23:58:33,160
201607,legacy,167385,0,0,104,16,167265,0,0,2016-07-01 00:00:54,2016-07-31 23:57:40,164
201608,legacy,174198,0,0,106,27,174065,0,0,2016-08-01 00:02:50,2016-08-31 23:58:36,171
201609,legacy,165690,0,0,93,24,165573,0,0,2016-09-01 00:00:58,2016-09-30 23:59:54,181
201610,legacy,137865,0,0,75,20,137770,0,0,2016-10-01 00:02:59,2016-10-31 23:58:51,184
201611,legacy,99910,0,0,62,29,99819,0,0,2016-11-01 00:00:35,2016-11-30 23:58:57,185
201612,legacy,44991,0,0,40,5,44946,0,0,2016-12-01 00:13:13,2016-12-31 23:34:18,162
201701,legacy,19518,0,0,6,3,19509,0,0,2017-01-01 00:06:58,2017-01-31 23:59:10,141
201702,legacy,17272,0,0,4,1,17267,0,0,2017-02-01 00:14:42,2017-02-28 23:58:57,49
201703,legacy,31253,0,0,26,10,31217,0,0,2017-03-01 00:00:20,2017-03-31 23:07:33,128
201704,legacy,99860,0,0,88,40,99732,0,0,2017-04-01 00:15:54,2017-04-30 23:59:19,175
201705,legacy,127894,0,0,82,43,127769,0,0,2017-05-01 00:00:21,2017-05-31 23:58:19,181
201706,legacy,161910,0,0,91,34,161785,0,0,2017-06-01 00:00:35,2017-06-30 23:59:30,185
201707,legacy,175833,0,0,95,34,175704,0,0,2017-07-01 00:00:21,2017-07-31 23:59:37,188
201708,legacy,190651,0,0,55,25,190571,0,0,2017-08-01 00:00:54,2017-08-31 23:58:51,189
201709,legacy,165386,0,0,54,26,165306,0,0,2017-09-01 00:00:56,2017-09-30 23:59:22,190
201710,legacy,163662,0,0,70,75,163517,0,0,2017-10-01 00:03:43,2017-10-31 23:57:03,193
201711,legacy,105463,0,0,28,20,105415,0,0,2017-11-01 00:02:12,2017-11-30 23:59:38,194
201712,legacy,55072,0,0,18,17,55037,0,0,2017-12-01 00:02:02,2017-12-31 23:46:18,176
201801,legacy,40932,0,0,15,30,40887,0,0,2018-01-01 00:16:33,2018-01-31 23:58:36,164
201802,legacy,62817,0,0,28,24,62765,0,0,2018-02-01 00:02:11,2018-02-28 23:58:21,163
201803,legacy,62985,0,0,21,21,62943,0,0,2018-03-01 00:00:38,2018-03-31 23:58:30,163
201804,legacy,98194,0,0,50,29,98115,0,0,2018-04-01 00:03:32,2018-04-30 23:54:44,194
201805,legacy,178865,0,0,99,33,178733,0,0,2018-05-01 00:01:32,2018-05-31 23:59:32,193
201806,legacy,205359,0,0,131,37,205191,0,0,2018-06-01 00:00:31,2018-06-30 23:58:51,193
201807,legacy,242916,0,0,233,28,242655,0,0,2018-07-01 00:01:06,2018-07-31 23:59:39,204
201808,legacy,236076,0,0,252,52,235772,0,0,2018-08-01 00:00:09,2018-08-31 23:59:42,227
201809,legacy,236182,0,0,201,69,235912,0,0,2018-09-01 00:02:30,2018-09-30 23:59:53,250
201810,legacy,200100,0,0,310,109,199681,0,0,2018-10-01 00:01:57,2018-10-31 23:59:25,300
201811,legacy,121419,0,0,96,78,121245,0,0,2018-11-01 00:00:02,2018-11-30 23:59:58,265
201812,legacy,81961,0,0,92,43,81826,0,0,2018-12-01 00:01:52,2018-12-31 23:54:38,234
201901,legacy,69872,0,0,57,53,69762,0,0,2019-01-01 00:09:13,2019-01-31 23:51:19,223
201902,legacy,80466,0,0,86,86,80294,0,0,2019-02-01 00:03:56,2019-02-28 23:59:11,221
201903,legacy,102369,0,0,127,43,102199,0,0,2019-03-01 00:00:50,2019-03-31 23:58:32,229
201904,legacy,166694,0,0,178,81,166435,0,0,2019-04-01 00:04:38,2019-04-30 23:57:59,267
201905,legacy,223084,0,0,256,82,222746,0,0,2019-05-01 00:00:52,2019-05-31 23:59:58,269
201906,legacy,274083,0,0,354,66,273663,0,0,2019-06-01 00:00:20,2019-06-30 23:58:23,279
201907,legacy,317028,0,0,346,103,316579,0,0,2019-07-01 00:00:41,2019-07-31 23:59:50,300
201908,legacy,337519,0,0,352,132,337035,0,0,2019-08-01 00:00:01,2019-08-31 23:59:32,319
201909,legacy,363185,0,0,241,129,362815,0,0,2019-09-01 00:00:21,2019-09-30 23:58:29,327
201910,legacy,305504,0,0,179,124,305201,0,0,2019-10-01 00:00:28,2019-10-31 23:58:19,333
201911,legacy,190759,0,0,125,103,190531,0,0,2019-11-01 00:00:00,2019-11-30 23:59:59,329
201912,legacy,92208,0,0,89,87,92032,0,0,2019-12-01 00:01:25,2019-12-31 23:57:49,282
202001,legacy,128598,0,0,96,82,128420,0,0,2020-01-01 00:04:05,2020-01-31 23:59:46,270
202002,legacy,133235,0,0,91,78,133066,0,0,2020-02-01 00:00:09,2020-02-29 23:59:11,271
202003,legacy,107350,0,0,113,35,107202,0,0,2020-03-01 00:01:09,2020-03-31 23:55:44,283
202004,legacy,46793,0,0,102,24,46667,0,0,2020-04-01 00:12:27,2020-04-30 23:59:05,324
202005,legacy,124879,0,0,260,18,124601,0,0,2020-05-01 00:03:09,2020-05-31 23:59:27,328
202006,legacy,191843,0,0,310,18,191515,0,0,2020-06-01 00:00:25,2020-06-30 23:59:48,333
202007,legacy,259726,0,0,369,35,259322,0,0,2020-07-01 00:01:15,2020-07-31 23:59:48,339
202008,legacy,289033,0,0,307,59,288667,0,0,2020-08-01 00:00:22,2020-08-31 23:59:51,343
202009,legacy,307853,0,0,275,73,307505,0,0,2020-09-01 00:00:30,2020-09-30 23:58:44,346
202010,legacy,248424,0,0,153,85,248186,0,0,2020-10-01 00:00:21,2020-10-31 23:58:55,365
202011,legacy,161712,0,0,107,43,161562,0,0,2020-11-01 00:00:18,2020-11-30 23:48:48,365
202012,legacy,74002,0,0,54,35,73913,0,0,2020-12-01 00:00:05,2020-12-31 23:55:37,320
202101,legacy,71805,0,0,42,19,71744,0,0,2021-01-01 00:00:04,2021-01-31 23:59:49,308
202102,legacy,60447,0,0,50,12,60385,0,0,2021-02-01 00:00:34,2021-02-28 23:59:59,303
202103,legacy,139046,0,0,139,20,138887,0,0,2021-03-01 00:00:55,2021-03-31 23:59:51,327
202104,legacy,187816,0,0,183,32,187601,0,0,2021-04-01 00:00:01,2021-04-30 23:59:50,366
202105,legacy,270893,0,0,348,70,270475,0,0,2021-05-01 00:00:01,2021-05-31 23:59:41,374
202106,legacy,311969,0,0,421,107,311441,0,0,2021-06-01 00:00:00,2021-06-30 23:59:58,391
202107,legacy,309403,0,0,375,63,308965,0,0,2021-07-01 00:00:01,2021-07-31 23:59:53,398
202108,legacy,357338,0,0,399,96,356843,0,0,2021-08-01 00:00:07,2021-08-31 23:59:56,407
202109,legacy,432254,0,0,342,78,431834,0,0,2021-09-01 00:00:04,2021-09-30 23:59:59,412
202110,legacy,399182,0,0,437,46,398699,0,0,2021-10-01 00:00:09,2021-10-31 23:59:53,414
202111,legacy,250925,0,0,224,63,250638,0,0,2021-11-01 00:00:04,2021-11-30 23:59:51,410
202112,legacy,143300,0,0,140,20,143140,0,0,2021-12-01 00:00:00,2021-12-31 23:59:59,371
202201,legacy,81613,0,0,68,0,81545,0,0,2022-01-01 00:00:25,2022-01-31 23:59:45,353
202202,legacy,110460,0,0,89,1,110370,0,0,2022-02-01 00:01:22,2022-02-28 23:59:46,355
202203,legacy,182421,0,0,222,4,182195,0,0,2022-03-01 00:00:03,2022-03-31 23:59:53,387
202204,legacy,274264,0,0,287,3,273974,0,0,2022-04-01 00:00:09,2022-04-30 23:59:52,420
202205,legacy,350660,0,0,388,9,350263,0,0,2022-05-01 00:00:23,2022-05-31 23:59:48,426
202206,legacy,388531,0,0,451,21,388059,0,0,2022-06-01 00:00:08,2022-06-30 23:59:50,427
202207,legacy,430585,0,0,419,22,430144,0,0,2022-07-01 00:00:01,2022-07-31 23:59:50,429
202208,legacy,487201,0,0,516,31,486654,0,0,2022-08-01 00:00:01,2022-08-31 23:59:58,435
202209,legacy,601049,0,0,488,41,600520,0,0,2022-09-01 00:00:27,2022-09-30 23:59:05,440
202210,legacy,416964,0,0,340,54,416570,0,0,2022-10-01 00:00:05,2022-10-31 23:59:51,444
202211,legacy,290621,0,0,214,40,290367,0,0,2022-11-01 00:00:04,2022-11-30 23:58:42,438
202212,legacy,142912,0,0,101,26,142785,0,0,2022-12-01 00:02:44,2022-12-31 23:58:30,387
202301,legacy,140340,0,0,128,21,140191,0,0,2023-01-01 00:02:54,2023-01-31 23:58:02,383
202302,legacy,152975,0,0,132,15,152828,0,0,2023-02-01 00:00:50,2023-02-28 23:59:50,373
202303,legacy,199003,0,0,176,14,198813,0,0,2023-03-01 00:00:44,2023-03-31 23:59:20,404
202304,modern,296291,0,2209,551,29,293502,0,0,2023-04-01 00:00:16,2023-04-30 23:57:51,446
202305,modern,387593,0,2760,770,32,384031,0,0,2023-05-01 00:00:30,2023-05-31 23:59:14,452
202306,modern,367839,0,2552,742,30,364515,0,0,2023-06-01 00:00:28,2023-06-30 23:59:56,454
202307,modern,411509,0,2779,770,25,407935,0,0,2023-07-01 00:00:16,2023-07-31 23:59:47,459
202308,modern,441706,0,2867,902,32,437905,0,0,2023-08-01 00:00:52,2023-08-31 23:59:45,460
202309,modern,419874,0,2629,639,22,416584,0,0,2023-09-01 00:00:02,2023-09-30 23:59:54,457
202310,modern,435867,0,2793,724,20,432330,0,0,2023-10-01 00:00:16,2023-10-31 23:59:13,466
202311,modern,270816,35,2751,376,6,267648,0,0,2023-11-01 00:00:53,2023-11-30 23:58:57,459
202312,modern,169380,17,1779,331,9,167244,7,0,2023-12-01 00:00:47,2023-12-31 23:52:53,433
202401,modern,166699,13,2254,166,2,164264,133,0,2024-01-01 00:04:13,2024-01-31 23:59:38,415
202402,modern,231947,15,2521,191,8,229212,279,0,2024-02-01 00:00:37,2024-02-29 23:58:01,416
202403,modern,261687,7,2923,211,11,258535,38,0,2024-03-01 00:04:28,2024-03-31 23:59:40,454
202404,modern,356327,4,4385,288,18,351632,64,0,2024-04-01 00:00:24,2024-04-30 23:59:13,475
202405,modern,440534,16,5323,352,13,434830,33,0,2024-05-01 00:01:28,2024-05-31 23:59:37,477
202406,modern,478860,0,0,500,29,478331,40,124,2024-05-31 05:39:45,2024-06-30 23:53:34,484
202407,modern,542622,0,0,515,28,542079,91,51,2024-06-30 14:31:39,2024-07-31 23:57:37,489
202408,modern,538262,0,0,417,56,537789,184,76,2024-07-31 16:48:26,2024-08-31 23:54:22,496
202409,modern,582679,0,0,417,80,582182,164,129,2024-08-31 16:49:05,2024-09-30 23:51:27,506
202410,modern,564156,0,0,325,111,563720,178,40,2024-09-30 22:24:52,2024-10-31 23:56:36,510
202411,modern,397406,0,0,201,76,397129,112,101,2024-10-31 16:11:38,2024-11-30 23:56:19,514
202412,modern,190611,0,0,119,16,190476,93,20,2024-11-30 15:06:29,2024-12-31 23:55:02,492
202501,modern,162316,0,0,86,5,162225,62,32,2024-12-31 22:20:30,2025-01-31 23:50:11,471
202502,modern,166022,0,0,73,14,165935,41,18,2025-01-31 16:37:20,2025-02-28 23:55:41,473
202503,modern,272088,0,0,151,41,271896,98,27,2025-02-28 16:59:57,2025-03-31 23:51:46,517
202504,modern,373940,0,0,219,50,373671,143,9,2025-03-31 22:41:06,2025-04-30 23:52:36,539
202505,modern,429840,0,0,309,50,429481,112,35,2025-04-30 16:45:17,2025-05-31 23:56:39,547
202506,modern,488202,0,0,362,59,487781,134,47,2025-05-31 19:39:43,2025-06-30 23:55:29,553
202507,modern,539711,0,0,442,95,539174,269,70,2025-06-30 11:44:17,2025-07-31 23:52:34,561
202508,modern,549014,0,0,327,116,548571,214,15,2025-07-31 23:44:19,2025-08-31 23:55:25,570
202509,modern,586979,0,0,377,128,586474,164,89,2025-08-31 12:52:34,2025-09-30 23:53:42,584
202510,modern,513531,0,0,239,115,513177,198,51,2025-09-30 16:05:40,2025-10-31 23:56:01,590
202511,modern,344841,0,0,221,105,344515,131,111,2025-10-31 10:24:57,2025-11-30 23:52:57,590
202512,modern,187816,0,0,107,75,187634,108,16,2025-11-30 18:33:00,2025-12-31 23:49:42,560
202601,modern,152074,0,0,155,69,151850,127,25,2025-12-31 17:02:23,2026-01-31 23:52:58,544
202602,modern,136508,0,0,90,48,136370,81,30,2026-01-31 15:16:43,2026-02-28 23:58:14,542
202603,modern,253780,0,0,194,89,253497,118,29,2026-02-28 13:08:52,2026-03-31 23:54:31,558
202604,modern,368431,0,0,268,108,368055,188,0,2026-04-01 00:00:18,2026-04-30 23:59:26,592
202605,modern,432675,0,0,290,93,432292,185,75,2026-04-30 20:10:37,2026-05-31 23:53:11,599
202606,modern,515776,0,0,354,59,515363,212,35,2026-05-31 14:40:54,2026-06-30 23:55:30,603
202607,modern,530297,0,0,413,60,529824,230,72,2026-06-30 18:01:36,2026-07-31 23:56:57,605
202608,modern,582663,0,0,409,42,582212,386,145,2026-07-31 10:47:13,2026-08-31 23:56:02,616
