week_start,iso_year,iso_week,days_with_data,trips,member_trips,casual_trips,classic_trips,electric_trips,age_known_trips,college_age_trips,no_station_trips,avg_daily_active_stations,complete_week,trips_per_active_station,college_age_share
2014-12-29,2015,1,4,594,423,171,594,0,525,67,0,30.0,false,19.8,0.1276
2015-01-05,2015,2,7,1716,1174,542,1716,0,1658,223,0,29.9,true,57.39,0.1345
2015-01-12,2015,3,7,2089,1482,607,2089,0,2003,257,0,31.0,true,67.39,0.1283
2015-01-19,2015,4,7,2527,1765,762,2527,0,2409,317,0,29.9,true,84.52,0.1316
2015-01-26,2015,5,6,1057,755,302,1057,0,1024,150,0,28.3,true,37.35,0.1465
2015-02-02,2015,6,7,861,657,204,861,0,817,142,0,23.9,true,36.03,0.1738
2015-02-09,2015,7,5,597,450,147,597,0,562,92,0,25.4,true,23.5,0.1637
2015-02-16,2015,8,7,910,706,204,910,0,871,143,0,24.3,true,37.45,0.1642
2015-02-23,2015,9,7,1513,1145,368,1513,0,1426,186,0,27.6,true,54.82,0.1304
2015-03-02,2015,10,7,2038,1501,537,2038,0,1937,263,0,30.9,true,65.95,0.1358
2015-03-09,2015,11,7,2885,2148,737,2885,0,2718,348,0,30.0,true,96.17,0.128
2015-03-16,2015,12,7,2269,1607,662,2269,0,2130,255,0,31.1,true,72.96,0.1197
2015-03-23,2015,13,7,2791,2025,766,2791,0,2516,259,0,31.0,true,90.03,0.1029
2015-03-30,2015,14,7,4281,3228,1053,4281,0,3694,449,0,31.6,true,135.47,0.1215
2015-04-06,2015,15,7,4421,3428,993,4421,0,3639,466,0,32.0,true,138.16,0.1281
2015-04-13,2015,16,7,12118,9018,3100,12118,0,8347,1088,0,71.0,true,170.68,0.1303
2015-04-20,2015,17,7,20256,13009,7247,20256,0,16110,1706,0,127.7,true,158.62,0.1059
2015-04-27,2015,18,7,28297,18158,10139,28297,0,21694,2193,0,134.9,true,209.76,0.1011
2015-05-04,2015,19,7,34843,22769,12074,34843,0,25225,2430,0,135.6,true,256.95,0.0963
2015-05-11,2015,20,7,35764,23655,12109,35764,0,26076,2675,0,135.6,true,263.75,0.1026
2015-05-18,2015,21,7,32483,21602,10881,32483,0,22969,2181,0,135.7,true,239.37,0.095
2015-05-25,2015,22,7,33716,22707,11009,33716,0,23154,2167,0,134.7,true,250.3,0.0936
2015-06-01,2015,23,7,28369,18653,9716,28369,0,20737,2387,0,135.1,true,209.99,0.1151
2015-06-08,2015,24,7,38303,25505,12798,38303,0,28023,3271,0,137.9,true,277.76,0.1167
2015-06-15,2015,25,7,31305,20522,10783,31305,0,23812,3145,0,137.9,true,227.01,0.1321
2015-06-22,2015,26,7,35037,23100,11937,35037,0,26878,3782,0,136.7,true,256.31,0.1407
2015-06-29,2015,27,7,36147,26506,9641,36147,0,23309,3392,0,138.7,true,260.61,0.1455
2015-07-06,2015,28,7,39718,27178,12540,39718,0,28785,4105,0,139.0,true,285.74,0.1426
2015-07-13,2015,29,7,39631,27328,12303,39631,0,29751,4475,0,138.4,true,286.35,0.1504
2015-07-20,2015,30,7,40738,28407,12331,40738,0,29750,4710,0,139.0,true,293.08,0.1583
2015-07-27,2015,31,7,39623,27498,12125,39623,0,28865,4770,0,138.9,true,285.26,0.1653
2015-08-03,2015,32,7,40690,28431,12259,40690,0,29057,4414,0,139.0,true,292.73,0.1519
2015-08-10,2015,33,7,35977,24528,11449,35977,0,26546,3768,0,138.6,true,259.57,0.1419
2015-08-17,2015,34,7,33380,22808,10572,33380,0,24909,3346,0,138.6,true,240.84,0.1343
2015-08-24,2015,35,7,35260,23631,11629,35260,0,26901,3533,0,138.3,true,254.95,0.1313
2015-08-31,2015,36,7,36746,25164,11582,36746,0,27064,3409,0,137.7,true,266.86,0.126
2015-09-07,2015,37,7,31098,21259,9839,31098,0,23335,3485,0,137.4,true,226.33,0.1493
2015-09-14,2015,38,7,37763,25040,12723,37763,0,30235,4502,0,137.7,true,274.24,0.1489
2015-09-21,2015,39,7,36920,24206,12714,36920,0,29990,4750,0,138.7,true,266.19,0.1584
2015-09-28,2015,40,7,25652,16465,9187,25652,0,22404,3865,0,138.4,true,185.35,0.1725
2015-10-05,2015,41,7,31794,20857,10937,31794,0,26103,4171,0,145.1,true,219.12,0.1598
2015-10-12,2015,42,7,30866,20489,10377,30866,0,24893,4246,0,147.1,true,209.83,0.1706
2015-10-19,2015,43,7,27796,17563,10233,27796,0,24342,3963,0,147.4,true,188.58,0.1628
2015-10-26,2015,44,7,26098,16793,9305,26098,0,22133,3618,0,146.1,true,178.63,0.1635
2015-11-02,2015,45,7,30378,19302,11076,30378,0,25786,4114,0,150.9,true,201.31,0.1595
2015-11-09,2015,46,7,21757,13786,7971,21757,0,19471,3298,0,151.1,true,143.99,0.1694
2015-11-16,2015,47,7,20392,12592,7800,20392,0,18616,2824,0,132.0,true,154.48,0.1517
2015-11-23,2015,48,7,11298,7697,3601,11298,0,9374,1426,0,107.9,true,104.71,0.1521
2015-11-30,2015,49,7,14168,9058,5110,14168,0,12895,2040,0,108.0,true,131.19,0.1582
2015-12-07,2015,50,7,15872,10131,5741,15872,0,14236,2316,0,105.4,true,150.59,0.1627
2015-12-14,2015,51,7,11572,7187,4385,11572,0,10712,1479,0,101.9,true,113.56,0.1381
2015-12-21,2015,52,7,7076,4790,2286,7076,0,5520,576,0,97.1,true,72.87,0.1043
2015-12-28,2015,53,7,3024,1981,1043,3024,0,2605,273,0,66.9,true,45.2,0.1048
2016-01-04,2016,1,7,2573,1948,625,2573,0,2446,274,0,34.4,true,74.8,0.112
2016-01-11,2016,2,7,2916,2231,685,2916,0,2804,359,0,35.7,true,81.68,0.128
2016-01-18,2016,3,7,2096,1611,485,2096,0,2039,290,0,35.9,true,58.38,0.1422
2016-01-25,2016,4,7,3733,2899,834,3733,0,3495,536,0,36.9,true,101.17,0.1534
2016-02-01,2016,5,7,3736,2915,821,3736,0,3564,555,0,35.6,true,104.94,0.1557
2016-02-08,2016,6,7,2159,1705,454,2159,0,2093,346,0,34.0,true,63.5,0.1653
2016-02-15,2016,7,7,3617,2837,780,3617,0,3316,477,0,36.4,true,99.37,0.1438
2016-02-22,2016,8,7,4268,3384,884,4268,0,3908,520,0,36.6,true,116.61,0.1331
2016-02-29,2016,9,7,4942,3866,1076,4942,0,4471,584,0,53.3,true,92.72,0.1306
2016-03-07,2016,10,7,9948,7280,2668,9948,0,7846,794,0,78.7,true,126.4,0.1012
2016-03-14,2016,11,7,8552,5728,2824,8552,0,7188,814,0,92.3,true,92.65,0.1132
2016-03-21,2016,12,7,10090,6594,3496,10090,0,8643,882,0,106.0,true,95.19,0.102
2016-03-28,2016,13,7,12917,8281,4636,12917,0,11328,1224,0,110.7,true,116.68,0.1081
2016-04-04,2016,14,7,10278,6960,3318,10278,0,8798,920,0,109.1,true,94.21,0.1046
2016-04-11,2016,15,7,20804,14179,6625,20804,0,16014,1703,0,129.4,true,160.77,0.1063
2016-04-18,2016,16,7,25729,17638,8091,25729,0,19621,2270,0,140.4,true,183.25,0.1157
2016-04-25,2016,17,7,24752,16101,8651,24752,0,19923,2115,0,148.7,true,166.46,0.1062
2016-05-02,2016,18,7,17511,15368,2143,17511,0,15190,1874,0,148.3,true,118.08,0.1234
2016-05-09,2016,19,7,32591,25175,7416,32591,0,24853,2634,0,156.0,true,208.92,0.106
2016-05-16,2016,20,7,33562,26099,7463,33562,0,25780,2828,0,156.9,true,213.91,0.1097
2016-05-23,2016,21,7,34789,25905,8884,34789,0,25616,2829,0,157.1,true,221.44,0.1104
2016-05-30,2016,22,7,32234,24680,7554,32234,0,24363,2974,0,154.7,true,208.36,0.1221
2016-06-06,2016,23,7,35797,28701,7096,35797,0,28311,3685,0,156.3,true,229.03,0.1302
2016-06-13,2016,24,7,40155,30488,9667,40155,0,30091,4314,0,157.1,true,255.6,0.1434
2016-06-20,2016,25,7,42054,32748,9306,42054,0,32345,5067,0,158.1,true,266.0,0.1567
2016-06-27,2016,26,7,38118,28580,9538,38118,0,28265,4619,0,158.9,true,239.89,0.1634
2016-07-04,2016,27,7,35069,26407,8662,35069,0,26093,5153,0,157.9,true,222.1,0.1975
2016-07-11,2016,28,7,39851,31536,8315,39851,0,31127,5770,0,158.0,true,252.22,0.1854
2016-07-18,2016,29,7,39598,31495,8103,39598,0,31125,5731,0,160.3,true,247.02,0.1841
2016-07-25,2016,30,7,37560,30084,7476,37560,0,29718,5773,0,160.9,true,233.44,0.1943
2016-08-01,2016,31,7,40186,31209,8977,40186,0,30852,5320,0,162.6,true,247.15,0.1724
2016-08-08,2016,32,7,37242,28922,8320,37242,0,28624,4583,0,163.6,true,227.64,0.1601
2016-08-15,2016,33,7,38988,30141,8847,38988,0,29712,4568,0,164.1,true,237.59,0.1537
2016-08-22,2016,34,7,38793,30058,8735,38793,0,29681,4262,0,165.3,true,234.68,0.1436
2016-08-29,2016,35,7,40043,30440,9603,40043,0,29996,4890,0,166.0,true,241.22,0.163
2016-09-05,2016,36,7,36457,28437,8020,36457,0,28131,5095,0,167.0,true,218.31,0.1811
2016-09-12,2016,37,7,42638,34879,7759,42638,0,34430,5932,0,168.9,true,252.45,0.1723
2016-09-19,2016,38,7,38589,32320,6269,38589,0,31916,5672,0,167.9,true,229.83,0.1777
2016-09-26,2016,39,7,30821,27476,3345,30821,0,27103,5055,0,166.3,true,185.33,0.1865
2016-10-03,2016,40,7,34364,29192,5172,34364,0,28818,5234,0,170.6,true,201.43,0.1816
2016-10-10,2016,41,7,34134,28136,5998,34134,0,27810,5183,0,174.9,true,195.16,0.1864
2016-10-17,2016,42,7,34125,29307,4818,34125,0,28979,5208,0,174.0,true,196.12,0.1797
2016-10-24,2016,43,7,26511,23749,2762,26511,0,23458,4502,0,171.7,true,154.4,0.1919
2016-10-31,2016,44,7,29823,26114,3709,29823,0,25774,4842,0,172.4,true,172.99,0.1879
2016-11-07,2016,45,7,27230,24171,3059,27230,0,23904,4557,0,170.9,true,159.33,0.1906
2016-11-14,2016,46,7,25986,23093,2893,25986,0,22842,4307,0,171.9,true,151.17,0.1886
2016-11-21,2016,47,7,13772,12189,1583,13772,0,12036,2180,0,155.7,true,88.45,0.1811
2016-11-28,2016,48,7,17190,16084,1106,17190,0,15890,2976,0,150.6,true,114.14,0.1873
2016-12-05,2016,49,7,13383,12811,572,13383,0,12612,2368,0,131.6,true,101.69,0.1878
2016-12-12,2016,50,7,9340,9029,311,9340,0,8915,1585,0,120.4,true,77.57,0.1778
2016-12-19,2016,51,7,7778,7366,412,7778,0,7221,1008,0,121.4,true,64.07,0.1396
2016-12-26,2016,52,7,5261,4451,810,5261,0,4369,590,0,119.7,true,43.95,0.135
2017-01-02,2017,1,7,5367,5032,335,5367,0,4938,452,0,94.0,true,57.1,0.0915
2017-01-09,2017,2,7,3812,3655,157,3812,0,3589,502,0,41.1,true,92.75,0.1399
2017-01-16,2017,3,7,4169,3863,306,4169,0,3836,614,0,42.1,true,99.03,0.1601
2017-01-23,2017,4,7,4320,4182,138,4320,0,4142,709,0,41.9,true,103.1,0.1712
2017-01-30,2017,5,7,4391,4273,118,4391,0,4238,727,0,41.6,true,105.55,0.1715
2017-02-06,2017,6,7,2463,2411,52,2463,0,2384,396,0,36.3,true,67.85,0.1661
2017-02-13,2017,7,7,3548,3328,220,3548,0,3294,619,0,38.6,true,91.92,0.1879
2017-02-20,2017,8,7,6142,5516,626,6142,0,5482,975,0,41.9,true,146.59,0.1779
2017-02-27,2017,9,7,5908,5661,247,5908,0,5599,880,0,52.3,true,112.96,0.1572
2017-03-06,2017,10,7,6256,5895,361,6256,0,5812,824,0,70.0,true,89.37,0.1418
2017-03-13,2017,11,7,4477,4204,273,4477,0,4135,693,0,71.1,true,62.97,0.1676
2017-03-20,2017,12,7,9409,8679,730,9409,0,8561,1170,0,98.4,true,95.62,0.1367
2017-03-27,2017,13,7,8910,8191,719,8910,0,8097,1050,0,110.4,true,80.71,0.1297
2017-04-03,2017,14,7,15219,12260,2959,15219,0,12082,1624,0,136.0,true,111.9,0.1344
2017-04-10,2017,15,7,32172,23493,8679,32172,0,23226,2802,0,159.6,true,201.58,0.1206
2017-04-17,2017,16,7,23830,18996,4834,23830,0,18812,2529,0,155.9,true,152.85,0.1344
2017-04-24,2017,17,7,26851,21209,5642,26851,0,20991,3067,0,162.6,true,165.14,0.1461
2017-05-01,2017,18,7,26726,23012,3714,26726,0,22753,3341,0,163.6,true,163.36,0.1468
2017-05-08,2017,19,7,26279,23246,3033,26279,0,22983,3317,0,161.1,true,163.12,0.1443
2017-05-15,2017,20,7,35213,27718,7495,35213,0,27390,3740,0,173.4,true,203.07,0.1365
2017-05-22,2017,21,7,27997,21369,6628,27997,0,21126,3113,0,172.6,true,162.21,0.1474
2017-05-29,2017,22,7,30462,24877,5585,30462,0,24537,3555,0,173.7,true,175.37,0.1449
2017-06-05,2017,23,7,32323,25414,6909,32323,0,25145,4084,0,176.3,true,183.34,0.1624
2017-06-12,2017,24,7,37813,30782,7031,37813,0,30383,4894,0,178.9,true,211.36,0.1611
2017-06-19,2017,25,7,41519,32774,8745,41519,0,32412,5745,0,179.3,true,231.56,0.1772
2017-06-26,2017,26,7,40450,32105,8345,40450,0,31715,5755,0,180.0,true,224.72,0.1815
2017-07-03,2017,27,7,38307,27334,10973,38307,0,27015,5684,0,181.0,true,211.64,0.2104
2017-07-10,2017,28,7,39274,31389,7885,39274,0,31005,6356,0,182.1,true,215.67,0.205
2017-07-17,2017,29,7,43248,34433,8815,43248,0,33966,7073,0,182.3,true,237.24,0.2082
2017-07-24,2017,30,7,38715,31423,7292,38715,0,31050,6456,0,183.7,true,210.75,0.2079
2017-07-31,2017,31,7,43013,35008,8005,43013,0,34537,6822,0,183.9,true,233.89,0.1975
2017-08-07,2017,32,7,44673,36124,8549,44673,0,35654,6642,0,186.7,true,239.28,0.1863
2017-08-14,2017,33,7,42837,34620,8217,42837,0,34252,6168,0,186.7,true,229.44,0.1801
2017-08-21,2017,34,7,41678,33821,7857,41678,0,33434,6233,0,187.4,true,222.4,0.1864
2017-08-28,2017,35,7,36746,31403,5343,36746,0,31029,5789,0,183.9,true,199.82,0.1866
2017-09-04,2017,36,7,39772,33073,6699,39772,0,32730,6422,0,185.6,true,214.29,0.1962
2017-09-11,2017,37,7,42443,36949,5494,42443,0,36420,6949,0,186.9,true,227.09,0.1908
2017-09-18,2017,38,7,35280,31142,4138,35280,0,30763,6375,0,183.9,true,191.84,0.2072
2017-09-25,2017,39,7,41073,35980,5093,41073,0,35318,6919,0,184.3,true,222.86,0.1959
2017-10-02,2017,40,7,40119,34788,5331,40119,0,34155,6772,0,186.4,true,215.23,0.1983
2017-10-09,2017,41,7,35746,31386,4360,35746,0,30836,6661,0,183.9,true,194.38,0.216
2017-10-16,2017,42,7,41939,35358,6581,41939,0,34629,7199,0,184.3,true,227.56,0.2079
2017-10-23,2017,43,7,31023,27778,3245,31023,0,27390,6070,0,184.0,true,168.6,0.2216
2017-10-30,2017,44,7,35608,31926,3682,35608,0,31475,6765,0,186.6,true,190.83,0.2149
2017-11-06,2017,45,7,25811,24224,1587,25811,0,23903,4987,0,182.0,true,141.82,0.2086
2017-11-13,2017,46,7,22619,21605,1014,22619,0,21305,4239,0,180.3,true,125.45,0.199
2017-11-20,2017,47,7,16440,14534,1906,16440,0,14343,2998,0,171.0,true,96.14,0.209
2017-11-27,2017,48,7,22839,21647,1192,22839,0,21372,3978,0,170.9,true,133.64,0.1861
2017-12-04,2017,49,7,18894,18201,693,18894,0,17912,3099,0,154.4,true,122.37,0.173
2017-12-11,2017,50,7,14083,13854,229,14083,0,13637,2334,0,147.1,true,95.74,0.1712
2017-12-18,2017,51,7,11986,11638,348,11986,0,11428,1572,0,138.4,true,86.6,0.1376
2017-12-25,2017,52,7,2156,2102,54,2156,0,2068,281,0,98.0,true,22.0,0.1359
2018-01-01,2018,1,7,2636,2591,45,2636,0,2536,213,0,81.9,true,32.19,0.084
2018-01-08,2018,2,7,9161,8910,251,9161,0,8779,970,0,139.0,true,65.91,0.1105
2018-01-15,2018,3,7,10385,9950,435,10385,0,9807,1151,0,140.3,true,74.02,0.1174
2018-01-22,2018,4,7,12931,12344,587,12931,0,12173,1565,0,146.6,true,88.21,0.1286
2018-01-29,2018,5,7,11462,11194,268,11462,0,11019,1338,0,139.4,true,82.22,0.1214
2018-02-05,2018,6,7,12379,12035,344,12379,0,11855,1501,0,142.1,true,87.11,0.1266
2018-02-12,2018,7,7,16363,15538,825,16363,0,15286,1916,0,145.1,true,112.77,0.1253
2018-02-19,2018,8,7,17609,16027,1582,17609,0,15809,2177,0,148.4,true,118.66,0.1377
2018-02-26,2018,9,7,17831,16908,923,17831,0,16635,1956,0,144.1,true,123.74,0.1176
2018-03-05,2018,10,7,12848,12364,484,12848,0,12163,1610,0,143.3,true,89.66,0.1324
2018-03-12,2018,11,6,10050,9618,432,10050,0,9457,1244,0,140.8,true,71.38,0.1315
2018-03-19,2018,12,7,14397,13618,779,14397,0,13358,1625,0,147.9,true,97.34,0.1216
2018-03-26,2018,13,7,20820,17716,3104,20820,0,17449,2114,0,151.7,true,137.24,0.1212
2018-04-02,2018,14,7,17713,16562,1151,17713,0,16328,2443,0,162.7,true,108.87,0.1496
2018-04-09,2018,15,7,24163,21824,2339,24163,0,21518,3229,0,175.1,true,138.0,0.1501
2018-04-16,2018,16,7,22736,19425,3311,22736,0,19174,3199,0,173.0,true,131.42,0.1668
2018-04-23,2018,17,7,28085,24017,4068,28085,0,23697,3599,0,182.7,true,153.72,0.1519
2018-04-30,2018,18,7,36528,29478,7050,36528,0,30132,4538,0,187.3,true,195.02,0.1506
2018-05-07,2018,19,7,37935,31827,6108,37935,0,32739,5081,0,186.1,true,203.84,0.1552
2018-05-14,2018,20,7,38408,31268,7140,38408,0,33063,4725,0,187.1,true,205.28,0.1429
2018-05-21,2018,21,7,43444,33820,9624,43444,0,35867,5101,0,188.7,true,230.23,0.1422
2018-05-28,2018,22,7,42395,33294,9101,42395,0,35235,5286,0,189.0,true,224.31,0.15
2018-06-04,2018,23,7,43926,34235,9691,43926,0,36270,6042,0,188.6,true,232.91,0.1666
2018-06-11,2018,24,7,50248,39581,10667,50248,0,42200,7519,0,190.0,true,264.46,0.1782
2018-06-18,2018,25,7,50501,40292,10209,50501,0,42677,8036,0,189.6,true,266.36,0.1883
2018-06-25,2018,26,7,48979,38628,10351,48979,0,41564,8515,0,190.0,true,257.78,0.2049
2018-07-02,2018,27,7,48365,34138,14227,48365,0,38585,8532,0,191.0,true,253.22,0.2211
2018-07-09,2018,28,7,59301,45207,14094,59301,0,49604,10289,0,191.4,true,309.83,0.2074
2018-07-16,2018,29,7,53723,41442,12281,53723,0,45055,9365,0,191.0,true,281.27,0.2079
2018-07-23,2018,30,7,56760,42956,13804,56760,0,47827,10607,0,194.4,true,291.98,0.2218
2018-07-30,2018,31,7,57880,42218,15662,57880,0,48352,10475,0,201.7,true,286.96,0.2166
2018-08-06,2018,32,7,48284,36947,11337,48284,0,40915,8610,0,203.6,true,237.15,0.2104
2018-08-13,2018,33,7,50902,37574,13328,50902,0,42108,8169,0,208.4,true,244.25,0.194
2018-08-20,2018,34,7,56095,40270,15825,56095,0,45662,8868,0,211.6,true,265.1,0.1942
2018-08-27,2018,35,7,56277,40769,15508,56277,0,45928,9604,0,218.4,true,257.68,0.2091
2018-09-03,2018,36,7,57131,43161,13970,57131,0,48287,11333,0,225.3,true,253.58,0.2347
2018-09-10,2018,37,7,57006,44472,12534,57006,0,49109,11408,0,224.7,true,253.7,0.2323
2018-09-17,2018,38,7,57030,45834,11196,57030,0,50454,11992,0,232.1,true,245.71,0.2377
2018-09-24,2018,39,7,50286,39879,10407,50286,0,44402,10556,0,236.6,true,212.54,0.2377
2018-10-01,2018,40,7,49289,39225,10064,49289,0,43672,10439,0,241.4,true,204.18,0.239
2018-10-08,2018,41,7,46514,37838,8676,46514,0,41601,10395,0,240.1,true,193.73,0.2499
2018-10-15,2018,42,7,47783,39545,8238,47783,0,43036,10232,0,241.4,true,197.94,0.2378
2018-10-22,2018,43,7,36667,32300,4367,36667,0,33959,7800,0,230.6,true,159.01,0.2297
2018-10-29,2018,44,7,40832,34965,5867,40832,0,37207,8851,0,240.6,true,169.71,0.2379
2018-11-05,2018,45,7,35986,31695,4291,35986,0,33476,7624,0,239.7,true,150.13,0.2277
2018-11-12,2018,46,7,27262,24255,3007,27262,0,25418,6054,0,227.7,true,119.73,0.2382
2018-11-19,2018,47,7,14322,12938,1384,14322,0,13429,2861,0,197.1,true,72.66,0.213
2018-11-26,2018,48,7,26914,24746,2168,26914,0,25487,5372,0,210.7,true,127.74,0.2108
2018-12-03,2018,49,7,25802,23913,1889,25802,0,24560,5013,0,202.9,true,127.17,0.2041
2018-12-10,2018,50,7,24481,22604,1877,24481,0,23171,4466,0,199.6,true,122.65,0.1927
2018-12-17,2018,51,7,17467,16062,1405,17467,0,16469,2852,0,194.7,true,89.71,0.1732
2018-12-24,2018,52,7,7890,6528,1362,7890,0,6989,1096,0,176.9,true,44.6,0.1568
2018-12-31,2019,1,7,14271,12695,1576,14271,0,13109,1434,0,189.1,true,75.47,0.1094
2019-01-07,2019,2,7,17598,16645,953,17598,0,16913,2066,0,190.1,true,92.57,0.1222
2019-01-14,2019,3,6,17663,16684,979,17663,0,16892,2006,0,197.0,true,89.66,0.1188
2019-01-21,2019,4,7,11069,10082,987,11069,0,10330,1596,0,168.6,true,65.65,0.1545
2019-01-28,2019,5,7,16580,15451,1129,16580,0,15705,2251,0,191.9,true,86.4,0.1433
2019-02-04,2019,6,7,26088,23322,2766,26088,0,24099,3756,0,200.9,true,129.86,0.1559
2019-02-11,2019,7,7,20033,18399,1634,20033,0,18855,2944,0,195.4,true,102.52,0.1561
2019-02-18,2019,8,7,17039,15728,1311,17039,0,16164,2602,0,191.6,true,88.93,0.161
2019-02-25,2019,9,7,17140,16327,813,17140,0,16486,2426,0,190.4,true,90.02,0.1472
2019-03-04,2019,10,7,14994,14098,896,14994,0,14315,2133,0,182.4,true,82.2,0.149
2019-03-11,2019,11,7,25603,22204,3399,25603,0,23263,3377,0,202.6,true,126.37,0.1452
2019-03-18,2019,12,7,24749,21089,3660,24749,0,22414,3508,0,201.7,true,122.7,0.1565
2019-03-25,2019,13,7,30971,24961,6010,30971,0,27170,4102,0,211.7,true,146.3,0.151
2019-04-01,2019,14,7,37206,29154,8052,37206,0,32429,5284,0,226.1,true,164.56,0.1629
2019-04-08,2019,15,7,37741,28921,8820,37741,0,32305,5735,0,234.1,true,161.22,0.1775
2019-04-15,2019,16,7,40352,30995,9357,40352,0,34473,6664,0,242.7,true,166.26,0.1933
2019-04-22,2019,17,7,38040,31386,6654,38040,0,34095,6274,0,249.4,true,152.53,0.184
2019-04-29,2019,18,7,41860,34747,7113,41860,0,37739,6995,0,251.4,true,166.51,0.1854
2019-05-06,2019,19,7,49715,39643,10072,49715,0,43511,7720,0,251.6,true,197.6,0.1774
2019-05-13,2019,20,7,47348,36302,11046,47348,0,41076,7462,0,253.6,true,186.7,0.1817
2019-05-20,2019,21,7,58577,42186,16391,58577,0,49127,8684,0,258.1,true,226.95,0.1768
2019-05-27,2019,22,7,52674,37925,14749,52674,0,44196,8602,0,258.3,true,203.93,0.1946
2019-06-03,2019,23,7,69402,50741,18661,69402,0,58657,11936,0,260.6,true,266.32,0.2035
2019-06-10,2019,24,7,57954,43342,14612,57954,0,49906,10608,0,258.7,true,224.02,0.2126
2019-06-17,2019,25,7,65048,47212,17836,65048,0,56506,12876,0,262.7,true,247.61,0.2279
2019-06-24,2019,26,7,66927,50423,16504,66927,0,58533,13570,0,270.0,true,247.88,0.2318
2019-07-01,2019,27,7,66382,43398,22984,66382,0,56283,14711,0,274.3,true,242.01,0.2614
2019-07-08,2019,28,7,73345,55041,18304,73345,0,63894,16222,0,278.1,true,263.74,0.2539
2019-07-15,2019,29,7,68273,53119,15154,68273,0,60377,14854,0,282.9,true,241.33,0.246
2019-07-22,2019,30,7,75161,55518,19643,75161,0,65094,16129,0,290.1,true,259.09,0.2478
2019-07-29,2019,31,7,78140,58454,19686,78140,0,68223,16671,0,291.3,true,268.25,0.2444
2019-08-05,2019,32,7,81281,58988,22293,81281,0,71245,16931,0,294.1,true,276.37,0.2376
2019-08-12,2019,33,7,76625,57716,18909,76625,0,67630,15324,0,300.3,true,255.16,0.2266
2019-08-19,2019,34,7,70957,53306,17651,70957,0,61507,13175,0,302.3,true,234.72,0.2142
2019-08-26,2019,35,7,73207,54298,18909,73207,0,63418,14216,0,306.4,true,238.93,0.2242
2019-09-02,2019,36,7,79040,59550,19490,79040,0,69433,17257,0,307.4,true,257.12,0.2485
2019-09-09,2019,37,7,83212,66132,17080,83212,0,75027,19190,0,311.4,true,267.22,0.2558
2019-09-16,2019,38,7,91105,70802,20303,91105,0,81247,20810,0,313.4,true,290.7,0.2561
2019-09-23,2019,39,7,87708,68982,18726,87708,0,78715,20286,0,312.1,true,281.03,0.2577
2019-09-30,2019,40,7,74391,61316,13075,74391,0,68168,17713,0,307.0,true,242.32,0.2598
2019-10-07,2019,41,7,63834,51814,12020,63834,0,58220,15449,0,303.0,true,210.67,0.2654
2019-10-14,2019,42,7,72009,55925,16084,72009,0,64694,17553,0,308.1,true,233.72,0.2713
2019-10-21,2019,43,7,68343,55810,12533,68343,0,62397,16115,0,307.6,true,222.18,0.2583
2019-10-28,2019,44,7,64913,53230,11683,64913,0,59837,16212,0,308.6,true,210.35,0.2709
2019-11-04,2019,45,7,53541,46084,7457,53541,0,50175,12780,0,296.7,true,180.46,0.2547
2019-11-11,2019,46,7,44508,39084,5424,44508,0,42120,10654,0,277.7,true,160.27,0.2529
2019-11-18,2019,47,7,38181,33689,4492,38181,0,36135,8810,0,257.1,true,148.51,0.2438
2019-11-25,2019,48,7,29758,25658,4100,29758,0,27755,6049,0,251.7,true,118.23,0.2179
2019-12-02,2019,49,7,24734,22247,2487,24734,0,23561,5583,0,241.0,true,102.63,0.237
2019-12-09,2019,50,7,29414,26290,3124,29414,0,27928,6379,0,243.1,true,121.0,0.2284
2019-12-16,2019,51,7,20146,18410,1736,20146,0,19215,3642,0,230.3,true,87.48,0.1895
2019-12-23,2019,52,7,13514,10596,2918,13514,0,11848,2120,0,225.1,true,60.04,0.1789
2019-12-30,2020,1,7,15454,13275,2179,15454,0,14300,1933,0,224.6,true,68.81,0.1352
2020-01-06,2020,2,7,33636,28265,5371,33636,0,30902,4275,0,247.3,true,136.01,0.1383
2020-01-13,2020,3,7,26540,24414,2126,26540,0,25447,3517,0,236.7,true,112.13,0.1382
2020-01-20,2020,4,7,27546,24626,2920,27546,0,25992,4379,0,239.0,true,115.26,0.1685
2020-01-27,2020,5,7,34846,31549,3297,34846,0,33202,5708,0,243.1,true,143.34,0.1719
2020-02-03,2020,6,7,31182,28612,2570,31182,0,29907,5566,0,237.7,true,131.18,0.1861
2020-02-10,2020,7,7,29131,26810,2321,29131,0,27880,5031,0,234.1,true,124.44,0.1805
2020-02-17,2020,8,7,31984,27571,4413,31984,0,29831,5847,0,242.4,true,131.95,0.196
2020-02-24,2020,9,7,36443,32657,3786,36443,0,34568,6347,0,241.6,true,150.84,0.1836
2020-03-02,2020,10,7,39759,34723,5036,39759,0,37034,6392,0,242.9,true,163.68,0.1726
2020-03-09,2020,11,7,38926,32091,6835,38926,0,35807,6291,0,252.6,true,154.1,0.1757
2020-03-16,2020,12,7,14076,10418,3658,14076,0,12471,1975,0,233.7,true,60.23,0.1584
2020-03-23,2020,13,7,9605,6691,2914,9605,0,8220,1239,0,219.6,true,43.74,0.1507
2020-03-30,2020,14,7,8385,6131,2254,8385,0,7351,1115,0,225.4,true,37.2,0.1517
2020-04-06,2020,15,7,11896,8046,3850,11896,0,10129,1549,0,254.0,true,46.83,0.1529
2020-04-13,2020,16,7,11236,7702,3534,11236,0,9610,1481,0,245.1,true,45.84,0.1541
2020-04-20,2020,17,7,11701,8100,3601,11701,0,10069,1463,0,260.4,true,44.93,0.1453
2020-04-27,2020,18,7,18269,10898,7371,18269,0,4873,718,0,275.3,true,66.36,0.1473
2020-05-04,2020,19,7,16490,11511,4979,16490,0,0,0,0,294.3,true,56.03,
2020-05-11,2020,20,7,25651,15414,10237,25651,0,0,0,0,304.4,true,84.27,
2020-05-18,2020,21,7,29889,18093,11796,29889,0,0,0,0,313.6,true,95.31,
2020-05-25,2020,22,7,39782,22927,16855,39782,0,0,0,0,318.4,true,124.94,
2020-06-01,2020,23,7,37785,23889,13896,37785,0,0,0,0,318.1,true,118.78,
2020-06-08,2020,24,7,46094,28656,17438,46094,0,0,0,0,320.9,true,143.64,
2020-06-15,2020,25,7,49566,31858,17708,49566,0,0,0,0,324.0,true,152.98,
2020-06-22,2020,26,7,48086,31794,16292,48086,0,0,0,0,322.0,true,149.34,
2020-06-29,2020,27,7,50498,31536,18962,50498,0,0,0,0,322.9,true,156.39,
2020-07-06,2020,28,7,57001,37288,19713,57001,0,0,0,0,325.7,true,175.01,
2020-07-13,2020,29,7,57420,38135,19285,57420,0,0,0,0,327.3,true,175.44,
2020-07-20,2020,30,7,61071,41016,20055,61071,0,0,0,0,325.4,true,187.68,
2020-07-27,2020,31,7,63551,43024,20527,63551,0,0,0,0,327.4,true,194.11,
2020-08-03,2020,32,7,65571,44176,21395,65571,0,0,0,0,330.4,true,198.46,
2020-08-10,2020,33,7,62443,43343,19100,62443,0,0,0,0,330.6,true,188.88,
2020-08-17,2020,34,7,65376,44991,20385,65376,0,0,0,0,330.7,true,197.69,
2020-08-24,2020,35,7,65504,46049,19455,65504,0,0,0,0,327.9,true,199.77,
2020-08-31,2020,36,7,72066,47342,24724,72066,0,0,0,0,330.9,true,217.79,
2020-09-07,2020,37,7,74675,50343,24332,74675,0,0,0,0,329.1,true,226.91,
2020-09-14,2020,38,7,70595,50952,19643,70595,0,0,0,0,330.3,true,213.73,
2020-09-21,2020,39,7,73265,51888,21377,73265,0,0,0,0,330.6,true,221.61,
2020-09-28,2020,40,7,69042,50364,18678,69042,0,0,0,0,333.1,true,207.27,
2020-10-05,2020,41,7,67491,46881,20610,67491,0,0,0,0,336.0,true,200.87,
2020-10-12,2020,42,7,50158,37051,13107,50158,0,0,0,0,328.0,true,152.92,
2020-10-19,2020,43,7,60712,45198,15514,60712,0,0,0,0,336.6,true,180.37,
2020-10-26,2020,44,7,30776,25525,5251,30776,0,0,0,0,306.4,true,100.44,
2020-11-02,2020,45,7,52762,37808,14954,52762,0,0,0,0,328.4,true,160.66,
2020-11-09,2020,46,7,43192,33314,9878,43192,0,0,0,0,313.9,true,137.6,
2020-11-16,2020,47,7,35544,28149,7395,35544,0,0,0,0,296.6,true,119.84,
2020-11-23,2020,48,7,24488,18877,5611,24488,0,0,0,0,278.6,true,87.9,
2020-11-30,2020,49,7,22068,18851,3217,22068,0,0,0,0,257.6,true,85.67,
2020-12-07,2020,50,7,23720,19779,3941,23720,0,0,0,0,265.6,true,89.31,
2020-12-14,2020,51,7,11267,10045,1222,11267,0,0,0,0,212.3,true,53.07,
2020-12-21,2020,52,7,10871,9249,1622,10871,0,0,0,0,228.0,true,47.68,
2020-12-28,2020,53,7,13101,10320,2781,13101,0,0,0,0,250.7,true,52.26,
2021-01-04,2021,1,7,16392,14065,2327,16392,0,0,0,0,254.9,true,64.31,
2021-01-11,2021,2,7,18470,15759,2711,18470,0,0,0,0,259.7,true,71.12,
2021-01-18,2021,3,7,19235,16421,2814,19235,0,0,0,0,257.1,true,74.82,
2021-01-25,2021,4,7,12558,11338,1220,12558,0,0,0,0,231.0,true,54.36,
2021-02-01,2021,5,7,13860,12177,1683,13860,0,0,0,0,235.1,true,58.95,
2021-02-08,2021,6,7,13887,12377,1510,13887,0,0,0,0,235.7,true,58.92,
2021-02-15,2021,7,7,12550,11106,1444,12550,0,0,0,0,234.6,true,53.5,
2021-02-22,2021,8,7,20088,16751,3337,20088,0,0,0,0,258.1,true,77.83,
2021-03-01,2021,9,7,19619,16605,3014,19619,0,0,0,0,253.1,true,77.51,
2021-03-08,2021,10,7,31732,23857,7875,31732,0,0,0,0,278.0,true,114.14,
2021-03-15,2021,11,7,30719,21583,9136,30719,0,0,0,0,275.3,true,111.58,
2021-03-22,2021,12,7,40582,27720,12862,40582,0,0,0,0,291.7,true,139.12,
2021-03-29,2021,13,7,36244,25565,10679,36244,0,0,0,0,292.1,true,124.08,
2021-04-05,2021,14,7,49364,33260,16104,49364,0,0,0,0,309.4,true,159.55,
2021-04-12,2021,15,7,35626,26652,8974,35626,0,0,0,0,303.1,true,117.54,
2021-04-19,2021,16,7,53019,34121,18898,53019,0,0,0,0,330.9,true,160.23,
2021-04-26,2021,17,7,50246,34395,15851,50246,0,0,0,0,335.1,true,149.94,
2021-05-03,2021,18,7,51032,35217,15815,51032,0,0,0,0,332.1,true,153.66,
2021-05-10,2021,19,7,68978,43791,25187,68978,0,0,0,0,348.4,true,197.99,
2021-05-17,2021,20,7,72849,46875,25974,72849,0,0,0,0,350.6,true,207.78,
2021-05-24,2021,21,7,51768,36482,15286,51768,0,0,0,0,338.4,true,152.98,
2021-05-31,2021,22,7,63598,41817,21781,63598,0,0,0,0,352.6,true,180.37,
2021-06-07,2021,23,7,74426,47444,26982,74426,0,0,0,0,357.6,true,208.13,
2021-06-14,2021,24,7,73486,48712,24774,73486,0,0,0,0,360.9,true,203.62,
2021-06-21,2021,25,7,77471,50527,26944,77471,0,0,0,0,365.4,true,212.02,
2021-06-28,2021,26,7,51480,37231,14249,51480,0,0,0,0,349.7,true,147.21,
2021-07-05,2021,27,7,67281,43575,23706,67281,0,0,0,0,364.3,true,184.69,
2021-07-12,2021,28,7,68089,47192,20897,68089,0,0,0,0,363.6,true,187.26,
2021-07-19,2021,29,7,80908,53083,27825,80908,0,0,0,0,374.0,true,216.33,
2021-07-26,2021,30,7,81433,53793,27640,81433,0,0,0,0,378.1,true,215.37,
2021-08-02,2021,31,7,77511,51352,26159,77511,0,0,0,0,378.3,true,204.89,
2021-08-09,2021,32,7,80144,52676,27468,80144,0,0,0,0,377.4,true,212.36,
2021-08-16,2021,33,7,75322,50649,24673,75322,0,0,0,0,374.3,true,201.23,
2021-08-23,2021,34,7,84652,57017,27635,84652,0,0,0,0,380.9,true,222.24,
2021-08-30,2021,35,7,90943,60532,30411,90943,0,0,0,0,381.1,true,238.63,
2021-09-06,2021,36,7,103837,71338,32499,103837,0,0,0,0,379.3,true,273.76,
2021-09-13,2021,37,7,105932,77761,28171,105932,0,0,0,0,382.4,true,277.02,
2021-09-20,2021,38,7,107994,78535,29459,107994,0,0,0,0,379.9,true,284.27,
2021-09-27,2021,39,7,95253,71179,24074,95253,0,0,0,0,379.0,true,251.33,
2021-10-04,2021,40,7,91311,66338,24973,91311,0,0,0,0,374.3,true,243.95,
2021-10-11,2021,41,7,106442,74633,31809,106442,0,0,0,0,378.9,true,280.92,
2021-10-18,2021,42,7,99769,72448,27321,99769,0,0,0,0,380.3,true,262.34,
2021-10-25,2021,43,7,55685,44335,11350,55685,0,0,0,0,352.9,true,157.79,
2021-11-01,2021,44,7,74581,59210,15371,74581,0,0,0,0,367.7,true,202.83,
2021-11-08,2021,45,7,68803,54065,14738,68803,0,0,0,0,351.3,true,195.85,
2021-11-15,2021,46,7,62366,51371,10995,62366,0,0,0,0,341.9,true,182.41,
2021-11-22,2021,47,7,32714,26815,5899,32714,0,0,0,0,319.0,true,102.55,
2021-11-29,2021,48,7,47992,40870,7122,47992,0,0,0,0,321.1,true,149.46,
2021-12-06,2021,49,7,40899,34968,5931,40899,0,0,0,0,306.9,true,133.26,
2021-12-13,2021,50,7,38478,32387,6091,38478,0,0,0,0,303.0,true,126.99,
2021-12-20,2021,51,7,15564,13377,2187,15564,0,0,0,0,260.0,true,59.86,
2021-12-27,2021,52,7,16427,12488,3939,16427,0,0,0,0,280.9,true,58.48,
2022-01-03,2022,1,7,15673,14054,1619,15673,0,0,0,0,266.9,true,58.72,
2022-01-10,2022,2,7,17776,16128,1648,17776,0,0,0,0,268.7,true,66.16,
2022-01-17,2022,3,7,21721,19269,2452,21721,0,0,0,0,276.7,true,78.5,
2022-01-24,2022,4,6,20383,18577,1806,20383,0,0,0,0,266.5,true,76.48,
2022-01-31,2022,5,7,18001,16571,1430,18001,0,0,0,0,257.4,true,69.93,
2022-02-07,2022,6,7,33520,28024,5496,33520,0,0,0,0,294.4,true,113.86,
2022-02-14,2022,7,7,29002,25267,3735,29002,0,0,0,0,289.6,true,100.15,
2022-02-21,2022,8,7,28225,23528,4697,28225,0,0,0,0,284.3,true,99.28,
2022-02-28,2022,9,7,33351,28236,5115,33351,0,0,0,0,295.9,true,112.71,
2022-03-07,2022,10,7,33934,28576,5358,33934,0,0,0,0,302.4,true,112.22,
2022-03-14,2022,11,7,49483,34511,14972,49483,0,0,0,0,329.3,true,150.27,
2022-03-21,2022,12,7,44232,33544,10688,44232,0,0,0,0,329.9,true,134.08,
2022-03-28,2022,13,7,48022,37192,10830,48022,0,0,0,0,333.7,true,143.91,
2022-04-04,2022,14,7,55878,43029,12849,55878,0,0,0,0,345.3,true,161.82,
2022-04-11,2022,15,7,69247,48866,20381,69247,0,0,0,0,356.0,true,194.51,
2022-04-18,2022,16,7,72367,50096,22271,72367,0,0,0,0,364.9,true,198.32,
2022-04-25,2022,17,7,65718,49449,16269,65718,0,0,0,0,376.0,true,174.78,
2022-05-02,2022,18,7,65129,48234,16895,65129,0,0,0,0,376.3,true,173.08,
2022-05-09,2022,19,7,80030,54659,25371,80030,0,0,0,0,389.1,true,205.68,
2022-05-16,2022,20,7,81545,53650,27895,81545,0,0,0,0,389.3,true,209.47,
2022-05-23,2022,21,7,86709,55935,30774,86709,0,0,0,0,390.1,true,222.27,
2022-05-30,2022,22,7,80861,53113,27748,80861,0,0,0,0,392.1,true,206.23,
2022-06-06,2022,23,7,90821,60748,30073,90821,0,0,0,0,397.3,true,228.6,
2022-06-13,2022,24,7,93035,63737,29298,93035,0,0,0,0,398.7,true,233.35,
2022-06-20,2022,25,7,97809,65790,32019,97809,0,0,0,0,402.0,true,243.31,
2022-06-27,2022,26,7,85053,58980,26073,85053,0,0,0,0,398.9,true,213.22,
2022-07-04,2022,27,7,101743,64577,37166,101743,0,0,0,0,404.0,true,251.84,
2022-07-11,2022,28,7,101771,70895,30876,101771,0,0,0,0,402.0,true,253.16,
2022-07-18,2022,29,7,91354,64955,26399,91354,0,0,0,0,398.4,true,229.3,
2022-07-25,2022,30,7,100111,69483,30628,100111,0,0,0,0,402.6,true,248.66,
2022-08-01,2022,31,7,92807,65832,26975,92807,0,0,0,0,400.0,true,232.02,
2022-08-08,2022,32,7,100916,67585,33331,100916,0,0,0,0,400.9,true,251.72,
2022-08-15,2022,33,7,107834,79846,27988,107834,0,0,0,0,405.7,true,265.8,
2022-08-22,2022,34,7,125254,106197,19057,125254,0,0,0,0,418.1,true,299.58,
2022-08-29,2022,35,7,151732,130003,21729,151732,0,0,0,0,421.7,true,359.81,
2022-09-05,2022,36,7,136585,119817,16768,136585,0,0,0,0,415.9,true,328.41,
2022-09-12,2022,37,7,163202,144286,18916,163202,0,0,0,0,424.3,true,384.64,
2022-09-19,2022,38,7,118532,99207,19325,118532,0,0,0,0,413.9,true,286.38,
2022-09-26,2022,39,7,115419,93378,22041,115419,0,0,0,0,411.3,true,280.62,
2022-10-03,2022,40,7,96992,73783,23209,96992,0,0,0,0,410.0,true,236.57,
2022-10-10,2022,41,7,97458,69177,28281,97458,0,0,0,0,412.3,true,236.38,
2022-10-17,2022,42,7,97630,69292,28338,97630,0,0,0,0,405.0,true,241.06,
2022-10-24,2022,43,7,86217,63771,22446,86217,0,0,0,0,392.7,true,219.55,
2022-10-31,2022,44,7,101139,73376,27763,101139,0,0,0,0,390.9,true,258.73,
2022-11-07,2022,45,7,82578,62194,20384,82578,0,0,0,0,372.7,true,221.57,
2022-11-14,2022,46,7,58272,48171,10101,58272,0,0,0,0,348.7,true,167.11,
2022-11-21,2022,47,7,38522,30580,7942,38522,0,0,0,0,340.1,true,113.27,
2022-11-28,2022,48,7,51056,43066,7990,51056,0,0,0,0,341.0,true,149.72,
2022-12-05,2022,49,7,47356,39825,7531,47356,0,0,0,0,333.9,true,141.83,
2022-12-12,2022,50,7,31852,27370,4482,31852,0,0,0,0,316.6,true,100.61,
2022-12-19,2022,51,7,19894,17317,2577,19894,0,0,0,0,284.4,true,69.95,
2022-12-26,2022,52,7,18798,13567,5231,18798,0,0,0,0,311.9,true,60.27,
2023-01-02,2023,1,7,24619,20303,4316,24619,0,0,0,0,318.6,true,77.27,
2023-01-09,2023,2,7,31891,27622,4269,31891,0,0,0,0,314.6,true,101.37,
2023-01-16,2023,3,7,30206,26047,4159,30206,0,0,0,0,309.9,true,97.47,
2023-01-23,2023,4,7,37534,31044,6490,37534,0,0,0,0,311.4,true,120.53,
2023-01-30,2023,5,7,32553,28642,3911,32553,0,0,0,0,299.0,true,108.87,
2023-02-06,2023,6,7,47411,39250,8161,47411,0,0,0,0,328.1,true,144.5,
2023-02-13,2023,7,7,46905,38891,8014,46905,0,0,0,0,331.6,true,141.45,
2023-02-20,2023,8,7,30528,25829,4699,30528,0,0,0,0,305.6,true,99.9,
2023-02-27,2023,9,7,35199,30314,4885,35199,0,0,0,0,310.0,true,113.55,
2023-03-06,2023,10,7,43368,36613,6755,43368,0,0,0,0,330.3,true,131.3,
2023-03-13,2023,11,7,40154,31377,8777,40154,0,0,0,0,318.4,true,126.11,
2023-03-20,2023,12,7,53095,41534,11561,53095,0,0,0,0,350.4,true,151.53,
2023-03-27,2023,13,7,48123,37595,10528,48123,0,0,0,0,353.1,true,136.29,
2023-04-03,2023,14,7,61565,46680,14885,61565,0,0,0,0,372.6,true,165.23,
2023-04-10,2023,15,7,88118,58859,29259,88118,0,0,0,0,397.1,true,221.9,
2023-04-17,2023,16,7,64638,47893,16745,64638,0,0,0,0,382.0,true,169.21,
2023-04-24,2023,17,7,66278,51564,14714,66278,0,0,0,0,392.7,true,168.78,
2023-05-01,2023,18,7,80864,56772,24092,80864,0,0,0,0,407.6,true,198.39,
2023-05-08,2023,19,7,94554,62802,31752,94554,0,0,0,0,415.7,true,227.46,
2023-05-15,2023,20,7,82082,56885,25197,82082,0,0,0,0,409.3,true,200.54,
2023-05-22,2023,21,7,88821,57245,31576,88821,0,0,0,0,419.7,true,211.63,
2023-05-29,2023,22,7,74281,52020,22261,74281,0,0,0,0,413.7,true,179.55,
2023-06-05,2023,23,7,80824,57718,23106,80824,0,0,0,0,420.6,true,192.16,
2023-06-12,2023,24,7,82880,58605,24275,82880,0,0,0,0,419.1,true,197.76,
2023-06-19,2023,25,7,95696,65049,30647,95696,0,0,0,0,427.9,true,223.64,
2023-06-26,2023,26,7,86804,61342,25462,86804,0,0,0,0,422.0,true,205.7,
2023-07-03,2023,27,7,87662,57741,29921,87662,0,0,0,0,420.7,true,208.37,
2023-07-10,2023,28,7,86541,62139,24402,86541,0,0,0,0,419.3,true,206.39,
2023-07-17,2023,29,7,106830,73642,33188,106830,0,0,0,0,428.9,true,249.08,
2023-07-24,2023,30,7,93951,66243,27708,93951,0,0,0,0,429.9,true,218.54,
2023-07-31,2023,31,7,109269,73768,35501,109269,0,0,0,0,435.9,true,250.67,
2023-08-07,2023,32,7,98257,66536,31721,98257,0,0,0,0,432.6,true,227.13,
2023-08-14,2023,33,7,94078,63186,30892,94078,0,0,0,0,428.4,true,219.6,
2023-08-21,2023,34,7,93695,64266,29429,93695,0,0,0,0,425.4,true,220.25,
2023-08-28,2023,35,7,99342,67920,31422,99342,0,0,0,0,428.7,true,231.73,
2023-09-04,2023,36,7,101533,72282,29251,101533,0,0,0,0,421.3,true,241.0,
2023-09-11,2023,37,7,104761,76470,28291,104761,0,0,0,0,425.7,true,246.09,
2023-09-18,2023,38,7,89967,68030,21937,89967,0,0,0,0,414.1,true,217.26,
2023-09-25,2023,39,7,92227,69685,22542,92227,0,0,0,0,421.3,true,218.91,
2023-10-02,2023,40,7,106824,78056,28768,106824,0,0,0,0,429.3,true,248.83,
2023-10-09,2023,41,7,100115,73434,26681,100115,0,0,0,0,429.4,true,233.15,
2023-10-16,2023,42,7,90332,68324,22008,90332,0,0,0,0,425.1,true,212.5,
2023-10-23,2023,43,7,102087,74808,27279,102087,0,0,0,0,429.0,true,237.97,
2023-10-30,2023,44,7,78296,60809,17487,78296,0,0,0,0,405.1,true,193.28,
2023-11-06,2023,45,7,67598,54004,13594,67598,0,0,0,0,393.6,true,171.74,
2023-11-13,2023,46,7,68838,55360,13478,68838,0,0,0,0,387.3,true,177.74,
2023-11-20,2023,47,7,36167,29011,7156,36167,0,0,0,0,360.4,true,100.35,
2023-11-27,2023,48,7,56223,45862,10361,56223,0,0,0,0,362.0,true,155.31,
2023-12-04,2023,49,7,52027,42685,9342,52025,2,0,0,0,358.3,true,145.21,
2023-12-11,2023,50,7,48538,39617,8921,48530,8,0,0,0,360.0,true,134.83,
2023-12-18,2023,51,7,28976,24269,4707,27383,1593,0,0,2,340.3,true,85.14,
2023-12-25,2023,52,7,17252,12428,4824,15952,1300,0,0,5,337.3,true,51.13,
2024-01-01,2024,1,7,27928,23280,4648,23954,3974,0,0,7,337.9,true,82.63,
2024-01-08,2024,2,7,41529,34459,7070,30607,10922,0,0,14,360.9,true,115.03,
2024-01-15,2024,3,7,29003,25172,3831,18925,10078,0,0,32,335.6,true,86.33,
2024-01-22,2024,4,7,44170,36932,7238,29515,14655,0,0,54,357.0,true,123.57,
2024-01-29,2024,5,7,50548,42617,7931,34197,16351,0,0,95,368.3,true,136.99,
2024-02-05,2024,6,7,62323,49752,12571,42361,19962,0,0,164,382.6,true,162.46,
2024-02-12,2024,7,7,48405,40181,8224,31553,16852,0,0,38,364.6,true,132.66,
2024-02-19,2024,8,7,53199,43167,10032,34531,18668,0,0,5,373.0,true,142.61,
2024-02-26,2024,9,7,58619,47307,11312,38847,19772,0,0,5,377.4,true,155.31,
2024-03-04,2024,10,7,55934,45088,10846,36774,19160,0,0,6,378.9,true,147.61,
2024-03-11,2024,11,7,68325,51466,16859,46984,21341,0,0,15,388.1,true,176.01,
2024-03-18,2024,12,7,55802,45483,10319,36784,19018,0,0,7,379.7,true,146.94,
2024-03-25,2024,13,7,56226,42350,13876,37726,18500,0,0,8,394.4,true,142.54,
2024-04-01,2024,14,7,55521,45037,10484,36790,18731,0,0,22,395.9,true,140.18,
2024-04-08,2024,15,7,81467,59537,21930,57264,24203,0,0,15,425.3,true,191.52,
2024-04-15,2024,16,7,92780,65270,27510,68928,23852,0,0,13,436.7,true,212.43,
2024-04-22,2024,17,7,95851,69019,26832,73293,22558,0,0,10,437.0,true,219.32,
2024-04-29,2024,18,7,88301,64155,24146,68612,19689,0,0,7,437.9,true,201.63,
2024-05-06,2024,19,7,96575,67331,29244,75467,21108,0,0,9,444.6,true,217.2,
2024-05-13,2024,20,7,92517,66152,26365,70435,22082,0,0,6,453.0,true,204.22,
2024-05-20,2024,21,7,110647,71545,39102,86978,23669,0,0,9,457.1,true,242.04,
2024-05-27,2024,22,7,106056,67372,38684,86225,19831,0,0,9,456.6,true,232.25,
2024-06-03,2024,23,7,114244,75588,38656,91314,22930,0,0,8,460.0,true,248.34,
2024-06-10,2024,24,7,116082,77355,38727,91565,24517,0,0,8,461.1,true,251.73,
2024-06-17,2024,25,7,102789,67940,34849,79654,23135,0,0,10,459.0,true,223.92,
2024-06-24,2024,26,7,111890,75433,36457,87118,24772,0,0,10,465.9,true,240.14,
2024-07-01,2024,27,7,101647,62612,39035,78639,23008,0,0,16,468.1,true,217.11,
2024-07-08,2024,28,7,117409,73713,43696,88798,28611,0,0,24,467.7,true,250.98,
2024-07-15,2024,29,7,132473,86124,46349,100402,32071,0,0,19,475.1,true,278.79,
2024-07-22,2024,30,7,135679,87193,48486,102967,32712,0,0,20,469.3,true,289.07,
2024-07-29,2024,31,7,118301,80326,37975,88740,29561,0,0,43,472.0,true,250.55,
2024-08-05,2024,32,7,113226,76086,37140,86188,27038,0,0,42,472.7,true,239.44,
2024-08-12,2024,33,7,119709,80656,39053,90637,29072,0,0,40,477.6,true,250.56,
2024-08-19,2024,34,7,127216,82947,44269,95275,31941,0,0,35,479.0,true,265.51,
2024-08-26,2024,35,7,131055,86131,44924,97493,33562,0,0,41,479.3,true,273.34,
2024-09-02,2024,36,7,139048,94258,44790,104842,34206,0,0,33,481.0,true,289.01,
2024-09-09,2024,37,7,149281,103883,45398,114252,35029,0,0,48,479.6,true,311.16,
2024-09-16,2024,38,7,125262,92101,33161,96089,29173,0,0,36,473.0,true,264.75,
2024-09-23,2024,39,7,132421,95071,37350,101225,31196,0,0,40,481.1,true,275.16,
2024-09-30,2024,40,7,139776,99673,40103,106938,32838,0,0,43,487.1,true,286.87,
2024-10-07,2024,41,7,119021,85392,33629,89444,29577,0,0,46,487.3,true,244.15,
2024-10-14,2024,42,7,121082,84050,37032,90988,30094,0,0,46,488.1,true,247.97,
2024-10-21,2024,43,7,131643,94575,37068,99053,32590,0,0,32,493.1,true,266.91,
2024-10-28,2024,44,7,120728,89354,31374,90183,30545,0,0,24,490.6,true,246.03,
2024-11-04,2024,45,7,115685,85888,29797,85536,30149,0,0,27,489.4,true,236.33,
2024-11-11,2024,46,7,100283,76422,23861,73363,26920,0,0,43,478.4,true,209.53,
2024-11-18,2024,47,7,88095,67881,20214,64395,23700,0,0,16,461.1,true,191.02,
2024-11-25,2024,48,7,49773,39683,10090,35132,14641,0,0,16,438.1,true,113.57,
2024-12-02,2024,49,7,64799,53864,10935,45706,19093,0,0,9,441.6,true,146.72,
2024-12-09,2024,50,7,50973,41958,9015,33986,16987,0,0,54,421.6,true,120.78,
2024-12-16,2024,51,7,43439,36254,7185,28843,14596,0,0,17,397.0,true,109.38,
2024-12-23,2024,52,7,15922,12709,3213,9654,6268,0,0,8,366.0,true,43.48,
2024-12-30,2025,1,7,28367,22554,5813,18794,9573,0,0,9,403.0,true,70.37,
2025-01-06,2025,2,7,33960,29981,3979,22104,11856,0,0,17,395.1,true,85.91,
2025-01-13,2025,3,7,43313,37308,6005,28706,14607,0,0,11,410.4,true,105.51,
2025-01-20,2025,4,7,33158,28844,4314,21017,12141,0,0,21,393.0,true,84.32,
2025-01-27,2025,5,7,40532,35338,5194,26292,14240,0,0,10,405.7,true,99.88,
2025-02-03,2025,6,7,41507,36167,5340,28136,13371,0,0,10,405.1,true,102.44,
2025-02-10,2025,7,7,38168,33358,4810,25293,12875,0,0,11,387.3,true,98.52,
2025-02-17,2025,8,7,35168,29939,5229,22344,12824,0,0,8,386.7,true,90.92,
2025-02-24,2025,9,7,54544,45212,9332,36862,17682,0,0,14,423.9,true,128.64,
2025-03-03,2025,10,7,50585,42583,8002,33582,17003,0,0,14,431.1,true,117.31,
2025-03-10,2025,11,7,76216,56799,19417,52898,23318,0,0,28,459.1,true,165.95,
2025-03-17,2025,12,7,61891,47707,14184,41939,19952,0,0,31,455.9,true,135.69,
2025-03-24,2025,13,7,61431,48805,12626,40990,20441,0,0,17,459.6,true,133.62,
2025-03-31,2025,14,7,72841,56202,16639,50723,22118,0,0,30,474.1,true,153.58,
2025-04-07,2025,15,7,59640,48858,10782,39272,20368,0,0,27,456.6,true,130.56,
2025-04-14,2025,16,7,102488,69677,32811,72455,30033,0,0,36,502.6,true,203.84,
2025-04-21,2025,17,7,98248,67531,30717,69543,28705,0,0,38,502.1,true,195.6,
2025-04-28,2025,18,7,111638,77609,34029,81166,30472,0,0,36,509.6,true,219.0,
2025-05-05,2025,19,7,84716,60997,23719,59981,24735,0,0,20,498.3,true,169.97,
2025-05-12,2025,20,7,113731,76851,36880,84831,28900,0,0,25,521.1,true,218.2,
2025-05-19,2025,21,7,76708,54705,22003,54676,22032,0,0,13,500.1,true,153.36,
2025-05-26,2025,22,7,106536,71781,34755,80286,26250,0,0,39,523.4,true,203.47,
2025-06-02,2025,23,7,115279,78444,36835,84606,30673,0,0,34,526.7,true,218.81,
2025-06-09,2025,24,7,112791,77698,35093,80905,31886,0,0,29,526.3,true,214.25,
2025-06-16,2025,25,7,113529,75868,37661,79933,33596,0,0,26,532.0,true,213.35,
2025-06-23,2025,26,7,116122,78576,37546,81952,34170,0,0,34,531.3,true,218.5,
2025-06-30,2025,27,7,113558,71559,41999,81817,31741,0,0,47,532.3,true,213.25,
2025-07-07,2025,28,7,119595,79019,40576,88446,31149,0,0,64,533.6,true,224.01,
2025-07-14,2025,29,7,129581,85223,44358,98216,31365,0,0,77,538.9,true,240.31,
2025-07-21,2025,30,7,128187,85912,42275,97469,30718,0,0,66,540.4,true,237.09,
2025-07-28,2025,31,7,120241,79705,40536,89017,31224,0,0,41,545.6,true,220.31,
2025-08-04,2025,32,7,132465,86944,45521,96377,36088,0,0,50,550.6,true,240.49,
2025-08-11,2025,33,7,122496,81607,40889,88840,33656,0,0,63,549.9,true,222.65,
2025-08-18,2025,34,7,115679,76867,38812,83845,31834,0,0,47,551.9,true,209.52,
2025-08-25,2025,35,7,123292,81201,42091,91810,31482,0,0,34,553.1,true,222.85,
2025-09-01,2025,36,7,125974,85140,40834,95132,30842,0,0,40,550.4,true,228.8,
2025-09-08,2025,37,7,145413,99046,46367,109982,35431,0,0,39,558.1,true,260.48,
2025-09-15,2025,38,7,145178,100552,44626,109124,36054,0,0,42,563.9,true,257.38,
2025-09-22,2025,39,7,128698,88078,40620,96229,32469,0,0,35,561.1,true,229.3,
2025-09-29,2025,40,7,142721,98865,43856,105767,36954,0,0,42,568.0,true,251.2,
2025-10-06,2025,41,7,119220,84440,34780,86767,32453,0,0,47,564.4,true,211.15,
2025-10-13,2025,42,7,105256,71175,34081,75961,29295,0,0,55,544.3,true,193.28,
2025-10-20,2025,43,7,113669,81119,32550,81103,32566,0,0,44,565.7,true,200.86,
2025-10-27,2025,44,7,103486,75936,27550,72213,31273,0,0,28,562.0,true,184.09,
2025-11-03,2025,45,7,101793,75608,26185,72237,29556,0,0,29,553.1,true,183.99,
2025-11-10,2025,46,7,80893,62581,18312,54934,25959,0,0,43,529.9,true,152.58,
2025-11-17,2025,47,7,79699,63904,15795,54216,25483,0,0,32,524.4,true,151.92,
2025-11-24,2025,48,7,52093,40580,11513,34588,17505,0,0,17,503.7,true,103.39,
2025-12-01,2025,49,7,59150,48663,10487,37997,21153,0,0,47,497.9,true,118.7,
2025-12-08,2025,50,7,54400,44787,9613,33869,20531,0,0,19,482.9,true,112.61,
2025-12-15,2025,51,7,47680,38793,8887,29237,18443,0,0,26,482.1,true,98.85,
2025-12-22,2025,52,7,18145,14940,3205,9986,8159,0,0,12,422.6,true,42.91,
2025-12-29,2026,1,7,18625,15240,3385,10333,8292,0,0,12,427.3,true,43.56,
2026-01-05,2026,2,7,43176,35880,7296,27480,15696,0,0,33,479.4,true,89.99,
2026-01-12,2026,3,7,49690,41719,7971,32483,17207,0,0,35,484.0,true,102.59,
2026-01-19,2026,4,7,34017,29489,4528,21726,12291,0,0,20,440.1,true,77.25,
2026-01-26,2026,5,7,16983,14671,2312,10532,6451,0,0,35,365.4,true,46.38,
2026-02-02,2026,6,7,31526,27664,3862,19414,12112,0,0,19,428.3,true,73.56,
2026-02-09,2026,7,7,38474,32670,5804,24090,14384,0,0,23,455.9,true,84.34,
2026-02-16,2026,8,7,38667,32659,6008,24466,14201,0,0,20,458.6,true,84.27,
2026-02-23,2026,9,7,29460,24030,5430,19122,10338,0,0,17,377.0,true,78.1,
2026-03-02,2026,10,7,43377,35599,7778,28793,14584,0,0,22,470.3,true,92.19,
2026-03-09,2026,11,7,69206,52049,17157,47856,21350,0,0,27,506.1,true,136.69,
2026-03-16,2026,12,7,51919,40233,11686,33438,18481,0,0,22,492.0,true,105.48,
2026-03-23,2026,13,7,62723,47940,14783,41870,20853,0,0,37,505.9,true,123.91,
2026-03-30,2026,14,7,68691,51416,17275,46442,22249,0,0,23,518.9,true,132.33,
2026-04-06,2026,15,7,82396,59921,22475,56949,25447,0,0,40,538.7,true,152.88,
2026-04-13,2026,16,7,91396,65154,26242,64382,27014,0,0,71,544.1,true,167.85,
2026-04-20,2026,17,7,92284,62690,29594,65412,26872,0,0,37,554.6,true,166.33,
2026-04-27,2026,18,7,93634,67116,26518,64172,29462,0,0,38,559.4,true,167.31,
2026-05-04,2026,19,7,99676,69368,30308,70522,29154,0,0,43,565.0,true,176.34,
2026-05-11,2026,20,7,99819,67818,32001,70060,29759,0,0,39,568.6,true,175.48,
2026-05-18,2026,21,7,96445,66941,29504,67546,28899,0,0,53,566.0,true,170.3,
2026-05-25,2026,22,7,98083,66459,31624,69099,28984,0,0,37,570.7,true,171.8,
2026-06-01,2026,23,7,118738,79595,39143,86428,32310,0,0,62,583.1,true,203.53,
2026-06-08,2026,24,7,124514,83064,41450,91662,32852,0,0,49,586.9,true,212.07,
2026-06-15,2026,25,7,121130,78840,42290,89653,31477,0,0,35,586.0,true,206.65,
2026-06-22,2026,26,7,116704,74112,42592,86884,29820,0,0,57,582.1,true,200.39,
2026-06-29,2026,27,7,102517,66599,35918,75028,27489,0,0,50,581.0,true,176.36,
2026-07-06,2026,28,7,115290,73768,41522,87009,28281,0,0,42,574.9,true,200.47,
2026-07-13,2026,29,7,122718,82100,40618,93014,29704,0,0,51,585.7,true,209.44,
2026-07-20,2026,30,7,134660,85119,49541,98998,35662,0,0,60,584.9,true,230.12,
2026-07-27,2026,31,7,125098,81398,43700,86835,38263,0,0,73,584.3,true,213.97,
2026-08-03,2026,32,7,124624,81391,43233,80893,43731,0,0,104,587.0,true,212.13,
2026-08-10,2026,33,7,139150,89529,49621,87984,51166,0,0,83,594.9,true,233.77,
2026-08-17,2026,34,7,123596,82930,40666,75988,47608,0,0,69,594.3,true,207.85,
2026-08-24,2026,35,7,138474,91420,47054,85152,53322,0,0,81,602.9,true,229.55,
2026-08-31,2026,36,1,20151,14128,6023,12651,7500,0,0,12,595.0,false,33.85,
