report_year,fall_year,harvard_students,mit_students,lesley_students,hult_students,cambridge_college_students,degree_students,non_degree_students,undergrad_students,graduate_students,postdocs,students_in_dorms,students_in_affiliate_housing,students_off_campus
2000,1999,20529,9878,2624,,1908,29061,5878,12504,16557,,12915,1517,3780
2001,2000,20975,9982,3958,,2154,30649,6420,13429,17220,,12848,1588,4979
2002,2001,20791,10097,3776,,2451,31049,6066,13131,17918,,12733,1626,5297
2003,2002,21273,10222,3492,,1876,30266,6597,12725,17541,,12641,1383,5200
2004,2003,21201,10230,4690,,1918,31773,6266,13169,18604,,13865,1547,5324
2005,2004,20991,10235,5140,,1936,32240,6062,13431,18809,,13973,1640,5434
2006,2005,21332,10110,4713,,1992,32065,6082,13441,18624,,13948,1564,5441
2007,2006,22086,10164,5487,,2195,32999,6933,13549,19450,,13947,1535,5396
2008,2007,21972,10117,6503,,3271,34072,7791,13970,20102,,13741,1735,5254
2009,2008,22814,10205,6979,,3633,34871,8760,14229,20642,,14141,1907,5672
2010,2009,23897,10312,6596,212,3834,36069,8782,14612,21457,,14356,1838,5652
2011,2010,23820,10478,5839,262,3484,36298,7585,14754,21544,,14183,1843,6022
2012,2011,23668,10795,6783,277,3096,35723,8896,14774,20949,,14466,1762,5832
2013,2012,23758,11071,6959,288,2946,35833,9189,14775,21058,,14004,2195,5792
2014,2013,24357,11220,6915,579,2796,35928,9939,14718,21210,2411,14294,2008,6068
2015,2014,24827,11240,6813,720,2905,36227,10278,14655,21572,2578,14119,1867,6427
2016,2015,25547,11237,6325,750,2631,36091,10399,14632,21549,2679,14332,1706,6638
2017,2016,25812,11279,6474,1018,0,34445,10138,13736,20709,2581,14101,2033,6532
2018,2017,26609,11381,6013,1055,0,34931,10127,13979,20952,2664,13964,1975,6713
2019,2018,27476,11487,6379,1244,0,35854,10732,14357,21497,2596,14589,1908,6950
2020,2019,27502,11455,5176,671,0,35422,9382,14058,21364,2504,14322,2028,6269
2021,2020,26470,11210,6800,1322,0,34445,11357,12635,21810,2208,5114,1091,5538
2022,2021,27127,11876,4490,1470,0,37499,7564,14697,22802,2302,14346,2080,7657
2023,2022,25387,11826,3258,1610,0,36100,5981,14579,21521,2370,14644,2206,8113
2024,2023,25206,11892,3009,1416,0,35289,6234,14264,21025,2423,14456,2094,7932
2025,2024,25167,11867,2900,1254,0,34851,6337,13862,21025,2286,14920,2024,7634
