unitid,name,municipality,in_study_area,fall_year,total,undergrad,graduate,full_time,full_time_undergrad,full_time_graduate,part_time,distance_only,distance_only_undergrad,distance_only_graduate,in_person,in_person_undergrad,in_person_graduate
164368,Hult International Business School,Cambridge,true,2015,1465,307,1158,1465,307,1158,0,0,0,0,1465,307,1158
164368,Hult International Business School,Cambridge,true,2016,2843,481,2362,2843,481,2362,0,0,0,0,2843,481,2362
164368,Hult International Business School,Cambridge,true,2017,2798,512,2286,2798,512,2286,0,0,0,0,2798,512,2286
164368,Hult International Business School,Cambridge,true,2018,3065,574,2491,2984,574,2410,81,0,0,0,3065,574,2491
164368,Hult International Business School,Cambridge,true,2019,2349,761,1588,2287,761,1526,62,0,0,0,2349,761,1588
164368,Hult International Business School,Cambridge,true,2020,1814,624,1190,1699,624,1075,115,1033,366,667,781,258,523
164368,Hult International Business School,Cambridge,true,2021,2214,638,1576,1978,638,1340,236,142,0,142,2072,638,1434
164368,Hult International Business School,Cambridge,true,2022,2176,682,1494,1815,682,1133,361,317,0,317,1859,682,1177
164368,Hult International Business School,Cambridge,true,2023,2003,694,1309,1620,694,926,383,367,0,367,1636,694,942
164438,New England College of Business and Finance,Boston,true,2015,1158,930,228,340,256,84,818,1158,930,228,0,0,0
164438,New England College of Business and Finance,Boston,true,2016,1131,910,221,377,296,81,754,1131,910,221,0,0,0
164438,New England College of Business and Finance,Boston,true,2017,1175,941,234,227,150,77,948,1175,941,234,0,0,0
164438,New England College of Business and Finance,Boston,true,2018,1237,1053,184,297,238,59,940,1237,1053,184,0,0,0
164614,Boston Baptist College,Boston,true,2015,85,85,0,66,66,0,19,0,0,0,85,85,0
164614,Boston Baptist College,Boston,true,2016,77,77,0,52,52,0,25,0,0,0,77,77,0
164614,Boston Baptist College,Boston,true,2017,80,80,0,57,57,0,23,2,2,0,78,78,0
164614,Boston Baptist College,Boston,true,2018,81,81,0,45,45,0,36,0,0,0,81,81,0
164614,Boston Baptist College,Boston,true,2019,63,63,0,32,32,0,31,0,0,0,63,63,0
164614,Boston Baptist College,Boston,true,2020,60,60,0,41,41,0,19,0,0,0,60,60,0
164614,Boston Baptist College,Boston,true,2021,42,42,0,32,32,0,10,0,0,0,42,42,0
164614,Boston Baptist College,Boston,true,2022,43,43,0,31,31,0,12,0,0,0,43,43,0
164614,Boston Baptist College,Boston,true,2023,33,33,0,23,23,0,10,0,0,0,33,33,0
164641,Bay State College,Boston,true,2015,1069,1069,0,650,650,0,419,80,80,0,989,989,0
164641,Bay State College,Boston,true,2016,889,889,0,524,524,0,365,127,127,0,762,762,0
164641,Bay State College,Boston,true,2017,717,717,0,430,430,0,287,117,117,0,600,600,0
164641,Bay State College,Boston,true,2018,700,700,0,369,369,0,331,103,103,0,597,597,0
164641,Bay State College,Boston,true,2019,609,609,0,314,314,0,295,118,118,0,491,491,0
164641,Bay State College,Boston,true,2020,325,325,0,192,192,0,133,66,66,0,259,259,0
164641,Bay State College,Boston,true,2021,346,346,0,182,182,0,164,67,67,0,279,279,0
164641,Bay State College,Boston,true,2022,224,224,0,120,120,0,104,56,56,0,168,168,0
164748,Berklee College of Music,Boston,true,2015,5289,5112,177,4432,4285,147,857,619,607,12,4670,4505,165
164748,Berklee College of Music,Boston,true,2016,6405,5972,433,5267,4875,392,1138,943,913,30,5462,5059,403
164748,Berklee College of Music,Boston,true,2017,6762,6282,480,5314,4881,433,1448,1168,1144,24,5594,5138,456
164748,Berklee College of Music,Boston,true,2018,6963,6400,563,5459,4962,497,1504,1297,1201,96,5666,5199,467
164748,Berklee College of Music,Boston,true,2019,6999,6439,560,5517,5041,476,1482,1335,1222,113,5664,5217,447
164748,Berklee College of Music,Boston,true,2020,6631,6004,627,4795,4224,571,1836,6516,6004,512,115,0,115
164748,Berklee College of Music,Boston,true,2021,7943,7177,766,6133,5494,639,1810,1993,1695,298,5950,5482,468
164748,Berklee College of Music,Boston,true,2022,8282,7499,783,6521,5939,582,1761,1854,1548,306,6428,5951,477
164748,Berklee College of Music,Boston,true,2023,8448,7608,840,6680,6035,645,1768,1888,1568,320,6560,6040,520
164872,Boston Architectural College,Boston,true,2015,770,390,380,673,329,344,97,0,0,0,770,390,380
164872,Boston Architectural College,Boston,true,2016,737,365,372,647,305,342,90,0,0,0,737,365,372
164872,Boston Architectural College,Boston,true,2017,695,344,351,641,306,335,54,0,0,0,695,344,351
164872,Boston Architectural College,Boston,true,2018,663,337,326,580,273,307,83,122,46,76,541,291,250
164872,Boston Architectural College,Boston,true,2019,737,364,373,621,265,356,116,179,67,112,558,297,261
164872,Boston Architectural College,Boston,true,2020,742,336,406,639,251,388,103,742,336,406,0,0,0
164872,Boston Architectural College,Boston,true,2021,728,290,438,616,207,409,112,517,197,320,211,93,118
164872,Boston Architectural College,Boston,true,2022,747,297,450,631,206,425,116,375,115,260,372,182,190
164872,Boston Architectural College,Boston,true,2023,787,306,481,526,161,365,261,377,98,279,410,208,202
164915,Boston Graduate School of Psychoanalysis Inc,Brookline,true,2015,143,0,143,37,0,37,106,0,0,0,143,0,143
164915,Boston Graduate School of Psychoanalysis Inc,Brookline,true,2016,146,0,146,37,0,37,109,0,0,0,146,0,146
164915,Boston Graduate School of Psychoanalysis Inc,Brookline,true,2017,144,0,144,48,0,48,96,0,0,0,144,0,144
164915,Boston Graduate School of Psychoanalysis Inc,Brookline,true,2018,135,0,135,43,0,43,92,0,0,0,135,0,135
164915,Boston Graduate School of Psychoanalysis Inc,Brookline,true,2019,130,0,130,41,0,41,89,0,0,0,130,0,130
164915,Boston Graduate School of Psychoanalysis Inc,Brookline,true,2020,142,0,142,56,0,56,86,142,0,142,0,0,0
164915,Boston Graduate School of Psychoanalysis Inc,Brookline,true,2021,163,0,163,66,0,66,97,54,0,54,109,0,109
164915,Boston Graduate School of Psychoanalysis Inc,Brookline,true,2022,155,0,155,57,0,57,98,5,0,5,150,0,150
164915,Boston Graduate School of Psychoanalysis Inc,Brookline,true,2023,169,0,169,60,0,60,109,4,0,4,165,0,165
164924,Boston College,Newton,false,2015,14354,9796,4558,13069,9541,3528,1285,11,11,0,14343,9785,4558
164924,Boston College,Newton,false,2016,14466,9870,4596,13150,9647,3503,1316,39,9,30,14427,9861,4566
164924,Boston College,Newton,false,2017,14628,9921,4707,13209,9681,3528,1419,140,35,105,14488,9886,4602
164924,Boston College,Newton,false,2018,14720,9927,4793,13165,9696,3469,1555,189,38,151,14531,9889,4642
164924,Boston College,Newton,false,2019,14747,9901,4846,13077,9666,3411,1670,285,34,251,14462,9867,4595
164924,Boston College,Newton,false,2020,14934,9780,5154,13028,9571,3457,1906,1505,397,1108,13429,9383,4046
164924,Boston College,Newton,false,2021,15561,9939,5622,13610,9717,3893,1951,774,93,681,14787,9846,4941
164924,Boston College,Newton,false,2022,15287,9982,5305,13437,9757,3680,1850,814,118,696,14473,9864,4609
164924,Boston College,Newton,false,2023,15280,10083,5197,13467,9856,3611,1813,768,121,647,14512,9962,4550
164933,The Boston Conservatory,Boston,true,2015,798,563,235,788,559,229,10,0,0,0,798,563,235
164988,Boston University,Boston,true,2015,32158,17932,14226,25999,16585,9414,6159,2380,87,2293,29778,17845,11933
164988,Boston University,Boston,true,2016,32695,17944,14751,26340,16628,9712,6355,2658,117,2541,30037,17827,12210
164988,Boston University,Boston,true,2017,33355,18080,15275,26986,16840,10146,6369,2639,88,2551,30716,17992,12724
164988,Boston University,Boston,true,2018,34657,18515,16142,28287,17396,10891,6370,2534,95,2439,32123,18420,13703
164988,Boston University,Boston,true,2019,33720,17983,15737,27554,16978,10576,6166,2309,74,2235,31411,17909,13502
164988,Boston University,Boston,true,2020,32718,16872,15846,26272,16026,10246,6446,2849,87,2762,29869,16785,13084
164988,Boston University,Boston,true,2021,36104,18229,17875,29047,17460,11587,7057,4032,128,3904,32072,18101,13971
164988,Boston University,Boston,true,2022,36714,18459,18255,29251,17734,11517,7463,4044,98,3946,32670,18361,14309
164988,Boston University,Boston,true,2023,36624,18656,17968,29104,17899,11205,7520,4087,103,3984,32537,18553,13984
165112,Bunker Hill Community College,Boston,true,2015,13142,13142,0,4096,4096,0,9046,696,696,0,12446,12446,0
165112,Bunker Hill Community College,Boston,true,2016,13253,13253,0,4288,4288,0,8965,697,697,0,12556,12556,0
165112,Bunker Hill Community College,Boston,true,2017,11881,11881,0,4128,4128,0,7753,726,726,0,11155,11155,0
165112,Bunker Hill Community College,Boston,true,2018,12522,12522,0,4156,4156,0,8366,843,843,0,11679,11679,0
165112,Bunker Hill Community College,Boston,true,2019,11769,11769,0,4053,4053,0,7716,783,783,0,10986,10986,0
165112,Bunker Hill Community College,Boston,true,2020,9924,9924,0,3459,3459,0,6465,9144,9144,0,780,780,0
165112,Bunker Hill Community College,Boston,true,2021,9371,9371,0,2509,2509,0,6862,7439,7439,0,1932,1932,0
165112,Bunker Hill Community College,Boston,true,2022,8365,8365,0,2825,2825,0,5540,4588,4588,0,3777,3777,0
165112,Bunker Hill Community College,Boston,true,2023,8545,8545,0,3168,3168,0,5377,2745,2745,0,5800,5800,0
165167,Cambridge College,Boston,true,2015,2800,1209,1591,1135,418,717,1665,0,0,0,2800,1209,1591
165167,Cambridge College,Boston,true,2016,2430,850,1580,721,239,482,1709,0,0,0,2430,850,1580
165167,Cambridge College,Boston,true,2017,2261,750,1511,910,221,689,1351,0,0,0,2261,750,1511
165167,Cambridge College,Boston,true,2018,2234,730,1504,874,176,698,1360,88,25,63,2146,705,1441
165167,Cambridge College,Boston,true,2019,2356,787,1569,842,190,652,1514,414,127,287,1942,660,1282
165167,Cambridge College,Boston,true,2020,2764,1165,1599,757,239,518,2007,782,540,242,1982,625,1357
165167,Cambridge College,Boston,true,2021,2451,988,1463,631,174,457,1820,746,539,207,1705,449,1256
165167,Cambridge College,Boston,true,2022,2135,840,1295,487,109,378,1648,703,459,244,1432,381,1051
165167,Cambridge College,Boston,true,2023,1952,717,1235,497,102,395,1455,1194,538,656,758,179,579
165662,Emerson College,Boston,true,2015,4479,3808,671,4328,3732,596,151,0,0,0,4479,3808,671
165662,Emerson College,Boston,true,2016,4442,3801,641,4311,3733,578,131,0,0,0,4442,3801,641
165662,Emerson College,Boston,true,2017,4459,3812,647,4318,3748,570,141,24,0,24,4435,3812,623
165662,Emerson College,Boston,true,2018,4573,3855,718,4407,3779,628,166,85,31,54,4488,3824,664
165662,Emerson College,Boston,true,2019,4930,3878,1052,4642,3827,815,288,348,0,348,4582,3878,704
165662,Emerson College,Boston,true,2020,5115,3708,1407,4670,3626,1044,445,780,0,780,4335,3708,627
165662,Emerson College,Boston,true,2021,5906,4123,1783,5341,4056,1285,565,889,0,889,5017,4123,894
165662,Emerson College,Boston,true,2022,5891,4155,1736,5340,4104,1236,551,845,0,845,5046,4155,891
165662,Emerson College,Boston,true,2023,5670,4171,1499,5122,4107,1015,548,705,0,705,4965,4171,794
165671,Emmanuel College,Boston,true,2015,2201,1986,215,1789,1775,14,412,43,0,43,2158,1986,172
165671,Emmanuel College,Boston,true,2016,2190,2012,178,1848,1834,14,342,33,0,33,2157,2012,145
165671,Emmanuel College,Boston,true,2017,2083,1947,136,1815,1804,11,268,16,0,16,2067,1947,120
165671,Emmanuel College,Boston,true,2018,2209,2089,120,1942,1935,7,267,30,13,17,2179,2076,103
165671,Emmanuel College,Boston,true,2019,2222,2112,110,1963,1953,10,259,41,19,22,2181,2093,88
165671,Emmanuel College,Boston,true,2020,1946,1838,108,1745,1735,10,201,1946,1838,108,0,0,0
165671,Emmanuel College,Boston,true,2021,1950,1870,80,1759,1745,14,191,97,29,68,1853,1841,12
165671,Emmanuel College,Boston,true,2022,2012,1947,65,1814,1801,13,198,115,50,65,1897,1897,0
165671,Emmanuel College,Boston,true,2023,2059,1973,86,1842,1822,20,217,135,49,86,1924,1924,0
165705,Episcopal Divinity School,Cambridge,true,2015,48,0,48,26,0,26,22,0,0,0,48,0,48
165705,Episcopal Divinity School,Cambridge,true,2016,48,0,48,36,0,36,12,0,0,0,48,0,48
165802,Fisher College,Boston,true,2015,1959,1938,21,1239,1232,7,720,179,179,0,1780,1759,21
165802,Fisher College,Boston,true,2016,2030,1996,34,1187,1171,16,843,631,630,1,1399,1366,33
165802,Fisher College,Boston,true,2017,1923,1882,41,760,748,12,1163,624,595,29,1299,1287,12
165802,Fisher College,Boston,true,2018,1663,1628,35,702,689,13,961,936,915,21,727,713,14
165802,Fisher College,Boston,true,2019,1628,1551,77,683,648,35,945,918,881,37,710,670,40
165802,Fisher College,Boston,true,2020,1419,1311,108,626,605,21,793,694,651,43,725,660,65
165802,Fisher College,Boston,true,2021,1367,1253,114,597,588,9,770,661,619,42,706,634,72
165802,Fisher College,Boston,true,2022,1421,1312,109,649,624,25,772,679,641,38,742,671,71
165802,Fisher College,Boston,true,2023,1501,1384,117,683,659,24,818,764,714,50,737,670,67
165884,Benjamin Franklin Cummings Institute of Technology,Boston,true,2015,596,596,0,416,416,0,180,0,0,0,596,596,0
165884,Benjamin Franklin Cummings Institute of Technology,Boston,true,2016,573,573,0,426,426,0,147,0,0,0,573,573,0
165884,Benjamin Franklin Cummings Institute of Technology,Boston,true,2017,609,609,0,484,484,0,125,0,0,0,609,609,0
165884,Benjamin Franklin Cummings Institute of Technology,Boston,true,2018,630,630,0,476,476,0,154,0,0,0,630,630,0
165884,Benjamin Franklin Cummings Institute of Technology,Boston,true,2019,612,612,0,466,466,0,146,0,0,0,612,612,0
165884,Benjamin Franklin Cummings Institute of Technology,Boston,true,2020,463,463,0,323,323,0,140,224,224,0,239,239,0
165884,Benjamin Franklin Cummings Institute of Technology,Boston,true,2021,476,476,0,300,300,0,176,164,164,0,312,312,0
165884,Benjamin Franklin Cummings Institute of Technology,Boston,true,2022,513,513,0,292,292,0,221,48,48,0,465,465,0
165884,Benjamin Franklin Cummings Institute of Technology,Boston,true,2023,592,592,0,316,316,0,276,80,80,0,512,512,0
166027,Harvard University,Cambridge,true,2015,29652,10255,19397,20568,7183,13385,9084,2032,559,1473,27620,9696,17924
166027,Harvard University,Cambridge,true,2016,29908,9915,19993,20591,7151,13440,9317,2698,669,2029,27210,9246,17964
166027,Harvard University,Cambridge,true,2017,31120,9965,21155,20918,7147,13771,10202,3244,668,2576,27876,9297,18579
166027,Harvard University,Cambridge,true,2018,31566,9950,21616,21006,7210,13796,10560,4087,849,3238,27479,9101,18378
166027,Harvard University,Cambridge,true,2019,31655,10063,21592,21088,7148,13940,10567,4185,1236,2949,27470,8827,18643
166027,Harvard University,Cambridge,true,2020,30391,8527,21864,19030,5699,13331,11361,27933,8523,19410,2458,4,2454
166027,Harvard University,Cambridge,true,2021,31345,9579,21766,21160,7483,13677,10185,10495,2426,8069,20850,7153,13697
166027,Harvard University,Cambridge,true,2022,30631,9368,21263,21206,7516,13690,9425,6923,1312,5611,23708,8056,15652
166027,Harvard University,Cambridge,true,2023,30386,9095,21291,20807,7316,13491,9579,7750,1222,6528,22636,7873,14763
166054,Hellenic College-Holy Cross Greek Orthodox School of Theology,Brookline,true,2015,193,91,102,182,91,91,11,0,0,0,193,91,102
166054,Hellenic College-Holy Cross Greek Orthodox School of Theology,Brookline,true,2016,195,99,96,184,99,85,11,0,0,0,195,99,96
166054,Hellenic College-Holy Cross Greek Orthodox School of Theology,Brookline,true,2017,170,78,92,162,78,84,8,0,0,0,170,78,92
166054,Hellenic College-Holy Cross Greek Orthodox School of Theology,Brookline,true,2018,154,67,87,149,66,83,5,0,0,0,154,67,87
166054,Hellenic College-Holy Cross Greek Orthodox School of Theology,Brookline,true,2019,130,52,78,127,52,75,3,0,0,0,130,52,78
166054,Hellenic College-Holy Cross Greek Orthodox School of Theology,Brookline,true,2020,126,46,80,108,46,62,18,0,0,0,126,46,80
166054,Hellenic College-Holy Cross Greek Orthodox School of Theology,Brookline,true,2021,118,39,79,102,39,63,16,0,0,0,118,39,79
166054,Hellenic College-Holy Cross Greek Orthodox School of Theology,Brookline,true,2022,131,39,92,108,39,69,23,32,3,29,99,36,63
166054,Hellenic College-Holy Cross Greek Orthodox School of Theology,Brookline,true,2023,199,64,135,142,61,81,57,74,4,70,125,60,65
166452,Lesley University,Cambridge,true,2015,5067,1982,3085,2326,1476,850,2741,409,98,311,4658,1884,2774
166452,Lesley University,Cambridge,true,2016,4865,1968,2897,2283,1541,742,2582,490,138,352,4375,1830,2545
166452,Lesley University,Cambridge,true,2017,4732,2096,2636,2346,1645,701,2386,530,192,338,4202,1904,2298
166452,Lesley University,Cambridge,true,2018,4838,2208,2630,2369,1700,669,2469,510,186,324,4328,2022,2306
166452,Lesley University,Cambridge,true,2019,4510,2128,2382,2230,1599,631,2280,470,207,263,4040,1921,2119
166452,Lesley University,Cambridge,true,2020,4200,1861,2339,2069,1394,675,2131,4200,1861,2339,0,0,0
166452,Lesley University,Cambridge,true,2021,4010,1757,2253,1939,1322,617,2071,779,170,609,3231,1587,1644
166452,Lesley University,Cambridge,true,2022,3406,1554,1852,1507,956,551,1899,575,155,420,2831,1399,1432
166452,Lesley University,Cambridge,true,2023,3134,1342,1792,1180,893,287,1954,615,136,479,2519,1206,1313
166489,Longy School of Music of Bard College,Cambridge,true,2015,224,52,172,193,45,148,31,0,0,0,224,52,172
166489,Longy School of Music of Bard College,Cambridge,true,2016,219,47,172,186,39,147,33,0,0,0,219,47,172
166489,Longy School of Music of Bard College,Cambridge,true,2017,217,46,171,202,44,158,15,0,0,0,217,46,171
166489,Longy School of Music of Bard College,Cambridge,true,2018,244,36,208,232,30,202,12,0,0,0,244,36,208
166489,Longy School of Music of Bard College,Cambridge,true,2019,255,37,218,247,35,212,8,0,0,0,255,37,218
166489,Longy School of Music of Bard College,Cambridge,true,2020,202,40,162,190,39,151,12,0,0,0,202,40,162
166489,Longy School of Music of Bard College,Cambridge,true,2021,277,39,238,260,37,223,17,28,0,28,249,39,210
166489,Longy School of Music of Bard College,Cambridge,true,2022,315,40,275,280,31,249,35,45,0,45,270,40,230
166489,Longy School of Music of Bard College,Cambridge,true,2023,318,34,284,277,33,244,41,41,0,41,277,34,243
166638,University of Massachusetts-Boston,Boston,true,2015,17030,12949,4081,10789,9384,1405,6241,1729,762,967,15301,12187,3114
166638,University of Massachusetts-Boston,Boston,true,2016,16847,12847,4000,10718,9283,1435,6129,1663,688,975,15184,12159,3025
166638,University of Massachusetts-Boston,Boston,true,2017,16415,12660,3755,10926,9574,1352,5489,1123,283,840,15292,12377,2915
166638,University of Massachusetts-Boston,Boston,true,2018,16164,12714,3450,11268,10017,1251,4896,972,248,724,15192,12466,2726
166638,University of Massachusetts-Boston,Boston,true,2019,15989,12595,3394,11292,9995,1297,4697,1444,529,915,14545,12066,2479
166638,University of Massachusetts-Boston,Boston,true,2020,16259,12871,3388,11583,10279,1304,4676,16078,12704,3374,181,167,14
166638,University of Massachusetts-Boston,Boston,true,2021,15637,12269,3368,11305,9994,1311,4332,2062,841,1221,13575,11428,2147
166638,University of Massachusetts-Boston,Boston,true,2022,15586,12221,3365,11290,9792,1498,4296,1617,587,1030,13969,11634,2335
166638,University of Massachusetts-Boston,Boston,true,2023,15810,12373,3437,11716,10097,1619,4094,1606,543,1063,14204,11830,2374
166656,MCPHS University,Boston,true,2015,7074,3947,3127,6382,3717,2665,692,448,36,412,6626,3911,2715
166656,MCPHS University,Boston,true,2016,7095,3843,3252,6357,3591,2766,738,461,29,432,6634,3814,2820
166656,MCPHS University,Boston,true,2017,7208,4181,3027,6478,3912,2566,730,544,36,508,6664,4145,2519
166656,MCPHS University,Boston,true,2018,7064,3966,3098,6144,3727,2417,920,660,20,640,6404,3946,2458
166656,MCPHS University,Boston,true,2019,7366,4034,3332,6230,3843,2387,1136,1023,30,993,6343,4004,2339
166656,MCPHS University,Boston,true,2020,7501,3970,3531,5945,3705,2240,1556,1330,15,1315,6171,3955,2216
166656,MCPHS University,Boston,true,2021,7304,3668,3636,5739,3494,2245,1565,1508,19,1489,5796,3649,2147
166656,MCPHS University,Boston,true,2022,6824,3522,3302,5381,3276,2105,1443,1317,20,1297,5507,3502,2005
166656,MCPHS University,Boston,true,2023,6321,3477,2844,5233,3280,1953,1088,968,21,947,5353,3456,1897
166674,Massachusetts College of Art and Design,Boston,true,2015,1990,1879,111,1637,1546,91,353,3,3,0,1987,1876,111
166674,Massachusetts College of Art and Design,Boston,true,2016,1982,1842,140,1672,1560,112,310,0,0,0,1982,1842,140
166674,Massachusetts College of Art and Design,Boston,true,2017,2064,1933,131,1754,1658,96,310,2,2,0,2062,1931,131
166674,Massachusetts College of Art and Design,Boston,true,2018,2087,1954,133,1739,1650,89,348,0,0,0,2087,1954,133
166674,Massachusetts College of Art and Design,Boston,true,2019,2095,1955,140,1778,1682,96,317,0,0,0,2095,1955,140
166674,Massachusetts College of Art and Design,Boston,true,2020,1894,1770,124,1593,1505,88,301,0,0,0,1894,1770,124
166674,Massachusetts College of Art and Design,Boston,true,2021,1907,1778,129,1658,1556,102,249,24,24,0,1883,1754,129
166674,Massachusetts College of Art and Design,Boston,true,2022,1939,1833,106,1673,1577,96,266,67,66,1,1872,1767,105
166674,Massachusetts College of Art and Design,Boston,true,2023,1986,1876,110,1758,1659,99,228,45,42,3,1941,1834,107
166683,Massachusetts Institute of Technology,Cambridge,true,2015,11331,4527,6804,11181,4492,6689,150,31,0,31,11300,4527,6773
166683,Massachusetts Institute of Technology,Cambridge,true,2016,11376,4524,6852,11183,4476,6707,193,49,0,49,11327,4524,6803
166683,Massachusetts Institute of Technology,Cambridge,true,2017,11466,4547,6919,11181,4510,6671,285,44,0,44,11422,4547,6875
166683,Massachusetts Institute of Technology,Cambridge,true,2018,11574,4602,6972,11402,4557,6845,172,39,0,39,11535,4602,6933
166683,Massachusetts Institute of Technology,Cambridge,true,2019,11520,4530,6990,11363,4501,6862,157,46,0,46,11474,4530,6944
166683,Massachusetts Institute of Technology,Cambridge,true,2020,11254,4361,6893,11000,4234,6766,254,7386,3570,3816,3868,791,3077
166683,Massachusetts Institute of Technology,Cambridge,true,2021,11934,4638,7296,11787,4588,7199,147,57,0,57,11877,4638,7239
166683,Massachusetts Institute of Technology,Cambridge,true,2022,11858,4657,7201,11625,4601,7024,233,61,0,61,11797,4657,7140
166683,Massachusetts Institute of Technology,Cambridge,true,2023,11920,4576,7344,11706,4543,7163,214,65,0,65,11855,4576,7279
166869,MGH Institute of Health Professions,Boston,true,2015,1112,196,916,910,196,714,202,4,4,0,1108,192,916
166869,MGH Institute of Health Professions,Boston,true,2016,1167,188,979,916,188,728,251,15,15,0,1152,173,979
166869,MGH Institute of Health Professions,Boston,true,2017,1215,195,1020,951,195,756,264,40,0,40,1175,195,980
166869,MGH Institute of Health Professions,Boston,true,2018,1250,215,1035,987,215,772,263,40,3,37,1210,212,998
166869,MGH Institute of Health Professions,Boston,true,2019,1199,179,1020,962,179,783,237,95,2,93,1104,177,927
166869,MGH Institute of Health Professions,Boston,true,2020,1269,170,1099,981,170,811,288,57,6,51,1212,164,1048
166869,MGH Institute of Health Professions,Boston,true,2021,1339,195,1144,1024,195,829,315,89,5,84,1250,190,1060
166869,MGH Institute of Health Professions,Boston,true,2022,1353,140,1213,944,140,804,409,104,0,104,1249,140,1109
166869,MGH Institute of Health Professions,Boston,true,2023,1484,311,1173,880,103,777,604,359,199,160,1125,112,1013
166984,School of the Museum of Fine Arts at Tufts University,Boston,true,2015,492,342,150,435,287,148,57,0,0,0,492,342,150
167057,The New England Conservatory of Music,Boston,true,2015,789,407,382,728,369,359,61,0,0,0,789,407,382
167057,The New England Conservatory of Music,Boston,true,2016,819,413,406,761,381,380,58,0,0,0,819,413,406
167057,The New England Conservatory of Music,Boston,true,2017,844,436,408,791,407,384,53,0,0,0,844,436,408
167057,The New England Conservatory of Music,Boston,true,2018,838,468,370,785,438,347,53,0,0,0,838,468,370
167057,The New England Conservatory of Music,Boston,true,2019,843,497,346,787,464,323,56,0,0,0,843,497,346
167057,The New England Conservatory of Music,Boston,true,2020,701,404,297,644,374,270,57,300,217,83,401,187,214
167057,The New England Conservatory of Music,Boston,true,2021,827,423,404,743,392,351,84,0,0,0,827,423,404
167057,The New England Conservatory of Music,Boston,true,2022,796,382,414,749,353,396,47,0,0,0,796,382,414
167057,The New England Conservatory of Music,Boston,true,2023,784,393,391,728,361,367,56,0,0,0,784,393,391
167093,New England College of Optometry,Boston,true,2015,511,0,511,510,0,510,1,0,0,0,511,0,511
167093,New England College of Optometry,Boston,true,2016,533,0,533,533,0,533,0,0,0,0,533,0,533
167093,New England College of Optometry,Boston,true,2017,527,0,527,527,0,527,0,0,0,0,527,0,527
167093,New England College of Optometry,Boston,true,2018,522,0,522,522,0,522,0,0,0,0,522,0,522
167093,New England College of Optometry,Boston,true,2019,538,0,538,538,0,538,0,0,0,0,538,0,538
167093,New England College of Optometry,Boston,true,2020,528,0,528,528,0,528,0,0,0,0,528,0,528
167093,New England College of Optometry,Boston,true,2021,525,0,525,525,0,525,0,0,0,0,525,0,525
167093,New England College of Optometry,Boston,true,2022,536,0,536,536,0,536,0,0,0,0,536,0,536
167093,New England College of Optometry,Boston,true,2023,529,0,529,527,0,527,2,0,0,0,529,0,529
167215,New England Law-Boston,Boston,true,2015,688,0,688,466,0,466,222,0,0,0,688,0,688
167215,New England Law-Boston,Boston,true,2016,622,0,622,437,0,437,185,0,0,0,622,0,622
167215,New England Law-Boston,Boston,true,2017,556,0,556,377,0,377,179,0,0,0,556,0,556
167215,New England Law-Boston,Boston,true,2018,542,0,542,371,0,371,171,0,0,0,542,0,542
167215,New England Law-Boston,Boston,true,2019,709,0,709,507,0,507,202,0,0,0,709,0,709
167215,New England Law-Boston,Boston,true,2020,904,0,904,696,0,696,208,423,0,423,481,0,481
167215,New England Law-Boston,Boston,true,2021,1064,0,1064,807,0,807,257,1,0,1,1063,0,1063
167215,New England Law-Boston,Boston,true,2022,1060,0,1060,814,0,814,246,0,0,0,1060,0,1060
167215,New England Law-Boston,Boston,true,2023,1083,0,1083,831,0,831,252,0,0,0,1083,0,1083
167251,Newbury College,Brookline,true,2015,865,865,0,778,778,0,87,18,18,0,847,847,0
167251,Newbury College,Brookline,true,2016,751,751,0,675,675,0,76,35,35,0,716,716,0
167251,Newbury College,Brookline,true,2017,620,620,0,545,545,0,75,43,43,0,577,577,0
167251,Newbury College,Brookline,true,2018,636,636,0,580,580,0,56,36,36,0,600,600,0
167321,The New England Institute of Art,Brookline,true,2015,262,262,0,232,232,0,30,0,0,0,262,262,0
167321,The New England Institute of Art,Brookline,true,2016,94,94,0,82,82,0,12,0,0,0,94,94,0
167358,Northeastern University,Boston,true,2015,19940,13697,6243,19021,13664,5357,919,206,17,189,19734,13680,6054
167358,Northeastern University,Boston,true,2016,20381,13473,6908,19497,13444,6053,884,240,18,222,20141,13455,6686
167358,Northeastern University,Boston,true,2017,21489,13825,7664,20616,13786,6830,873,249,21,228,21240,13804,7436
167358,Northeastern University,Boston,true,2018,21627,13909,7718,20785,13864,6921,842,173,21,152,21454,13888,7566
167358,Northeastern University,Boston,true,2019,22207,14202,8005,21397,14156,7241,810,209,26,183,21998,14176,7822
167358,Northeastern University,Boston,true,2020,22905,15156,7749,22048,15131,6917,857,663,301,362,22242,14855,7387
167358,Northeastern University,Boston,true,2021,28167,15747,12420,26900,15711,11189,1267,1286,125,1161,26881,15622,11259
167358,Northeastern University,Boston,true,2022,30013,16302,13711,28848,16278,12570,1165,1058,46,1012,28955,16256,12699
167358,Northeastern University,Boston,true,2023,31159,15891,15268,29738,15857,13881,1421,1308,46,1262,29851,15845,14006
167455,Pine Manor College,Brookline,true,2015,495,458,37,475,438,37,20,0,0,0,495,458,37
167455,Pine Manor College,Brookline,true,2016,490,461,29,483,454,29,7,0,0,0,490,461,29
167455,Pine Manor College,Brookline,true,2017,452,421,31,450,419,31,2,0,0,0,452,421,31
167455,Pine Manor College,Brookline,true,2018,404,373,31,397,366,31,7,0,0,0,404,373,31
167455,Pine Manor College,Brookline,true,2019,362,335,27,356,329,27,6,0,0,0,362,335,27
167455,Pine Manor College,Brookline,true,2020,207,192,15,203,188,15,4,198,183,15,9,9,0
167455,Pine Manor College,Brookline,true,2021,93,77,16,91,75,16,2,0,0,0,93,77,16
167631,Roxbury Community College,Boston,true,2015,2257,2257,0,689,689,0,1568,30,30,0,2227,2227,0
167631,Roxbury Community College,Boston,true,2016,2106,2106,0,597,597,0,1509,7,7,0,2099,2099,0
167631,Roxbury Community College,Boston,true,2017,1928,1928,0,576,576,0,1352,21,21,0,1907,1907,0
167631,Roxbury Community College,Boston,true,2018,2007,2007,0,332,332,0,1675,20,20,0,1987,1987,0
167631,Roxbury Community College,Boston,true,2019,1674,1674,0,446,446,0,1228,14,14,0,1660,1660,0
167631,Roxbury Community College,Boston,true,2020,1200,1200,0,335,335,0,865,1200,1200,0,0,0,0
167631,Roxbury Community College,Boston,true,2021,1142,1142,0,302,302,0,840,0,0,0,1142,1142,0
167631,Roxbury Community College,Boston,true,2022,1214,1214,0,328,328,0,886,0,0,0,1214,1214,0
167631,Roxbury Community College,Boston,true,2023,1631,1631,0,438,438,0,1193,0,0,0,1631,1631,0
167677,Saint John's Seminary,Boston,true,2015,208,48,160,115,48,67,93,0,0,0,208,48,160
167677,Saint John's Seminary,Boston,true,2016,184,45,139,123,43,80,61,0,0,0,184,45,139
167677,Saint John's Seminary,Boston,true,2017,178,26,152,121,26,95,57,0,0,0,178,26,152
167677,Saint John's Seminary,Boston,true,2018,143,27,116,114,27,87,29,0,0,0,143,27,116
167677,Saint John's Seminary,Boston,true,2019,111,24,87,89,23,66,22,0,0,0,111,24,87
167677,Saint John's Seminary,Boston,true,2020,105,22,83,80,22,58,25,0,0,0,105,22,83
167677,Saint John's Seminary,Boston,true,2021,96,18,78,66,18,48,30,0,0,0,96,18,78
167677,Saint John's Seminary,Boston,true,2022,103,29,74,82,27,55,21,0,0,0,103,29,74
167677,Saint John's Seminary,Boston,true,2023,120,24,96,81,20,61,39,0,0,0,120,24,96
167783,Simmons University,Boston,true,2015,5567,1730,3837,2888,1599,1289,2679,1536,1,1535,4031,1729,2302
167783,Simmons University,Boston,true,2016,6111,1781,4330,3054,1594,1460,3057,2728,0,2728,3383,1781,1602
167783,Simmons University,Boston,true,2017,6283,1739,4544,3171,1553,1618,3112,2571,0,2571,3712,1739,1973
167783,Simmons University,Boston,true,2018,6082,1809,4273,3119,1631,1488,2963,2567,1,2566,3515,1808,1707
167783,Simmons University,Boston,true,2019,6535,1761,4774,3234,1607,1627,3301,3008,0,3008,3527,1761,1766
167783,Simmons University,Boston,true,2020,6263,1736,4527,3151,1609,1542,3112,6132,1672,4460,131,64,67
167783,Simmons University,Boston,true,2021,5984,1748,4236,3082,1638,1444,2902,2739,58,2681,3245,1690,1555
167783,Simmons University,Boston,true,2022,5710,1788,3922,3034,1601,1433,2676,2864,148,2716,2846,1640,1206
167783,Simmons University,Boston,true,2023,5053,1760,3293,2743,1562,1181,2310,2308,172,2136,2745,1588,1157
168005,Suffolk University,Boston,true,2015,7922,5441,2481,6303,5108,1195,1619,89,5,84,7833,5436,2397
168005,Suffolk University,Boston,true,2016,7461,5191,2270,6059,4906,1153,1402,68,4,64,7393,5187,2206
168005,Suffolk University,Boston,true,2017,7201,5030,2171,5873,4762,1111,1328,80,5,75,7121,5025,2096
168005,Suffolk University,Boston,true,2018,7186,5044,2142,5975,4836,1139,1211,72,5,67,7114,5039,2075
168005,Suffolk University,Boston,true,2019,7169,4862,2307,5914,4665,1249,1255,88,5,83,7081,4857,2224
168005,Suffolk University,Boston,true,2020,6830,4397,2433,5478,4179,1299,1352,139,0,139,6691,4397,2294
168005,Suffolk University,Boston,true,2021,6647,4227,2420,5388,4043,1345,1259,261,0,261,6386,4227,2159
168005,Suffolk University,Boston,true,2022,6734,4381,2353,5590,4213,1377,1144,215,0,215,6519,4381,2138
168005,Suffolk University,Boston,true,2023,6697,4484,2213,5713,4341,1372,984,101,0,101,6596,4484,2112
168148,Tufts University,Medford,false,2015,11137,5290,5847,10180,5215,4965,957,169,0,169,10968,5290,5678
168148,Tufts University,Medford,false,2016,11489,5508,5981,10545,5435,5110,944,155,0,155,11334,5508,5826
168148,Tufts University,Medford,false,2017,11449,5541,5908,10598,5483,5115,851,191,0,191,11258,5541,5717
168148,Tufts University,Medford,false,2018,11586,5643,5943,10718,5508,5210,868,184,0,184,11402,5643,5759
168148,Tufts University,Medford,false,2019,11878,5907,5971,10919,5742,5177,959,197,0,197,11681,5907,5774
168148,Tufts University,Medford,false,2020,12219,6114,6105,11018,5938,5080,1201,4057,1021,3036,8162,5093,3069
168148,Tufts University,Medford,false,2021,13293,6676,6617,12001,6509,5492,1292,1119,55,1064,12174,6621,5553
168148,Tufts University,Medford,false,2022,13431,6815,6616,12004,6635,5369,1427,697,3,694,12734,6812,5922
168148,Tufts University,Medford,false,2023,13274,6877,6397,11953,6685,5268,1321,556,7,549,12718,6870,5848
168227,Wentworth Institute of Technology,Boston,true,2015,4576,4324,252,3993,3902,91,583,161,68,93,4415,4256,159
168227,Wentworth Institute of Technology,Boston,true,2016,4526,4317,209,4000,3923,77,526,397,313,84,4129,4004,125
168227,Wentworth Institute of Technology,Boston,true,2017,4457,4265,192,3988,3904,84,469,186,113,73,4271,4152,119
168227,Wentworth Institute of Technology,Boston,true,2018,4516,4341,175,4005,3940,65,511,189,117,72,4327,4224,103
168227,Wentworth Institute of Technology,Boston,true,2019,4449,4303,146,3971,3904,67,478,162,108,54,4287,4195,92
168227,Wentworth Institute of Technology,Boston,true,2020,4389,4222,167,3927,3842,85,462,3352,3244,108,1037,978,59
168227,Wentworth Institute of Technology,Boston,true,2021,4163,3958,205,3779,3658,121,384,221,147,74,3942,3811,131
168227,Wentworth Institute of Technology,Boston,true,2022,3920,3713,207,3529,3382,147,391,160,90,70,3760,3623,137
168227,Wentworth Institute of Technology,Boston,true,2023,4018,3813,205,3622,3464,158,396,133,88,45,3885,3725,160
168290,Wheelock College,Boston,true,2015,1169,811,358,941,797,144,228,36,0,36,1133,811,322
168290,Wheelock College,Boston,true,2016,1053,726,327,854,713,141,199,16,0,16,1037,726,311
168290,Wheelock College,Boston,true,2017,890,612,278,708,593,115,182,29,0,29,861,612,249
429128,Urban College of Boston,Boston,true,2015,879,879,0,46,46,0,833,0,0,0,879,879,0
429128,Urban College of Boston,Boston,true,2016,860,860,0,39,39,0,821,0,0,0,860,860,0
429128,Urban College of Boston,Boston,true,2017,812,812,0,72,72,0,740,0,0,0,812,812,0
429128,Urban College of Boston,Boston,true,2018,931,931,0,78,78,0,853,0,0,0,931,931,0
429128,Urban College of Boston,Boston,true,2019,768,768,0,40,40,0,728,0,0,0,768,768,0
429128,Urban College of Boston,Boston,true,2020,554,554,0,49,49,0,505,0,0,0,554,554,0
429128,Urban College of Boston,Boston,true,2021,586,586,0,34,34,0,552,586,586,0,0,0,0
429128,Urban College of Boston,Boston,true,2022,658,658,0,15,15,0,643,655,655,0,3,3,0
429128,Urban College of Boston,Boston,true,2023,728,728,0,16,16,0,712,728,728,0,0,0,0
452054,Le Cordon Bleu College of Culinary Arts-Cambridge,Cambridge,true,2015,352,352,0,352,352,0,0,0,0,0,352,352,0
452054,Le Cordon Bleu College of Culinary Arts-Cambridge,Cambridge,true,2016,126,126,0,126,126,0,0,0,0,0,126,126,0
482705,Northeastern University Professional Programs,Boston,true,2015,10479,3491,6988,2293,1416,877,8186,5069,1118,3951,5410,2373,3037
482705,Northeastern University Professional Programs,Boston,true,2016,10148,3221,6927,2501,1603,898,7647,4673,842,3831,5475,2379,3096
482705,Northeastern University Professional Programs,Boston,true,2017,11104,3769,7335,3193,2127,1066,7911,4660,844,3816,6444,2925,3519
482705,Northeastern University Professional Programs,Boston,true,2018,11900,3994,7906,3563,2177,1386,8337,4491,749,3742,7409,3245,4164
482705,Northeastern University Professional Programs,Boston,true,2019,11857,3588,8269,3571,1929,1642,8286,4131,704,3427,7726,2884,4842
482705,Northeastern University Professional Programs,Boston,true,2020,11310,3238,8072,3499,1528,1971,7811,5060,1156,3904,6250,2082,4168
482705,Northeastern University Professional Programs,Boston,true,2021,10918,4795,6123,3358,3218,140,7560,4014,965,3049,6904,3830,3074
482705,Northeastern University Professional Programs,Boston,true,2022,8264,3224,5040,2036,1808,228,6228,3037,787,2250,5227,2437,2790
482705,Northeastern University Professional Programs,Boston,true,2023,7471,2525,4946,1398,1186,212,6073,2570,728,1842,4901,1797,3104
494542,Sattler College,Boston,true,2023,58,58,0,51,51,0,7,0,0,0,58,58,0
