week_start,iso_year,iso_week,campus_zone,entries,days_with_data,complete_week
2014-12-29,2015,1,away,504863,7,true
2014-12-29,2015,1,campus,510398,7,true
2014-12-29,2015,1,near,756594,7,true
2015-01-05,2015,2,away,645452,7,true
2015-01-05,2015,2,campus,658333,7,true
2015-01-05,2015,2,near,996103,7,true
2015-01-12,2015,3,away,703875,7,true
2015-01-12,2015,3,campus,718938,7,true
2015-01-12,2015,3,near,1091126,7,true
2015-01-19,2015,4,away,664001,7,true
2015-01-19,2015,4,campus,721099,7,true
2015-01-19,2015,4,near,1005431,7,true
2015-01-26,2015,5,away,561293,7,true
2015-01-26,2015,5,campus,590393,7,true
2015-01-26,2015,5,near,847559,7,true
2015-02-02,2015,6,away,643834,7,true
2015-02-02,2015,6,campus,711259,7,true
2015-02-02,2015,6,near,998448,7,true
2015-02-09,2015,7,away,443890,7,true
2015-02-09,2015,7,campus,490205,7,true
2015-02-09,2015,7,near,664553,7,true
2015-02-16,2015,8,away,556813,7,true
2015-02-16,2015,8,campus,655737,7,true
2015-02-16,2015,8,near,866936,7,true
2015-02-23,2015,9,away,732457,7,true
2015-02-23,2015,9,campus,784343,7,true
2015-02-23,2015,9,near,1081090,7,true
2015-03-02,2015,10,away,769764,7,true
2015-03-02,2015,10,campus,797932,7,true
2015-03-02,2015,10,near,1100585,7,true
2015-03-09,2015,11,away,768396,7,true
2015-03-09,2015,11,campus,765149,7,true
2015-03-09,2015,11,near,1087389,7,true
2015-03-16,2015,12,away,728347,7,true
2015-03-16,2015,12,campus,761636,7,true
2015-03-16,2015,12,near,1081736,7,true
2015-03-23,2015,13,away,735786,7,true
2015-03-23,2015,13,campus,817121,7,true
2015-03-23,2015,13,near,1107795,7,true
2015-03-30,2015,14,away,759340,7,true
2015-03-30,2015,14,campus,814209,7,true
2015-03-30,2015,14,near,1127336,7,true
2015-04-06,2015,15,away,792102,7,true
2015-04-06,2015,15,campus,837663,7,true
2015-04-06,2015,15,near,1164302,7,true
2015-04-13,2015,16,away,818179,7,true
2015-04-13,2015,16,campus,891874,7,true
2015-04-13,2015,16,near,1180526,7,true
2015-04-20,2015,17,away,604328,7,true
2015-04-20,2015,17,campus,660665,7,true
2015-04-20,2015,17,near,902760,7,true
2015-04-27,2015,18,away,803036,7,true
2015-04-27,2015,18,campus,869407,7,true
2015-04-27,2015,18,near,1145086,7,true
2015-05-04,2015,19,away,812881,7,true
2015-05-04,2015,19,campus,839574,7,true
2015-05-04,2015,19,near,1121019,7,true
2015-05-11,2015,20,away,799666,7,true
2015-05-11,2015,20,campus,802401,7,true
2015-05-11,2015,20,near,1125667,7,true
2015-05-18,2015,21,away,797106,7,true
2015-05-18,2015,21,campus,829547,7,true
2015-05-18,2015,21,near,1134118,7,true
2015-05-25,2015,22,away,713053,7,true
2015-05-25,2015,22,campus,730787,7,true
2015-05-25,2015,22,near,1021970,7,true
2015-06-01,2015,23,away,783964,7,true
2015-06-01,2015,23,campus,829085,7,true
2015-06-01,2015,23,near,1160327,7,true
2015-06-08,2015,24,away,766622,7,true
2015-06-08,2015,24,campus,815062,7,true
2015-06-08,2015,24,near,1164948,7,true
2015-06-15,2015,25,away,774956,7,true
2015-06-15,2015,25,campus,795423,7,true
2015-06-15,2015,25,near,1098962,7,true
2015-06-22,2015,26,away,779049,7,true
2015-06-22,2015,26,campus,810213,7,true
2015-06-22,2015,26,near,1112770,7,true
2015-06-29,2015,27,away,700263,7,true
2015-06-29,2015,27,campus,735900,7,true
2015-06-29,2015,27,near,999328,7,true
2015-07-06,2015,28,away,743700,7,true
2015-07-06,2015,28,campus,828485,7,true
2015-07-06,2015,28,near,1130109,7,true
2015-07-13,2015,29,away,743607,7,true
2015-07-13,2015,29,campus,836248,7,true
2015-07-13,2015,29,near,1127601,7,true
2015-07-20,2015,30,away,757547,7,true
2015-07-20,2015,30,campus,836412,7,true
2015-07-20,2015,30,near,1134450,7,true
2015-07-27,2015,31,away,753659,7,true
2015-07-27,2015,31,campus,836297,7,true
2015-07-27,2015,31,near,1152561,7,true
2015-08-03,2015,32,away,732232,7,true
2015-08-03,2015,32,campus,805987,7,true
2015-08-03,2015,32,near,1119226,7,true
2015-08-10,2015,33,away,724742,7,true
2015-08-10,2015,33,campus,769958,7,true
2015-08-10,2015,33,near,1097020,7,true
2015-08-17,2015,34,away,721165,7,true
2015-08-17,2015,34,campus,765951,7,true
2015-08-17,2015,34,near,1058316,7,true
2015-08-24,2015,35,away,713672,7,true
2015-08-24,2015,35,campus,741487,7,true
2015-08-24,2015,35,near,1042678,7,true
2015-08-31,2015,36,away,739432,7,true
2015-08-31,2015,36,campus,809675,7,true
2015-08-31,2015,36,near,1081563,7,true
2015-09-07,2015,37,away,738923,7,true
2015-09-07,2015,37,campus,793486,7,true
2015-09-07,2015,37,near,1030168,7,true
2015-09-14,2015,38,away,830141,7,true
2015-09-14,2015,38,campus,887925,7,true
2015-09-14,2015,38,near,1149357,7,true
2015-09-21,2015,39,away,834546,7,true
2015-09-21,2015,39,campus,949241,7,true
2015-09-21,2015,39,near,1187500,7,true
2015-09-28,2015,40,away,795169,7,true
2015-09-28,2015,40,campus,862485,7,true
2015-09-28,2015,40,near,1131741,7,true
2015-10-05,2015,41,away,825400,7,true
2015-10-05,2015,41,campus,899275,7,true
2015-10-05,2015,41,near,1166120,7,true
2015-10-12,2015,42,away,757737,7,true
2015-10-12,2015,42,campus,847357,7,true
2015-10-12,2015,42,near,1111892,7,true
2015-10-19,2015,43,away,808681,7,true
2015-10-19,2015,43,campus,869242,7,true
2015-10-19,2015,43,near,1136798,7,true
2015-10-26,2015,44,away,802863,7,true
2015-10-26,2015,44,campus,859242,7,true
2015-10-26,2015,44,near,1148651,7,true
2015-11-02,2015,45,away,798547,7,true
2015-11-02,2015,45,campus,862667,7,true
2015-11-02,2015,45,near,1108656,7,true
2015-11-09,2015,46,away,763374,7,true
2015-11-09,2015,46,campus,821668,7,true
2015-11-09,2015,46,near,1101579,7,true
2015-11-16,2015,47,away,790196,7,true
2015-11-16,2015,47,campus,870950,7,true
2015-11-16,2015,47,near,1157327,7,true
2015-11-23,2015,48,away,580567,7,true
2015-11-23,2015,48,campus,624672,7,true
2015-11-23,2015,48,near,840750,7,true
2015-11-30,2015,49,away,771067,7,true
2015-11-30,2015,49,campus,845988,7,true
2015-11-30,2015,49,near,1105312,7,true
2015-12-07,2015,50,away,773984,7,true
2015-12-07,2015,50,campus,827944,7,true
2015-12-07,2015,50,near,1090288,7,true
2015-12-14,2015,51,away,759929,7,true
2015-12-14,2015,51,campus,820722,7,true
2015-12-14,2015,51,near,1101735,7,true
2015-12-21,2015,52,away,517572,7,true
2015-12-21,2015,52,campus,549596,7,true
2015-12-21,2015,52,near,732709,7,true
2015-12-28,2015,53,away,493673,7,true
2015-12-28,2015,53,campus,500907,7,true
2015-12-28,2015,53,near,725958,7,true
2016-01-04,2016,1,away,666127,7,true
2016-01-04,2016,1,campus,664185,7,true
2016-01-04,2016,1,near,977253,7,true
2016-01-11,2016,2,away,689678,7,true
2016-01-11,2016,2,campus,696916,7,true
2016-01-11,2016,2,near,1027522,7,true
2016-01-18,2016,3,away,628290,7,true
2016-01-18,2016,3,campus,675233,7,true
2016-01-18,2016,3,near,934212,7,true
2016-01-25,2016,4,away,741781,7,true
2016-01-25,2016,4,campus,774174,7,true
2016-01-25,2016,4,near,1070840,7,true
2016-02-01,2016,5,away,728616,7,true
2016-02-01,2016,5,campus,768613,7,true
2016-02-01,2016,5,near,1057340,7,true
2016-02-08,2016,6,away,669283,7,true
2016-02-08,2016,6,campus,734381,7,true
2016-02-08,2016,6,near,1001003,7,true
2016-02-15,2016,7,away,662051,7,true
2016-02-15,2016,7,campus,741979,7,true
2016-02-15,2016,7,near,967621,7,true
2016-02-22,2016,8,away,751643,7,true
2016-02-22,2016,8,campus,806239,7,true
2016-02-22,2016,8,near,1091650,7,true
2016-02-29,2016,9,away,751491,7,true
2016-02-29,2016,9,campus,799488,7,true
2016-02-29,2016,9,near,1081138,7,true
2016-03-07,2016,10,away,762766,7,true
2016-03-07,2016,10,campus,794138,7,true
2016-03-07,2016,10,near,1067480,7,true
2016-03-14,2016,11,away,728154,7,true
2016-03-14,2016,11,campus,786151,7,true
2016-03-14,2016,11,near,1108395,7,true
2016-03-21,2016,12,away,695972,7,true
2016-03-21,2016,12,campus,817215,7,true
2016-03-21,2016,12,near,1067600,7,true
2016-03-28,2016,13,away,735236,7,true
2016-03-28,2016,13,campus,842624,7,true
2016-03-28,2016,13,near,1123541,7,true
2016-04-04,2016,14,away,727668,7,true
2016-04-04,2016,14,campus,830413,7,true
2016-04-04,2016,14,near,1104158,7,true
2016-04-11,2016,15,away,791191,7,true
2016-04-11,2016,15,campus,895877,7,true
2016-04-11,2016,15,near,1157379,7,true
2016-04-18,2016,16,away,719490,7,true
2016-04-18,2016,16,campus,859897,7,true
2016-04-18,2016,16,near,1086009,7,true
2016-04-25,2016,17,away,758369,7,true
2016-04-25,2016,17,campus,832770,7,true
2016-04-25,2016,17,near,1066833,7,true
2016-05-02,2016,18,away,745572,7,true
2016-05-02,2016,18,campus,806620,7,true
2016-05-02,2016,18,near,1065100,7,true
2016-05-09,2016,19,away,778649,7,true
2016-05-09,2016,19,campus,841519,7,true
2016-05-09,2016,19,near,1105395,7,true
2016-05-16,2016,20,away,768074,7,true
2016-05-16,2016,20,campus,784508,7,true
2016-05-16,2016,20,near,1079091,7,true
2016-05-23,2016,21,away,759593,7,true
2016-05-23,2016,21,campus,812478,7,true
2016-05-23,2016,21,near,1086823,7,true
2016-05-30,2016,22,away,684808,7,true
2016-05-30,2016,22,campus,699662,7,true
2016-05-30,2016,22,near,950945,7,true
2016-06-06,2016,23,away,767591,7,true
2016-06-06,2016,23,campus,804831,7,true
2016-06-06,2016,23,near,1098305,7,true
2016-06-13,2016,24,away,762808,7,true
2016-06-13,2016,24,campus,822789,7,true
2016-06-13,2016,24,near,1124985,7,true
2016-06-20,2016,25,away,772332,7,true
2016-06-20,2016,25,campus,820514,7,true
2016-06-20,2016,25,near,1062647,7,true
2016-06-27,2016,26,away,737344,7,true
2016-06-27,2016,26,campus,799422,7,true
2016-06-27,2016,26,near,1069416,7,true
2016-07-04,2016,27,away,667392,7,true
2016-07-04,2016,27,campus,724716,7,true
2016-07-04,2016,27,near,936017,7,true
2016-07-11,2016,28,away,751765,7,true
2016-07-11,2016,28,campus,806496,7,true
2016-07-11,2016,28,near,1059225,7,true
2016-07-18,2016,29,away,762941,7,true
2016-07-18,2016,29,campus,838623,7,true
2016-07-18,2016,29,near,1101586,7,true
2016-07-25,2016,30,away,743143,7,true
2016-07-25,2016,30,campus,811228,7,true
2016-07-25,2016,30,near,1076079,7,true
2016-08-01,2016,31,away,737763,7,true
2016-08-01,2016,31,campus,790870,7,true
2016-08-01,2016,31,near,1054135,7,true
2016-08-08,2016,32,away,730804,7,true
2016-08-08,2016,32,campus,773695,7,true
2016-08-08,2016,32,near,1025883,7,true
2016-08-15,2016,33,away,696153,7,true
2016-08-15,2016,33,campus,732614,7,true
2016-08-15,2016,33,near,1028019,7,true
2016-08-22,2016,34,away,710856,7,true
2016-08-22,2016,34,campus,737692,7,true
2016-08-22,2016,34,near,1003390,7,true
2016-08-29,2016,35,away,712031,7,true
2016-08-29,2016,35,campus,760133,7,true
2016-08-29,2016,35,near,996014,7,true
2016-09-05,2016,36,away,712844,7,true
2016-09-05,2016,36,campus,726342,7,true
2016-09-05,2016,36,near,942631,7,true
2016-09-12,2016,37,away,821755,7,true
2016-09-12,2016,37,campus,890723,7,true
2016-09-12,2016,37,near,1112932,7,true
2016-09-19,2016,38,away,799029,7,true
2016-09-19,2016,38,campus,821100,7,true
2016-09-19,2016,38,near,1080080,7,true
2016-09-26,2016,39,away,788824,7,true
2016-09-26,2016,39,campus,827841,7,true
2016-09-26,2016,39,near,1097993,7,true
2016-10-03,2016,40,away,808058,7,true
2016-10-03,2016,40,campus,825312,7,true
2016-10-03,2016,40,near,1080776,7,true
2016-10-10,2016,41,away,753939,7,true
2016-10-10,2016,41,campus,784789,7,true
2016-10-10,2016,41,near,1035749,7,true
2016-10-17,2016,42,away,795072,7,true
2016-10-17,2016,42,campus,845763,7,true
2016-10-17,2016,42,near,1106245,7,true
2016-10-24,2016,43,away,750234,7,true
2016-10-24,2016,43,campus,825694,7,true
2016-10-24,2016,43,near,1073025,7,true
2016-10-31,2016,44,away,763914,7,true
2016-10-31,2016,44,campus,830439,7,true
2016-10-31,2016,44,near,1071141,7,true
2016-11-07,2016,45,away,750614,7,true
2016-11-07,2016,45,campus,789731,7,true
2016-11-07,2016,45,near,1054159,7,true
2016-11-14,2016,46,away,761224,7,true
2016-11-14,2016,46,campus,846246,7,true
2016-11-14,2016,46,near,1088079,7,true
2016-11-21,2016,47,away,544816,7,true
2016-11-21,2016,47,campus,592526,7,true
2016-11-21,2016,47,near,776150,7,true
2016-11-28,2016,48,away,750565,7,true
2016-11-28,2016,48,campus,802557,7,true
2016-11-28,2016,48,near,1065516,7,true
2016-12-05,2016,49,away,746289,7,true
2016-12-05,2016,49,campus,800485,7,true
2016-12-05,2016,49,near,1065998,7,true
2016-12-12,2016,50,away,700958,7,true
2016-12-12,2016,50,campus,743688,7,true
2016-12-12,2016,50,near,996636,7,true
2016-12-19,2016,51,away,608149,7,true
2016-12-19,2016,51,campus,641749,7,true
2016-12-19,2016,51,near,846139,7,true
2016-12-26,2016,52,away,477143,7,true
2016-12-26,2016,52,campus,507743,7,true
2016-12-26,2016,52,near,680082,7,true
2017-01-02,2017,1,away,582949,7,true
2017-01-02,2017,1,campus,584338,7,true
2017-01-02,2017,1,near,843391,7,true
2017-01-09,2017,2,away,690568,7,true
2017-01-09,2017,2,campus,704344,7,true
2017-01-09,2017,2,near,997324,7,true
2017-01-16,2017,3,away,674773,7,true
2017-01-16,2017,3,campus,708648,7,true
2017-01-16,2017,3,near,972740,7,true
2017-01-23,2017,4,away,727151,7,true
2017-01-23,2017,4,campus,782434,7,true
2017-01-23,2017,4,near,1040558,7,true
2017-01-30,2017,5,away,726403,7,true
2017-01-30,2017,5,campus,763112,7,true
2017-01-30,2017,5,near,1021306,7,true
2017-02-06,2017,6,away,634534,7,true
2017-02-06,2017,6,campus,686227,7,true
2017-02-06,2017,6,near,935653,7,true
2017-02-13,2017,7,away,691309,7,true
2017-02-13,2017,7,campus,768717,7,true
2017-02-13,2017,7,near,1015201,7,true
2017-02-20,2017,8,away,645569,7,true
2017-02-20,2017,8,campus,727657,7,true
2017-02-20,2017,8,near,939352,7,true
2017-02-27,2017,9,away,702573,7,true
2017-02-27,2017,9,campus,767420,7,true
2017-02-27,2017,9,near,1009318,7,true
2017-03-06,2017,10,away,708104,7,true
2017-03-06,2017,10,campus,745447,7,true
2017-03-06,2017,10,near,1004983,7,true
2017-03-13,2017,11,away,627692,7,true
2017-03-13,2017,11,campus,663744,7,true
2017-03-13,2017,11,near,930256,7,true
2017-03-20,2017,12,away,739067,7,true
2017-03-20,2017,12,campus,775040,7,true
2017-03-20,2017,12,near,1056400,7,true
2017-03-27,2017,13,away,729056,7,true
2017-03-27,2017,13,campus,768818,7,true
2017-03-27,2017,13,near,1043713,7,true
2017-04-03,2017,14,away,761761,7,true
2017-04-03,2017,14,campus,820481,7,true
2017-04-03,2017,14,near,1091333,7,true
2017-04-10,2017,15,away,787287,7,true
2017-04-10,2017,15,campus,883235,7,true
2017-04-10,2017,15,near,1123993,7,true
2017-04-17,2017,16,away,717718,7,true
2017-04-17,2017,16,campus,807220,7,true
2017-04-17,2017,16,near,1056307,7,true
2017-04-24,2017,17,away,748706,7,true
2017-04-24,2017,17,campus,846628,7,true
2017-04-24,2017,17,near,1058413,7,true
2017-05-01,2017,18,away,754096,7,true
2017-05-01,2017,18,campus,796973,7,true
2017-05-01,2017,18,near,1044248,7,true
2017-05-08,2017,19,away,723190,7,true
2017-05-08,2017,19,campus,771927,7,true
2017-05-08,2017,19,near,1017537,7,true
2017-05-15,2017,20,away,788454,7,true
2017-05-15,2017,20,campus,772909,7,true
2017-05-15,2017,20,near,1064577,7,true
2017-05-22,2017,21,away,770030,7,true
2017-05-22,2017,21,campus,830397,7,true
2017-05-22,2017,21,near,1077637,7,true
2017-05-29,2017,22,away,672258,7,true
2017-05-29,2017,22,campus,662160,7,true
2017-05-29,2017,22,near,918001,7,true
2017-06-05,2017,23,away,772165,7,true
2017-06-05,2017,23,campus,813823,7,true
2017-06-05,2017,23,near,1095068,7,true
2017-06-12,2017,24,away,791056,7,true
2017-06-12,2017,24,campus,799460,7,true
2017-06-12,2017,24,near,1104727,7,true
2017-06-19,2017,25,away,776978,7,true
2017-06-19,2017,25,campus,794979,7,true
2017-06-19,2017,25,near,1090981,7,true
2017-06-26,2017,26,away,746944,7,true
2017-06-26,2017,26,campus,786331,7,true
2017-06-26,2017,26,near,1054780,7,true
2017-07-03,2017,27,away,624644,7,true
2017-07-03,2017,27,campus,649588,7,true
2017-07-03,2017,27,near,870274,7,true
2017-07-10,2017,28,away,748920,7,true
2017-07-10,2017,28,campus,790950,7,true
2017-07-10,2017,28,near,1074401,7,true
2017-07-17,2017,29,away,752734,7,true
2017-07-17,2017,29,campus,805544,7,true
2017-07-17,2017,29,near,1082833,7,true
2017-07-24,2017,30,away,732564,7,true
2017-07-24,2017,30,campus,784778,7,true
2017-07-24,2017,30,near,1064394,7,true
2017-07-31,2017,31,away,735920,7,true
2017-07-31,2017,31,campus,792111,7,true
2017-07-31,2017,31,near,1064852,7,true
2017-08-07,2017,32,away,732243,7,true
2017-08-07,2017,32,campus,742239,7,true
2017-08-07,2017,32,near,1031132,7,true
2017-08-14,2017,33,away,716648,7,true
2017-08-14,2017,33,campus,743332,7,true
2017-08-14,2017,33,near,1013017,7,true
2017-08-21,2017,34,away,701157,7,true
2017-08-21,2017,34,campus,703345,7,true
2017-08-21,2017,34,near,974052,7,true
2017-08-28,2017,35,away,687457,7,true
2017-08-28,2017,35,campus,704347,7,true
2017-08-28,2017,35,near,966705,7,true
2017-09-04,2017,36,away,687136,7,true
2017-09-04,2017,36,campus,742668,7,true
2017-09-04,2017,36,near,953944,7,true
2017-09-11,2017,37,away,787147,7,true
2017-09-11,2017,37,campus,839848,7,true
2017-09-11,2017,37,near,1093897,7,true
2017-09-18,2017,38,away,751542,7,true
2017-09-18,2017,38,campus,796172,7,true
2017-09-18,2017,38,near,1077176,7,true
2017-09-25,2017,39,away,780199,7,true
2017-09-25,2017,39,campus,816450,7,true
2017-09-25,2017,39,near,1063282,7,true
2017-10-02,2017,40,away,787852,7,true
2017-10-02,2017,40,campus,815002,7,true
2017-10-02,2017,40,near,1061334,7,true
2017-10-09,2017,41,away,731648,7,true
2017-10-09,2017,41,campus,756454,7,true
2017-10-09,2017,41,near,993190,7,true
2017-10-16,2017,42,away,802934,7,true
2017-10-16,2017,42,campus,839618,7,true
2017-10-16,2017,42,near,1093041,7,true
2017-10-23,2017,43,away,769837,7,true
2017-10-23,2017,43,campus,787410,7,true
2017-10-23,2017,43,near,1050449,7,true
2017-10-30,2017,44,away,756347,7,true
2017-10-30,2017,44,campus,788593,7,true
2017-10-30,2017,44,near,1039299,7,true
2017-11-06,2017,45,away,720307,7,true
2017-11-06,2017,45,campus,766473,7,true
2017-11-06,2017,45,near,1027384,7,true
2017-11-13,2017,46,away,740831,7,true
2017-11-13,2017,46,campus,798190,7,true
2017-11-13,2017,46,near,1059539,7,true
2017-11-20,2017,47,away,549227,7,true
2017-11-20,2017,47,campus,585186,7,true
2017-11-20,2017,47,near,767391,7,true
2017-11-27,2017,48,away,739289,7,true
2017-11-27,2017,48,campus,791774,7,true
2017-11-27,2017,48,near,1021718,7,true
2017-12-04,2017,49,away,739871,7,true
2017-12-04,2017,49,campus,780213,7,true
2017-12-04,2017,49,near,1031131,7,true
2017-12-11,2017,50,away,706286,7,true
2017-12-11,2017,50,campus,760974,7,true
2017-12-11,2017,50,near,992874,7,true
2017-12-18,2017,51,away,637557,7,true
2017-12-18,2017,51,campus,671144,7,true
2017-12-18,2017,51,near,892905,7,true
2017-12-25,2017,52,away,368240,7,true
2017-12-25,2017,52,campus,401434,7,true
2017-12-25,2017,52,near,548033,7,true
2018-01-01,2018,1,away,394655,7,true
2018-01-01,2018,1,campus,406534,7,true
2018-01-01,2018,1,near,591178,7,true
2018-01-08,2018,2,away,663050,7,true
2018-01-08,2018,2,campus,675050,7,true
2018-01-08,2018,2,near,970763,7,true
2018-01-15,2018,3,away,624365,7,true
2018-01-15,2018,3,campus,663413,7,true
2018-01-15,2018,3,near,897107,7,true
2018-01-22,2018,4,away,699722,7,true
2018-01-22,2018,4,campus,729457,7,true
2018-01-22,2018,4,near,982918,7,true
2018-01-29,2018,5,away,692495,7,true
2018-01-29,2018,5,campus,710311,7,true
2018-01-29,2018,5,near,985226,7,true
2018-02-05,2018,6,away,693852,7,true
2018-02-05,2018,6,campus,716819,7,true
2018-02-05,2018,6,near,973396,7,true
2018-02-12,2018,7,away,717416,7,true
2018-02-12,2018,7,campus,753267,7,true
2018-02-12,2018,7,near,1001531,7,true
2018-02-19,2018,8,away,621589,7,true
2018-02-19,2018,8,campus,676679,7,true
2018-02-19,2018,8,near,885211,7,true
2018-02-26,2018,9,away,686027,7,true
2018-02-26,2018,9,campus,700032,7,true
2018-02-26,2018,9,near,949032,7,true
2018-03-05,2018,10,away,666418,7,true
2018-03-05,2018,10,campus,673365,7,true
2018-03-05,2018,10,near,930539,7,true
2018-03-12,2018,11,away,603339,7,true
2018-03-12,2018,11,campus,622284,7,true
2018-03-12,2018,11,near,888309,7,true
2018-03-19,2018,12,away,707309,7,true
2018-03-19,2018,12,campus,748259,7,true
2018-03-19,2018,12,near,1015204,7,true
2018-03-26,2018,13,away,731407,7,true
2018-03-26,2018,13,campus,770236,7,true
2018-03-26,2018,13,near,1044937,7,true
2018-04-02,2018,14,away,768699,7,true
2018-04-02,2018,14,campus,802791,7,true
2018-04-02,2018,14,near,1126911,7,true
2018-04-09,2018,15,away,772853,7,true
2018-04-09,2018,15,campus,809199,7,true
2018-04-09,2018,15,near,1093940,7,true
2018-04-16,2018,16,away,674508,7,true
2018-04-16,2018,16,campus,716010,7,true
2018-04-16,2018,16,near,970959,7,true
2018-04-23,2018,17,away,747901,7,true
2018-04-23,2018,17,campus,775135,7,true
2018-04-23,2018,17,near,1027276,7,true
2018-04-30,2018,18,away,768717,7,true
2018-04-30,2018,18,campus,791902,7,true
2018-04-30,2018,18,near,1058593,7,true
2018-05-07,2018,19,away,744509,7,true
2018-05-07,2018,19,campus,739650,7,true
2018-05-07,2018,19,near,998782,7,true
2018-05-14,2018,20,away,751875,7,true
2018-05-14,2018,20,campus,764517,7,true
2018-05-14,2018,20,near,1037620,7,true
2018-05-21,2018,21,away,746167,7,true
2018-05-21,2018,21,campus,783637,7,true
2018-05-21,2018,21,near,1062059,7,true
2018-05-28,2018,22,away,672842,7,true
2018-05-28,2018,22,campus,668290,7,true
2018-05-28,2018,22,near,918178,7,true
2018-06-04,2018,23,away,773195,7,true
2018-06-04,2018,23,campus,813839,7,true
2018-06-04,2018,23,near,1086714,7,true
2018-06-11,2018,24,away,753220,7,true
2018-06-11,2018,24,campus,756793,7,true
2018-06-11,2018,24,near,1040580,7,true
2018-06-18,2018,25,away,743035,7,true
2018-06-18,2018,25,campus,758470,7,true
2018-06-18,2018,25,near,1051795,7,true
2018-06-25,2018,26,away,736449,7,true
2018-06-25,2018,26,campus,763717,7,true
2018-06-25,2018,26,near,1030137,7,true
2018-07-02,2018,27,away,605342,7,true
2018-07-02,2018,27,campus,624773,7,true
2018-07-02,2018,27,near,848790,7,true
2018-07-09,2018,28,away,754352,7,true
2018-07-09,2018,28,campus,807764,7,true
2018-07-09,2018,28,near,1068157,7,true
2018-07-16,2018,29,away,726120,7,true
2018-07-16,2018,29,campus,773013,7,true
2018-07-16,2018,29,near,1059904,7,true
2018-07-23,2018,30,away,725525,7,true
2018-07-23,2018,30,campus,798435,7,true
2018-07-23,2018,30,near,1102742,7,true
2018-07-30,2018,31,away,722162,7,true
2018-07-30,2018,31,campus,778416,7,true
2018-07-30,2018,31,near,1077940,7,true
2018-08-06,2018,32,away,686951,7,true
2018-08-06,2018,32,campus,715601,7,true
2018-08-06,2018,32,near,1026882,7,true
2018-08-13,2018,33,away,694434,7,true
2018-08-13,2018,33,campus,724999,7,true
2018-08-13,2018,33,near,1009479,7,true
2018-08-20,2018,34,away,696442,7,true
2018-08-20,2018,34,campus,713259,7,true
2018-08-20,2018,34,near,987630,7,true
2018-08-27,2018,35,away,671049,7,true
2018-08-27,2018,35,campus,688940,7,true
2018-08-27,2018,35,near,964105,7,true
2018-09-03,2018,36,away,675522,7,true
2018-09-03,2018,36,campus,701691,7,true
2018-09-03,2018,36,near,949795,7,true
2018-09-10,2018,37,away,783037,7,true
2018-09-10,2018,37,campus,827054,7,true
2018-09-10,2018,37,near,1081928,7,true
2018-09-17,2018,38,away,774890,7,true
2018-09-17,2018,38,campus,773851,7,true
2018-09-17,2018,38,near,1035829,7,true
2018-09-24,2018,39,away,771013,7,true
2018-09-24,2018,39,campus,806479,7,true
2018-09-24,2018,39,near,1088592,7,true
2018-10-01,2018,40,away,791599,7,true
2018-10-01,2018,40,campus,813250,7,true
2018-10-01,2018,40,near,1063354,7,true
2018-10-08,2018,41,away,727790,7,true
2018-10-08,2018,41,campus,761442,7,true
2018-10-08,2018,41,near,1042037,7,true
2018-10-15,2018,42,away,789970,7,true
2018-10-15,2018,42,campus,812870,7,true
2018-10-15,2018,42,near,1070012,7,true
2018-10-22,2018,43,away,768667,7,true
2018-10-22,2018,43,campus,794441,7,true
2018-10-22,2018,43,near,1078933,7,true
2018-10-29,2018,44,away,794715,7,true
2018-10-29,2018,44,campus,822282,7,true
2018-10-29,2018,44,near,1094874,7,true
2018-11-05,2018,45,away,765570,7,true
2018-11-05,2018,45,campus,807840,7,true
2018-11-05,2018,45,near,1077835,7,true
2018-11-12,2018,46,away,705761,7,true
2018-11-12,2018,46,campus,763570,7,true
2018-11-12,2018,46,near,1020321,7,true
2018-11-19,2018,47,away,523167,7,true
2018-11-19,2018,47,campus,549711,7,true
2018-11-19,2018,47,near,734502,7,true
2018-11-26,2018,48,away,736030,7,true
2018-11-26,2018,48,campus,782960,7,true
2018-11-26,2018,48,near,1040389,7,true
2018-12-03,2018,49,away,749678,7,true
2018-12-03,2018,49,campus,765099,7,true
2018-12-03,2018,49,near,1045888,7,true
2018-12-10,2018,50,away,742946,7,true
2018-12-10,2018,50,campus,741822,7,true
2018-12-10,2018,50,near,1031888,7,true
2018-12-17,2018,51,away,686808,7,true
2018-12-17,2018,51,campus,683816,7,true
2018-12-17,2018,51,near,950299,7,true
2018-12-24,2018,52,away,406076,7,true
2018-12-24,2018,52,campus,408591,7,true
2018-12-24,2018,52,near,548952,7,true
2018-12-31,2019,1,away,531739,7,true
2018-12-31,2019,1,campus,500561,7,true
2018-12-31,2019,1,near,727905,7,true
2019-01-07,2019,2,away,679677,7,true
2019-01-07,2019,2,campus,638737,7,true
2019-01-07,2019,2,near,968216,7,true
2019-01-14,2019,3,away,690513,7,true
2019-01-14,2019,3,campus,663952,7,true
2019-01-14,2019,3,near,956775,7,true
2019-01-21,2019,4,away,617993,7,true
2019-01-21,2019,4,campus,632527,7,true
2019-01-21,2019,4,near,863603,7,true
2019-01-28,2019,5,away,699392,7,true
2019-01-28,2019,5,campus,699167,7,true
2019-01-28,2019,5,near,956739,7,true
2019-02-04,2019,6,away,725811,7,true
2019-02-04,2019,6,campus,768315,7,true
2019-02-04,2019,6,near,1020295,7,true
2019-02-11,2019,7,away,707572,7,true
2019-02-11,2019,7,campus,743396,7,true
2019-02-11,2019,7,near,999432,7,true
2019-02-18,2019,8,away,610550,7,true
2019-02-18,2019,8,campus,650765,7,true
2019-02-18,2019,8,near,870769,7,true
2019-02-25,2019,9,away,707300,7,true
2019-02-25,2019,9,campus,696333,7,true
2019-02-25,2019,9,near,987052,7,true
2019-03-04,2019,10,away,667934,7,true
2019-03-04,2019,10,campus,693052,7,true
2019-03-04,2019,10,near,952436,7,true
2019-03-11,2019,11,away,737348,7,true
2019-03-11,2019,11,campus,742584,7,true
2019-03-11,2019,11,near,1040620,7,true
2019-03-18,2019,12,away,711299,7,true
2019-03-18,2019,12,campus,725149,7,true
2019-03-18,2019,12,near,1015841,7,true
2019-03-25,2019,13,away,745059,7,true
2019-03-25,2019,13,campus,771198,7,true
2019-03-25,2019,13,near,1036259,7,true
2019-04-01,2019,14,away,745367,7,true
2019-04-01,2019,14,campus,767872,7,true
2019-04-01,2019,14,near,1032058,7,true
2019-04-08,2019,15,away,785488,7,true
2019-04-08,2019,15,campus,805743,7,true
2019-04-08,2019,15,near,1088520,7,true
2019-04-15,2019,16,away,682511,7,true
2019-04-15,2019,16,campus,728917,7,true
2019-04-15,2019,16,near,984095,7,true
2019-04-22,2019,17,away,754538,7,true
2019-04-22,2019,17,campus,803805,7,true
2019-04-22,2019,17,near,1055427,7,true
2019-04-29,2019,18,away,767532,7,true
2019-04-29,2019,18,campus,761126,7,true
2019-04-29,2019,18,near,1038888,7,true
2019-05-06,2019,19,away,777732,7,true
2019-05-06,2019,19,campus,742405,7,true
2019-05-06,2019,19,near,1030579,7,true
2019-05-13,2019,20,away,783832,7,true
2019-05-13,2019,20,campus,755406,7,true
2019-05-13,2019,20,near,1058647,7,true
2019-05-20,2019,21,away,764981,7,true
2019-05-20,2019,21,campus,737295,7,true
2019-05-20,2019,21,near,1039022,7,true
2019-05-27,2019,22,away,712736,7,true
2019-05-27,2019,22,campus,682428,7,true
2019-05-27,2019,22,near,948671,7,true
2019-06-03,2019,23,away,818350,7,true
2019-06-03,2019,23,campus,807148,7,true
2019-06-03,2019,23,near,1107647,7,true
2019-06-10,2019,24,away,730758,7,true
2019-06-10,2019,24,campus,743930,7,true
2019-06-10,2019,24,near,1038390,7,true
2019-06-17,2019,25,away,755846,7,true
2019-06-17,2019,25,campus,746050,7,true
2019-06-17,2019,25,near,1044175,7,true
2019-06-24,2019,26,away,735217,7,true
2019-06-24,2019,26,campus,726902,7,true
2019-06-24,2019,26,near,1025541,7,true
2019-07-01,2019,27,away,596011,7,true
2019-07-01,2019,27,campus,600036,7,true
2019-07-01,2019,27,near,804066,7,true
2019-07-08,2019,28,away,744527,7,true
2019-07-08,2019,28,campus,754364,7,true
2019-07-08,2019,28,near,1037245,7,true
2019-07-15,2019,29,away,725123,7,true
2019-07-15,2019,29,campus,746307,7,true
2019-07-15,2019,29,near,1029940,7,true
2019-07-22,2019,30,away,740300,7,true
2019-07-22,2019,30,campus,760605,7,true
2019-07-22,2019,30,near,1046288,7,true
2019-07-29,2019,31,away,728703,7,true
2019-07-29,2019,31,campus,743797,7,true
2019-07-29,2019,31,near,1026288,7,true
2019-08-05,2019,32,away,711261,7,true
2019-08-05,2019,32,campus,745540,7,true
2019-08-05,2019,32,near,1032053,7,true
2019-08-12,2019,33,away,707768,7,true
2019-08-12,2019,33,campus,701580,7,true
2019-08-12,2019,33,near,1005472,7,true
2019-08-19,2019,34,away,681939,7,true
2019-08-19,2019,34,campus,676107,7,true
2019-08-19,2019,34,near,947725,7,true
2019-08-26,2019,35,away,679371,7,true
2019-08-26,2019,35,campus,683563,7,true
2019-08-26,2019,35,near,946836,7,true
2019-09-02,2019,36,away,665007,7,true
2019-09-02,2019,36,campus,703701,7,true
2019-09-02,2019,36,near,918299,7,true
2019-09-09,2019,37,away,762742,7,true
2019-09-09,2019,37,campus,790373,7,true
2019-09-09,2019,37,near,1049869,7,true
2019-09-16,2019,38,away,787224,7,true
2019-09-16,2019,38,campus,818447,7,true
2019-09-16,2019,38,near,1080326,7,true
2019-09-23,2019,39,away,774171,7,true
2019-09-23,2019,39,campus,793943,7,true
2019-09-23,2019,39,near,1083571,7,true
2019-09-30,2019,40,away,755900,7,true
2019-09-30,2019,40,campus,753871,7,true
2019-09-30,2019,40,near,990827,7,true
2019-10-07,2019,41,away,757394,7,true
2019-10-07,2019,41,campus,763206,7,true
2019-10-07,2019,41,near,1009782,7,true
2019-10-14,2019,42,away,725704,7,true
2019-10-14,2019,42,campus,734603,7,true
2019-10-14,2019,42,near,951642,7,true
2019-10-21,2019,43,away,745109,7,true
2019-10-21,2019,43,campus,737107,7,true
2019-10-21,2019,43,near,967767,7,true
2019-10-28,2019,44,away,766290,7,true
2019-10-28,2019,44,campus,767278,7,true
2019-10-28,2019,44,near,1010357,7,true
2019-11-04,2019,45,away,757156,7,true
2019-11-04,2019,45,campus,754890,7,true
2019-11-04,2019,45,near,985106,7,true
2019-11-11,2019,46,away,657904,7,true
2019-11-11,2019,46,campus,698582,7,true
2019-11-11,2019,46,near,954061,7,true
2019-11-18,2019,47,away,685004,7,true
2019-11-18,2019,47,campus,711945,7,true
2019-11-18,2019,47,near,987755,7,true
2019-11-25,2019,48,away,538787,7,true
2019-11-25,2019,48,campus,540314,7,true
2019-11-25,2019,48,near,728822,7,true
2019-12-02,2019,49,away,653466,7,true
2019-12-02,2019,49,campus,714738,7,true
2019-12-02,2019,49,near,966803,7,true
2019-12-09,2019,50,away,689830,7,true
2019-12-09,2019,50,campus,728849,7,true
2019-12-09,2019,50,near,987828,7,true
2019-12-16,2019,51,away,690951,7,true
2019-12-16,2019,51,campus,702199,7,true
2019-12-16,2019,51,near,974335,7,true
2019-12-23,2019,52,away,416665,7,true
2019-12-23,2019,52,campus,417295,7,true
2019-12-23,2019,52,near,548174,7,true
2019-12-30,2020,1,away,479535,7,true
2019-12-30,2020,1,campus,457938,7,true
2019-12-30,2020,1,near,660718,7,true
2020-01-06,2020,2,away,685687,7,true
2020-01-06,2020,2,campus,678011,7,true
2020-01-06,2020,2,near,979032,7,true
2020-01-13,2020,3,away,686064,7,true
2020-01-13,2020,3,campus,662202,7,true
2020-01-13,2020,3,near,947088,7,true
2020-01-20,2020,4,away,607529,7,true
2020-01-20,2020,4,campus,623863,7,true
2020-01-20,2020,4,near,843388,7,true
2020-01-27,2020,5,away,723857,7,true
2020-01-27,2020,5,campus,708991,7,true
2020-01-27,2020,5,near,987098,7,true
2020-02-03,2020,6,away,684074,7,true
2020-02-03,2020,6,campus,680382,7,true
2020-02-03,2020,6,near,916007,7,true
2020-02-10,2020,7,away,698391,7,true
2020-02-10,2020,7,campus,687089,7,true
2020-02-10,2020,7,near,939938,7,true
2020-02-17,2020,8,away,612942,7,true
2020-02-17,2020,8,campus,642006,7,true
2020-02-17,2020,8,near,881735,7,true
2020-02-24,2020,9,away,720271,7,true
2020-02-24,2020,9,campus,727859,7,true
2020-02-24,2020,9,near,995912,7,true
2020-03-02,2020,10,away,695685,7,true
2020-03-02,2020,10,campus,688543,7,true
2020-03-02,2020,10,near,933897,7,true
2020-03-09,2020,11,away,564099,7,true
2020-03-09,2020,11,campus,499086,7,true
2020-03-09,2020,11,near,682042,7,true
2020-03-16,2020,12,away,191398,7,true
2020-03-16,2020,12,campus,134452,7,true
2020-03-16,2020,12,near,192896,7,true
2020-03-23,2020,13,away,108403,7,true
2020-03-23,2020,13,campus,66057,7,true
2020-03-23,2020,13,near,100411,7,true
2020-03-30,2020,14,away,89442,7,true
2020-03-30,2020,14,campus,52489,7,true
2020-03-30,2020,14,near,83189,7,true
2020-04-06,2020,15,away,78324,7,true
2020-04-06,2020,15,campus,45967,7,true
2020-04-06,2020,15,near,73720,7,true
2020-04-13,2020,16,away,74359,7,true
2020-04-13,2020,16,campus,43476,7,true
2020-04-13,2020,16,near,70819,7,true
2020-04-20,2020,17,away,76719,7,true
2020-04-20,2020,17,campus,43042,7,true
2020-04-20,2020,17,near,71886,7,true
2020-04-27,2020,18,away,80825,7,true
2020-04-27,2020,18,campus,46779,7,true
2020-04-27,2020,18,near,76505,7,true
2020-05-04,2020,19,away,89395,7,true
2020-05-04,2020,19,campus,50252,7,true
2020-05-04,2020,19,near,81115,7,true
2020-05-11,2020,20,away,94446,7,true
2020-05-11,2020,20,campus,51317,7,true
2020-05-11,2020,20,near,85266,7,true
2020-05-18,2020,21,away,69775,7,true
2020-05-18,2020,21,campus,66422,7,true
2020-05-18,2020,21,near,88529,7,true
2020-05-25,2020,22,away,73161,7,true
2020-05-25,2020,22,campus,72290,7,true
2020-05-25,2020,22,near,91313,7,true
2020-06-01,2020,23,away,119979,7,true
2020-06-01,2020,23,campus,72613,7,true
2020-06-01,2020,23,near,113867,7,true
2020-06-08,2020,24,away,137716,7,true
2020-06-08,2020,24,campus,87543,7,true
2020-06-08,2020,24,near,131706,7,true
2020-06-15,2020,25,away,151077,7,true
2020-06-15,2020,25,campus,99962,7,true
2020-06-15,2020,25,near,146148,7,true
2020-06-22,2020,26,away,158083,7,true
2020-06-22,2020,26,campus,111255,7,true
2020-06-22,2020,26,near,157212,7,true
2020-06-29,2020,27,away,160375,7,true
2020-06-29,2020,27,campus,108957,7,true
2020-06-29,2020,27,near,158081,7,true
2020-07-06,2020,28,away,182214,7,true
2020-07-06,2020,28,campus,121104,7,true
2020-07-06,2020,28,near,180754,7,true
2020-07-13,2020,29,away,186856,7,true
2020-07-13,2020,29,campus,125821,7,true
2020-07-13,2020,29,near,188580,7,true
2020-07-20,2020,30,away,195723,7,true
2020-07-20,2020,30,campus,130768,7,true
2020-07-20,2020,30,near,197126,7,true
2020-07-27,2020,31,away,188226,7,true
2020-07-27,2020,31,campus,140930,7,true
2020-07-27,2020,31,near,197544,7,true
2020-08-03,2020,32,away,188876,7,true
2020-08-03,2020,32,campus,143336,7,true
2020-08-03,2020,32,near,207322,7,true
2020-08-10,2020,33,away,190199,7,true
2020-08-10,2020,33,campus,144400,7,true
2020-08-10,2020,33,near,208283,7,true
2020-08-17,2020,34,away,208492,7,true
2020-08-17,2020,34,campus,149531,7,true
2020-08-17,2020,34,near,218143,7,true
2020-08-24,2020,35,away,213969,7,true
2020-08-24,2020,35,campus,156841,7,true
2020-08-24,2020,35,near,223047,7,true
2020-08-31,2020,36,away,226227,7,true
2020-08-31,2020,36,campus,172471,7,true
2020-08-31,2020,36,near,249688,7,true
2020-09-07,2020,37,away,221097,7,true
2020-09-07,2020,37,campus,166173,7,true
2020-09-07,2020,37,near,239780,7,true
2020-09-14,2020,38,away,235193,7,true
2020-09-14,2020,38,campus,178765,7,true
2020-09-14,2020,38,near,258958,7,true
2020-09-21,2020,39,away,237904,7,true
2020-09-21,2020,39,campus,179501,7,true
2020-09-21,2020,39,near,258801,7,true
2020-09-28,2020,40,away,236923,7,true
2020-09-28,2020,40,campus,179026,7,true
2020-09-28,2020,40,near,259866,7,true
2020-10-05,2020,41,away,239918,7,true
2020-10-05,2020,41,campus,194411,7,true
2020-10-05,2020,41,near,264412,7,true
2020-10-12,2020,42,away,220873,7,true
2020-10-12,2020,42,campus,173239,7,true
2020-10-12,2020,42,near,249524,7,true
2020-10-19,2020,43,away,237578,7,true
2020-10-19,2020,43,campus,183544,7,true
2020-10-19,2020,43,near,264257,7,true
2020-10-26,2020,44,away,218894,7,true
2020-10-26,2020,44,campus,171376,7,true
2020-10-26,2020,44,near,248859,7,true
2020-11-02,2020,45,away,229304,7,true
2020-11-02,2020,45,campus,176147,7,true
2020-11-02,2020,45,near,249028,7,true
2020-11-09,2020,46,away,219465,7,true
2020-11-09,2020,46,campus,170391,7,true
2020-11-09,2020,46,near,245181,7,true
2020-11-16,2020,47,away,216209,7,true
2020-11-16,2020,47,campus,165552,7,true
2020-11-16,2020,47,near,237361,7,true
2020-11-23,2020,48,away,179166,7,true
2020-11-23,2020,48,campus,132028,7,true
2020-11-23,2020,48,near,184990,7,true
2020-11-30,2020,49,away,202337,7,true
2020-11-30,2020,49,campus,147645,7,true
2020-11-30,2020,49,near,219299,7,true
2020-12-07,2020,50,away,202344,7,true
2020-12-07,2020,50,campus,150498,7,true
2020-12-07,2020,50,near,207568,7,true
2020-12-14,2020,51,away,187895,7,true
2020-12-14,2020,51,campus,140682,7,true
2020-12-14,2020,51,near,199983,7,true
2020-12-21,2020,52,away,168614,7,true
2020-12-21,2020,52,campus,123407,7,true
2020-12-21,2020,52,near,167548,7,true
2020-12-28,2020,53,away,153043,7,true
2020-12-28,2020,53,campus,107178,7,true
2020-12-28,2020,53,near,150606,7,true
2021-01-04,2021,1,away,196031,7,true
2021-01-04,2021,1,campus,138481,7,true
2021-01-04,2021,1,near,199429,7,true
2021-01-11,2021,2,away,199912,7,true
2021-01-11,2021,2,campus,142244,7,true
2021-01-11,2021,2,near,208869,7,true
2021-01-18,2021,3,away,192278,7,true
2021-01-18,2021,3,campus,141908,7,true
2021-01-18,2021,3,near,201237,7,true
2021-01-25,2021,4,away,190383,7,true
2021-01-25,2021,4,campus,143998,7,true
2021-01-25,2021,4,near,207521,7,true
2021-02-01,2021,5,away,196730,7,true
2021-02-01,2021,5,campus,149936,7,true
2021-02-01,2021,5,near,210718,7,true
2021-02-08,2021,6,away,204513,7,true
2021-02-08,2021,6,campus,167387,7,true
2021-02-08,2021,6,near,231404,7,true
2021-02-15,2021,7,away,194747,7,true
2021-02-15,2021,7,campus,156711,7,true
2021-02-15,2021,7,near,213503,7,true
2021-02-22,2021,8,away,217813,7,true
2021-02-22,2021,8,campus,168822,7,true
2021-02-22,2021,8,near,228330,7,true
2021-03-01,2021,9,away,219628,7,true
2021-03-01,2021,9,campus,172390,7,true
2021-03-01,2021,9,near,231760,7,true
2021-03-08,2021,10,away,233773,7,true
2021-03-08,2021,10,campus,182794,7,true
2021-03-08,2021,10,near,248358,7,true
2021-03-15,2021,11,away,223791,7,true
2021-03-15,2021,11,campus,187075,7,true
2021-03-15,2021,11,near,255475,7,true
2021-03-22,2021,12,away,230089,7,true
2021-03-22,2021,12,campus,190263,7,true
2021-03-22,2021,12,near,268997,7,true
2021-03-29,2021,13,away,233770,7,true
2021-03-29,2021,13,campus,200727,7,true
2021-03-29,2021,13,near,280610,7,true
2021-04-05,2021,14,away,248076,7,true
2021-04-05,2021,14,campus,210471,7,true
2021-04-05,2021,14,near,295744,7,true
2021-04-12,2021,15,away,246785,7,true
2021-04-12,2021,15,campus,202619,7,true
2021-04-12,2021,15,near,269679,7,true
2021-04-19,2021,16,away,245127,7,true
2021-04-19,2021,16,campus,219438,7,true
2021-04-19,2021,16,near,280242,7,true
2021-04-26,2021,17,away,259066,7,true
2021-04-26,2021,17,campus,215914,7,true
2021-04-26,2021,17,near,287597,7,true
2021-05-03,2021,18,away,271429,7,true
2021-05-03,2021,18,campus,223595,7,true
2021-05-03,2021,18,near,298875,7,true
2021-05-10,2021,19,away,284561,7,true
2021-05-10,2021,19,campus,233528,7,true
2021-05-10,2021,19,near,311696,7,true
2021-05-17,2021,20,away,293627,7,true
2021-05-17,2021,20,campus,237158,7,true
2021-05-17,2021,20,near,319738,7,true
2021-05-24,2021,21,away,286032,7,true
2021-05-24,2021,21,campus,241078,7,true
2021-05-24,2021,21,near,323939,7,true
2021-05-31,2021,22,away,289516,7,true
2021-05-31,2021,22,campus,235059,7,true
2021-05-31,2021,22,near,316358,7,true
2021-06-07,2021,23,away,321981,7,true
2021-06-07,2021,23,campus,280596,7,true
2021-06-07,2021,23,near,370024,7,true
2021-06-14,2021,24,away,317856,7,true
2021-06-14,2021,24,campus,264780,7,true
2021-06-14,2021,24,near,363455,7,true
2021-06-21,2021,25,away,318558,7,true
2021-06-21,2021,25,campus,283011,7,true
2021-06-21,2021,25,near,390404,7,true
2021-06-28,2021,26,away,286613,7,true
2021-06-28,2021,26,campus,257051,7,true
2021-06-28,2021,26,near,372576,7,true
2021-07-05,2021,27,away,304074,7,true
2021-07-05,2021,27,campus,274167,7,true
2021-07-05,2021,27,near,362556,7,true
2021-07-12,2021,28,away,328103,7,true
2021-07-12,2021,28,campus,286161,7,true
2021-07-12,2021,28,near,399052,7,true
2021-07-19,2021,29,away,351666,7,true
2021-07-19,2021,29,campus,317034,7,true
2021-07-19,2021,29,near,426229,7,true
2021-07-26,2021,30,away,347244,7,true
2021-07-26,2021,30,campus,315645,7,true
2021-07-26,2021,30,near,424769,7,true
2021-08-02,2021,31,away,343114,7,true
2021-08-02,2021,31,campus,313287,7,true
2021-08-02,2021,31,near,424996,7,true
2021-08-09,2021,32,away,343313,7,true
2021-08-09,2021,32,campus,315266,7,true
2021-08-09,2021,32,near,428512,7,true
2021-08-16,2021,33,away,324637,7,true
2021-08-16,2021,33,campus,287236,7,true
2021-08-16,2021,33,near,393007,7,true
2021-08-23,2021,34,away,339793,7,true
2021-08-23,2021,34,campus,336542,7,true
2021-08-23,2021,34,near,432815,7,true
2021-08-30,2021,35,away,355882,7,true
2021-08-30,2021,35,campus,356693,7,true
2021-08-30,2021,35,near,452835,7,true
2021-09-06,2021,36,away,384876,7,true
2021-09-06,2021,36,campus,362567,7,true
2021-09-06,2021,36,near,460540,7,true
2021-09-13,2021,37,away,419819,7,true
2021-09-13,2021,37,campus,385108,7,true
2021-09-13,2021,37,near,500554,7,true
2021-09-20,2021,38,away,422068,7,true
2021-09-20,2021,38,campus,406218,7,true
2021-09-20,2021,38,near,525842,7,true
2021-09-27,2021,39,away,412418,7,true
2021-09-27,2021,39,campus,382132,7,true
2021-09-27,2021,39,near,511932,7,true
2021-10-04,2021,40,away,443277,7,true
2021-10-04,2021,40,campus,401413,7,true
2021-10-04,2021,40,near,542373,7,true
2021-10-11,2021,41,away,420809,7,true
2021-10-11,2021,41,campus,400545,7,true
2021-10-11,2021,41,near,514316,7,true
2021-10-18,2021,42,away,450307,7,true
2021-10-18,2021,42,campus,425074,7,true
2021-10-18,2021,42,near,554720,7,true
2021-10-25,2021,43,away,391213,7,true
2021-10-25,2021,43,campus,380126,7,true
2021-10-25,2021,43,near,498518,7,true
2021-11-01,2021,44,away,421843,7,true
2021-11-01,2021,44,campus,400718,7,true
2021-11-01,2021,44,near,521658,7,true
2021-11-08,2021,45,away,402957,7,true
2021-11-08,2021,45,campus,393916,7,true
2021-11-08,2021,45,near,513092,7,true
2021-11-15,2021,46,away,413091,7,true
2021-11-15,2021,46,campus,382941,7,true
2021-11-15,2021,46,near,513624,7,true
2021-11-22,2021,47,away,301475,7,true
2021-11-22,2021,47,campus,287876,7,true
2021-11-22,2021,47,near,384798,7,true
2021-11-29,2021,48,away,396348,7,true
2021-11-29,2021,48,campus,374321,7,true
2021-11-29,2021,48,near,495443,7,true
2021-12-06,2021,49,away,388287,7,true
2021-12-06,2021,49,campus,357057,7,true
2021-12-06,2021,49,near,485334,7,true
2021-12-13,2021,50,away,383274,7,true
2021-12-13,2021,50,campus,357379,7,true
2021-12-13,2021,50,near,461521,7,true
2021-12-20,2021,51,away,267663,7,true
2021-12-20,2021,51,campus,238562,7,true
2021-12-20,2021,51,near,306585,7,true
2021-12-27,2021,52,away,235756,7,true
2021-12-27,2021,52,campus,211185,7,true
2021-12-27,2021,52,near,289095,7,true
2022-01-03,2022,1,away,252193,7,true
2022-01-03,2022,1,campus,217451,7,true
2022-01-03,2022,1,near,308905,7,true
2022-01-10,2022,2,away,269828,7,true
2022-01-10,2022,2,campus,234791,7,true
2022-01-10,2022,2,near,342219,7,true
2022-01-17,2022,3,away,288777,7,true
2022-01-17,2022,3,campus,257840,7,true
2022-01-17,2022,3,near,366200,7,true
2022-01-24,2022,4,away,307848,7,true
2022-01-24,2022,4,campus,258085,7,true
2022-01-24,2022,4,near,369102,7,true
2022-01-31,2022,5,away,340957,7,true
2022-01-31,2022,5,campus,308131,7,true
2022-01-31,2022,5,near,430229,7,true
2022-02-07,2022,6,away,386060,7,true
2022-02-07,2022,6,campus,346153,7,true
2022-02-07,2022,6,near,478740,7,true
2022-02-14,2022,7,away,375485,7,true
2022-02-14,2022,7,campus,352538,7,true
2022-02-14,2022,7,near,457914,7,true
2022-02-21,2022,8,away,323350,7,true
2022-02-21,2022,8,campus,309792,7,true
2022-02-21,2022,8,near,411578,7,true
2022-02-28,2022,9,away,393191,7,true
2022-02-28,2022,9,campus,367789,7,true
2022-02-28,2022,9,near,494068,7,true
2022-03-07,2022,10,away,391036,7,true
2022-03-07,2022,10,campus,358830,7,true
2022-03-07,2022,10,near,477577,7,true
2022-03-14,2022,11,away,408010,7,true
2022-03-14,2022,11,campus,387753,7,true
2022-03-14,2022,11,near,522570,7,true
2022-03-21,2022,12,away,419042,7,true
2022-03-21,2022,12,campus,387527,7,true
2022-03-21,2022,12,near,510365,7,true
2022-03-28,2022,13,away,400964,7,true
2022-03-28,2022,13,campus,365620,7,true
2022-03-28,2022,13,near,433257,7,true
2022-04-04,2022,14,away,412431,7,true
2022-04-04,2022,14,campus,392466,7,true
2022-04-04,2022,14,near,494084,7,true
2022-04-11,2022,15,away,434690,7,true
2022-04-11,2022,15,campus,433744,7,true
2022-04-11,2022,15,near,564819,7,true
2022-04-18,2022,16,away,396604,7,true
2022-04-18,2022,16,campus,419796,7,true
2022-04-18,2022,16,near,545121,7,true
2022-04-25,2022,17,away,348610,7,true
2022-04-25,2022,17,campus,341456,7,true
2022-04-25,2022,17,near,511711,7,true
2022-05-02,2022,18,away,342744,7,true
2022-05-02,2022,18,campus,360309,7,true
2022-05-02,2022,18,near,517474,7,true
2022-05-09,2022,19,away,350152,7,true
2022-05-09,2022,19,campus,339174,7,true
2022-05-09,2022,19,near,526055,7,true
2022-05-16,2022,20,away,403555,7,true
2022-05-16,2022,20,campus,392291,7,true
2022-05-16,2022,20,near,533291,7,true
2022-05-23,2022,21,away,480940,7,true
2022-05-23,2022,21,campus,449615,7,true
2022-05-23,2022,21,near,566133,7,true
2022-05-30,2022,22,away,432367,7,true
2022-05-30,2022,22,campus,369977,7,true
2022-05-30,2022,22,near,498233,7,true
2022-06-06,2022,23,away,453435,7,true
2022-06-06,2022,23,campus,406589,7,true
2022-06-06,2022,23,near,563214,7,true
2022-06-13,2022,24,away,466574,7,true
2022-06-13,2022,24,campus,428206,7,true
2022-06-13,2022,24,near,580877,7,true
2022-06-20,2022,25,away,423628,7,true
2022-06-20,2022,25,campus,390056,7,true
2022-06-20,2022,25,near,470282,7,true
2022-06-27,2022,26,away,423132,7,true
2022-06-27,2022,26,campus,387785,7,true
2022-06-27,2022,26,near,510281,7,true
2022-07-04,2022,27,away,415920,7,true
2022-07-04,2022,27,campus,402855,7,true
2022-07-04,2022,27,near,497988,7,true
2022-07-11,2022,28,away,464126,7,true
2022-07-11,2022,28,campus,404812,7,true
2022-07-11,2022,28,near,564495,7,true
2022-07-18,2022,29,away,437884,7,true
2022-07-18,2022,29,campus,387208,7,true
2022-07-18,2022,29,near,538275,7,true
2022-07-25,2022,30,away,463579,7,true
2022-07-25,2022,30,campus,416623,7,true
2022-07-25,2022,30,near,570987,7,true
2022-08-01,2022,31,away,447873,7,true
2022-08-01,2022,31,campus,378720,7,true
2022-08-01,2022,31,near,530927,7,true
2022-08-08,2022,32,away,451144,7,true
2022-08-08,2022,32,campus,413383,7,true
2022-08-08,2022,32,near,552432,7,true
2022-08-15,2022,33,away,429374,7,true
2022-08-15,2022,33,campus,368144,7,true
2022-08-15,2022,33,near,484686,7,true
2022-08-22,2022,34,away,359577,7,true
2022-08-22,2022,34,campus,346129,7,true
2022-08-22,2022,34,near,316910,7,true
2022-08-29,2022,35,away,363484,7,true
2022-08-29,2022,35,campus,380023,7,true
2022-08-29,2022,35,near,317166,7,true
2022-09-05,2022,36,away,374788,7,true
2022-09-05,2022,36,campus,383029,7,true
2022-09-05,2022,36,near,316538,7,true
2022-09-12,2022,37,away,425167,7,true
2022-09-12,2022,37,campus,431307,7,true
2022-09-12,2022,37,near,354660,7,true
2022-09-19,2022,38,away,498966,7,true
2022-09-19,2022,38,campus,430105,7,true
2022-09-19,2022,38,near,537023,7,true
2022-09-26,2022,39,away,500030,7,true
2022-09-26,2022,39,campus,447459,7,true
2022-09-26,2022,39,near,549959,7,true
2022-10-03,2022,40,away,510837,7,true
2022-10-03,2022,40,campus,455988,7,true
2022-10-03,2022,40,near,581236,7,true
2022-10-10,2022,41,away,477897,7,true
2022-10-10,2022,41,campus,438695,7,true
2022-10-10,2022,41,near,552375,7,true
2022-10-17,2022,42,away,502960,7,true
2022-10-17,2022,42,campus,466874,7,true
2022-10-17,2022,42,near,594206,7,true
2022-10-24,2022,43,away,485318,7,true
2022-10-24,2022,43,campus,455010,7,true
2022-10-24,2022,43,near,586209,7,true
2022-10-31,2022,44,away,508244,7,true
2022-10-31,2022,44,campus,444746,7,true
2022-10-31,2022,44,near,575963,7,true
2022-11-07,2022,45,away,476952,7,true
2022-11-07,2022,45,campus,432898,7,true
2022-11-07,2022,45,near,574734,7,true
2022-11-14,2022,46,away,496767,7,true
2022-11-14,2022,46,campus,434805,7,true
2022-11-14,2022,46,near,564130,7,true
2022-11-21,2022,47,away,363620,7,true
2022-11-21,2022,47,campus,316187,7,true
2022-11-21,2022,47,near,414553,7,true
2022-11-28,2022,48,away,468722,7,true
2022-11-28,2022,48,campus,419233,7,true
2022-11-28,2022,48,near,554933,7,true
2022-12-05,2022,49,away,456311,7,true
2022-12-05,2022,49,campus,400631,7,true
2022-12-05,2022,49,near,530938,7,true
2022-12-12,2022,50,away,461220,7,true
2022-12-12,2022,50,campus,400541,7,true
2022-12-12,2022,50,near,535192,7,true
2022-12-19,2022,51,away,355483,7,true
2022-12-19,2022,51,campus,290145,7,true
2022-12-19,2022,51,near,395005,7,true
2022-12-26,2022,52,away,313131,7,true
2022-12-26,2022,52,campus,269871,7,true
2022-12-26,2022,52,near,355094,7,true
2023-01-02,2023,1,away,361586,7,true
2023-01-02,2023,1,campus,313184,7,true
2023-01-02,2023,1,near,418680,7,true
2023-01-09,2023,2,away,439985,7,true
2023-01-09,2023,2,campus,355489,7,true
2023-01-09,2023,2,near,513909,7,true
2023-01-16,2023,3,away,425748,7,true
2023-01-16,2023,3,campus,371831,7,true
2023-01-16,2023,3,near,485981,7,true
2023-01-23,2023,4,away,455764,7,true
2023-01-23,2023,4,campus,407039,7,true
2023-01-23,2023,4,near,524947,7,true
2023-01-30,2023,5,away,407527,7,true
2023-01-30,2023,5,campus,358401,7,true
2023-01-30,2023,5,near,477538,7,true
2023-02-06,2023,6,away,448790,7,true
2023-02-06,2023,6,campus,405412,7,true
2023-02-06,2023,6,near,545902,7,true
2023-02-13,2023,7,away,441296,7,true
2023-02-13,2023,7,campus,419320,7,true
2023-02-13,2023,7,near,541386,7,true
2023-02-20,2023,8,away,355133,7,true
2023-02-20,2023,8,campus,353043,7,true
2023-02-20,2023,8,near,476544,7,true
2023-02-27,2023,9,away,394894,7,true
2023-02-27,2023,9,campus,377829,7,true
2023-02-27,2023,9,near,505409,7,true
2023-03-06,2023,10,away,425184,7,true
2023-03-06,2023,10,campus,399979,7,true
2023-03-06,2023,10,near,502139,7,true
2023-03-13,2023,11,away,411142,7,true
2023-03-13,2023,11,campus,389530,7,true
2023-03-13,2023,11,near,532536,7,true
2023-03-20,2023,12,away,426065,7,true
2023-03-20,2023,12,campus,406158,7,true
2023-03-20,2023,12,near,536901,7,true
2023-03-27,2023,13,away,437413,7,true
2023-03-27,2023,13,campus,418490,7,true
2023-03-27,2023,13,near,522224,7,true
2023-04-03,2023,14,away,462219,7,true
2023-04-03,2023,14,campus,442053,7,true
2023-04-03,2023,14,near,549617,7,true
2023-04-10,2023,15,away,475750,7,true
2023-04-10,2023,15,campus,463501,7,true
2023-04-10,2023,15,near,584833,7,true
2023-04-17,2023,16,away,419955,7,true
2023-04-17,2023,16,campus,420552,7,true
2023-04-17,2023,16,near,524061,7,true
2023-04-24,2023,17,away,439946,7,true
2023-04-24,2023,17,campus,410383,7,true
2023-04-24,2023,17,near,509427,7,true
2023-05-01,2023,18,away,449145,7,true
2023-05-01,2023,18,campus,427758,7,true
2023-05-01,2023,18,near,529886,7,true
2023-05-08,2023,19,away,445633,7,true
2023-05-08,2023,19,campus,425686,7,true
2023-05-08,2023,19,near,529033,7,true
2023-05-15,2023,20,away,446880,7,true
2023-05-15,2023,20,campus,430208,7,true
2023-05-15,2023,20,near,545391,7,true
2023-05-22,2023,21,away,476459,7,true
2023-05-22,2023,21,campus,447323,7,true
2023-05-22,2023,21,near,559902,7,true
2023-05-29,2023,22,away,439338,7,true
2023-05-29,2023,22,campus,430801,7,true
2023-05-29,2023,22,near,518730,7,true
2023-06-05,2023,23,away,494279,7,true
2023-06-05,2023,23,campus,458530,7,true
2023-06-05,2023,23,near,576727,7,true
2023-06-12,2023,24,away,481898,7,true
2023-06-12,2023,24,campus,478133,7,true
2023-06-12,2023,24,near,493771,7,true
2023-06-19,2023,25,away,452160,7,true
2023-06-19,2023,25,campus,440962,7,true
2023-06-19,2023,25,near,444964,7,true
2023-06-26,2023,26,away,451621,7,true
2023-06-26,2023,26,campus,419870,7,true
2023-06-26,2023,26,near,543728,7,true
2023-07-03,2023,27,away,424462,7,true
2023-07-03,2023,27,campus,388456,7,true
2023-07-03,2023,27,near,483885,7,true
2023-07-10,2023,28,away,510414,7,true
2023-07-10,2023,28,campus,379652,7,true
2023-07-10,2023,28,near,543171,7,true
2023-07-17,2023,29,away,509282,7,true
2023-07-17,2023,29,campus,460377,7,true
2023-07-17,2023,29,near,588385,7,true
2023-07-24,2023,30,away,491621,7,true
2023-07-24,2023,30,campus,450906,7,true
2023-07-24,2023,30,near,571019,7,true
2023-07-31,2023,31,away,509437,7,true
2023-07-31,2023,31,campus,511522,7,true
2023-07-31,2023,31,near,552573,7,true
2023-08-07,2023,32,away,501906,7,true
2023-08-07,2023,32,campus,471762,7,true
2023-08-07,2023,32,near,550215,7,true
2023-08-14,2023,33,away,480710,7,true
2023-08-14,2023,33,campus,417613,7,true
2023-08-14,2023,33,near,527318,7,true
2023-08-21,2023,34,away,474981,7,true
2023-08-21,2023,34,campus,418102,7,true
2023-08-21,2023,34,near,524326,7,true
2023-08-28,2023,35,away,448295,7,true
2023-08-28,2023,35,campus,409471,7,true
2023-08-28,2023,35,near,514599,7,true
2023-09-04,2023,36,away,432297,7,true
2023-09-04,2023,36,campus,417387,7,true
2023-09-04,2023,36,near,502879,7,true
2023-09-11,2023,37,away,500488,7,true
2023-09-11,2023,37,campus,482156,7,true
2023-09-11,2023,37,near,572171,7,true
2023-09-18,2023,38,away,489320,7,true
2023-09-18,2023,38,campus,437065,7,true
2023-09-18,2023,38,near,467523,7,true
2023-09-25,2023,39,away,491100,7,true
2023-09-25,2023,39,campus,440096,7,true
2023-09-25,2023,39,near,464357,7,true
2023-10-02,2023,40,away,471485,7,true
2023-10-02,2023,40,campus,430681,7,true
2023-10-02,2023,40,near,476289,7,true
2023-10-09,2023,41,away,462009,7,true
2023-10-09,2023,41,campus,431305,7,true
2023-10-09,2023,41,near,507899,7,true
2023-10-16,2023,42,away,406394,7,true
2023-10-16,2023,42,campus,462449,7,true
2023-10-16,2023,42,near,586344,7,true
2023-10-23,2023,43,away,396902,7,true
2023-10-23,2023,43,campus,464558,7,true
2023-10-23,2023,43,near,585428,7,true
2023-10-30,2023,44,away,460475,7,true
2023-10-30,2023,44,campus,441663,7,true
2023-10-30,2023,44,near,591388,7,true
2023-11-06,2023,45,away,474124,7,true
2023-11-06,2023,45,campus,437449,7,true
2023-11-06,2023,45,near,570466,7,true
2023-11-13,2023,46,away,472839,7,true
2023-11-13,2023,46,campus,425883,7,true
2023-11-13,2023,46,near,555313,7,true
2023-11-20,2023,47,away,350185,7,true
2023-11-20,2023,47,campus,317396,7,true
2023-11-20,2023,47,near,402123,7,true
2023-11-27,2023,48,away,451458,7,true
2023-11-27,2023,48,campus,368050,7,true
2023-11-27,2023,48,near,403145,7,true
2023-12-04,2023,49,away,466996,7,true
2023-12-04,2023,49,campus,420049,7,true
2023-12-04,2023,49,near,483350,7,true
2023-12-11,2023,50,away,468001,7,true
2023-12-11,2023,50,campus,439883,7,true
2023-12-11,2023,50,near,527952,7,true
2023-12-18,2023,51,away,387659,7,true
2023-12-18,2023,51,campus,323126,7,true
2023-12-18,2023,51,near,421865,7,true
2023-12-25,2023,52,away,285185,7,true
2023-12-25,2023,52,campus,243662,7,true
2023-12-25,2023,52,near,330642,7,true
2024-01-01,2024,1,away,314350,7,true
2024-01-01,2024,1,campus,250731,7,true
2024-01-01,2024,1,near,314856,7,true
2024-01-08,2024,2,away,382858,7,true
2024-01-08,2024,2,campus,294600,7,true
2024-01-08,2024,2,near,395867,7,true
2024-01-15,2024,3,away,346050,7,true
2024-01-15,2024,3,campus,275047,7,true
2024-01-15,2024,3,near,357938,7,true
2024-01-22,2024,4,away,399631,7,true
2024-01-22,2024,4,campus,302345,7,true
2024-01-22,2024,4,near,396483,7,true
2024-01-29,2024,5,away,424714,7,true
2024-01-29,2024,5,campus,391165,7,true
2024-01-29,2024,5,near,521670,7,true
2024-02-05,2024,6,away,386932,7,true
2024-02-05,2024,6,campus,416687,7,true
2024-02-05,2024,6,near,502421,7,true
2024-02-12,2024,7,away,359165,7,true
2024-02-12,2024,7,campus,350507,7,true
2024-02-12,2024,7,near,453483,7,true
2024-02-19,2024,8,away,377965,7,true
2024-02-19,2024,8,campus,284608,7,true
2024-02-19,2024,8,near,388672,7,true
2024-02-26,2024,9,away,431088,7,true
2024-02-26,2024,9,campus,304835,7,true
2024-02-26,2024,9,near,426563,7,true
2024-03-04,2024,10,away,437558,7,true
2024-03-04,2024,10,campus,342031,7,true
2024-03-04,2024,10,near,448383,7,true
2024-03-11,2024,11,away,464088,7,true
2024-03-11,2024,11,campus,419804,7,true
2024-03-11,2024,11,near,571911,7,true
2024-03-18,2024,12,away,415818,7,true
2024-03-18,2024,12,campus,355767,7,true
2024-03-18,2024,12,near,452924,7,true
2024-03-25,2024,13,away,427110,7,true
2024-03-25,2024,13,campus,407575,7,true
2024-03-25,2024,13,near,550277,7,true
2024-04-01,2024,14,away,421242,7,true
2024-04-01,2024,14,campus,399045,7,true
2024-04-01,2024,14,near,561594,7,true
2024-04-08,2024,15,away,476697,7,true
2024-04-08,2024,15,campus,459558,7,true
2024-04-08,2024,15,near,605395,7,true
2024-04-15,2024,16,away,357746,7,true
2024-04-15,2024,16,campus,439020,7,true
2024-04-15,2024,16,near,588457,7,true
2024-04-22,2024,17,away,448175,7,true
2024-04-22,2024,17,campus,440235,7,true
2024-04-22,2024,17,near,576886,7,true
2024-04-29,2024,18,away,443505,7,true
2024-04-29,2024,18,campus,400216,7,true
2024-04-29,2024,18,near,528000,7,true
2024-05-06,2024,19,away,414433,7,true
2024-05-06,2024,19,campus,377803,7,true
2024-05-06,2024,19,near,488795,7,true
2024-05-13,2024,20,away,463848,7,true
2024-05-13,2024,20,campus,427726,7,true
2024-05-13,2024,20,near,548194,7,true
2024-05-20,2024,21,away,488493,7,true
2024-05-20,2024,21,campus,454602,7,true
2024-05-20,2024,21,near,570438,7,true
2024-05-27,2024,22,away,406545,7,true
2024-05-27,2024,22,campus,355030,7,true
2024-05-27,2024,22,near,350159,7,true
2024-06-03,2024,23,away,460490,7,true
2024-06-03,2024,23,campus,399051,7,true
2024-06-03,2024,23,near,440905,7,true
2024-06-10,2024,24,away,485506,7,true
2024-06-10,2024,24,campus,452192,7,true
2024-06-10,2024,24,near,591290,7,true
2024-06-17,2024,25,away,448897,7,true
2024-06-17,2024,25,campus,419872,7,true
2024-06-17,2024,25,near,576334,7,true
2024-06-24,2024,26,away,429328,7,true
2024-06-24,2024,26,campus,424666,7,true
2024-06-24,2024,26,near,474049,7,true
2024-07-01,2024,27,away,348618,7,true
2024-07-01,2024,27,campus,331197,7,true
2024-07-01,2024,27,near,472710,7,true
2024-07-08,2024,28,away,281408,7,true
2024-07-08,2024,28,campus,311478,7,true
2024-07-08,2024,28,near,501647,7,true
2024-07-15,2024,29,away,219517,7,true
2024-07-15,2024,29,campus,271654,7,true
2024-07-15,2024,29,near,516884,7,true
2024-07-22,2024,30,away,214862,7,true
2024-07-22,2024,30,campus,271581,7,true
2024-07-22,2024,30,near,501286,7,true
2024-07-29,2024,31,away,303948,7,true
2024-07-29,2024,31,campus,320619,7,true
2024-07-29,2024,31,near,512559,7,true
2024-08-05,2024,32,away,440899,7,true
2024-08-05,2024,32,campus,433721,7,true
2024-08-05,2024,32,near,585005,7,true
2024-08-12,2024,33,away,448789,7,true
2024-08-12,2024,33,campus,415609,7,true
2024-08-12,2024,33,near,535200,7,true
2024-08-19,2024,34,away,348774,7,true
2024-08-19,2024,34,campus,332530,7,true
2024-08-19,2024,34,near,366079,7,true
2024-08-26,2024,35,away,426799,7,true
2024-08-26,2024,35,campus,424497,7,true
2024-08-26,2024,35,near,537892,7,true
2024-09-02,2024,36,away,452932,7,true
2024-09-02,2024,36,campus,426936,7,true
2024-09-02,2024,36,near,555836,7,true
2024-09-09,2024,37,away,514589,7,true
2024-09-09,2024,37,campus,477717,7,true
2024-09-09,2024,37,near,625739,7,true
2024-09-16,2024,38,away,487714,7,true
2024-09-16,2024,38,campus,486122,7,true
2024-09-16,2024,38,near,638745,7,true
2024-09-23,2024,39,away,482777,7,true
2024-09-23,2024,39,campus,483365,7,true
2024-09-23,2024,39,near,650412,7,true
2024-09-30,2024,40,away,500866,7,true
2024-09-30,2024,40,campus,489081,7,true
2024-09-30,2024,40,near,649567,7,true
2024-10-07,2024,41,away,444732,7,true
2024-10-07,2024,41,campus,453292,7,true
2024-10-07,2024,41,near,609641,7,true
2024-10-14,2024,42,away,452216,7,true
2024-10-14,2024,42,campus,448707,7,true
2024-10-14,2024,42,near,572424,7,true
2024-10-21,2024,43,away,540397,7,true
2024-10-21,2024,43,campus,488745,7,true
2024-10-21,2024,43,near,621712,7,true
2024-10-28,2024,44,away,513450,7,true
2024-10-28,2024,44,campus,455294,7,true
2024-10-28,2024,44,near,656856,7,true
2024-11-04,2024,45,away,445023,7,true
2024-11-04,2024,45,campus,448283,7,true
2024-11-04,2024,45,near,609573,7,true
2024-11-11,2024,46,away,490711,7,true
2024-11-11,2024,46,campus,468130,7,true
2024-11-11,2024,46,near,619659,7,true
2024-11-18,2024,47,away,385098,7,true
2024-11-18,2024,47,campus,236702,7,true
2024-11-18,2024,47,near,393713,7,true
2024-11-25,2024,48,away,372701,7,true
2024-11-25,2024,48,campus,326997,7,true
2024-11-25,2024,48,near,452005,7,true
2024-12-02,2024,49,away,462751,7,true
2024-12-02,2024,49,campus,440585,7,true
2024-12-02,2024,49,near,602953,7,true
2024-12-09,2024,50,away,428278,7,true
2024-12-09,2024,50,campus,438922,7,true
2024-12-09,2024,50,near,558841,7,true
2024-12-16,2024,51,away,406522,7,true
2024-12-16,2024,51,campus,398449,7,true
2024-12-16,2024,51,near,516929,7,true
2024-12-23,2024,52,away,264449,7,true
2024-12-23,2024,52,campus,249386,7,true
2024-12-23,2024,52,near,341986,7,true
2024-12-30,2025,1,away,323271,7,true
2024-12-30,2025,1,campus,287149,7,true
2024-12-30,2025,1,near,410487,7,true
2025-01-06,2025,2,away,423162,7,true
2025-01-06,2025,2,campus,368467,7,true
2025-01-06,2025,2,near,567942,7,true
2025-01-13,2025,3,away,462446,7,true
2025-01-13,2025,3,campus,409449,7,true
2025-01-13,2025,3,near,608384,7,true
2025-01-20,2025,4,away,416726,7,true
2025-01-20,2025,4,campus,392476,7,true
2025-01-20,2025,4,near,555657,7,true
2025-01-27,2025,5,away,456934,7,true
2025-01-27,2025,5,campus,423285,7,true
2025-01-27,2025,5,near,600304,7,true
2025-02-03,2025,6,away,463044,7,true
2025-02-03,2025,6,campus,424373,7,true
2025-02-03,2025,6,near,595554,7,true
2025-02-10,2025,7,away,461854,7,true
2025-02-10,2025,7,campus,439135,7,true
2025-02-10,2025,7,near,628598,7,true
2025-02-17,2025,8,away,419969,7,true
2025-02-17,2025,8,campus,399537,7,true
2025-02-17,2025,8,near,574063,7,true
2025-02-24,2025,9,away,474906,7,true
2025-02-24,2025,9,campus,440259,7,true
2025-02-24,2025,9,near,596373,7,true
2025-03-03,2025,10,away,452449,7,true
2025-03-03,2025,10,campus,442663,7,true
2025-03-03,2025,10,near,613108,7,true
2025-03-10,2025,11,away,450077,7,true
2025-03-10,2025,11,campus,451263,7,true
2025-03-10,2025,11,near,641537,7,true
2025-03-17,2025,12,away,396067,7,true
2025-03-17,2025,12,campus,434832,7,true
2025-03-17,2025,12,near,569608,7,true
2025-03-24,2025,13,away,431143,7,true
2025-03-24,2025,13,campus,457366,7,true
2025-03-24,2025,13,near,625608,7,true
2025-03-31,2025,14,away,433393,7,true
2025-03-31,2025,14,campus,496558,7,true
2025-03-31,2025,14,near,658900,7,true
2025-04-07,2025,15,away,411220,7,true
2025-04-07,2025,15,campus,470240,7,true
2025-04-07,2025,15,near,629509,7,true
2025-04-14,2025,16,away,457965,7,true
2025-04-14,2025,16,campus,533702,7,true
2025-04-14,2025,16,near,708296,7,true
2025-04-21,2025,17,away,421748,7,true
2025-04-21,2025,17,campus,510114,7,true
2025-04-21,2025,17,near,645087,7,true
2025-04-28,2025,18,away,456954,7,true
2025-04-28,2025,18,campus,477935,7,true
2025-04-28,2025,18,near,636360,7,true
2025-05-05,2025,19,away,495352,7,true
2025-05-05,2025,19,campus,451700,7,true
2025-05-05,2025,19,near,658345,7,true
2025-05-12,2025,20,away,492187,7,true
2025-05-12,2025,20,campus,436016,7,true
2025-05-12,2025,20,near,666631,7,true
2025-05-19,2025,21,away,495801,7,true
2025-05-19,2025,21,campus,488207,7,true
2025-05-19,2025,21,near,654281,7,true
2025-05-26,2025,22,away,425515,7,true
2025-05-26,2025,22,campus,363013,7,true
2025-05-26,2025,22,near,528440,7,true
2025-06-02,2025,23,away,476036,7,true
2025-06-02,2025,23,campus,434201,7,true
2025-06-02,2025,23,near,640494,7,true
2025-06-09,2025,24,away,394022,7,true
2025-06-09,2025,24,campus,468362,7,true
2025-06-09,2025,24,near,682018,7,true
2025-06-16,2025,25,away,441991,7,true
2025-06-16,2025,25,campus,417430,7,true
2025-06-16,2025,25,near,596440,7,true
2025-06-23,2025,26,away,421613,7,true
2025-06-23,2025,26,campus,424731,7,true
2025-06-23,2025,26,near,585837,7,true
2025-06-30,2025,27,away,441820,7,true
2025-06-30,2025,27,campus,431786,7,true
2025-06-30,2025,27,near,577826,7,true
2025-07-07,2025,28,away,462638,7,true
2025-07-07,2025,28,campus,461371,7,true
2025-07-07,2025,28,near,586921,7,true
2025-07-14,2025,29,away,467171,7,true
2025-07-14,2025,29,campus,449931,7,true
2025-07-14,2025,29,near,578571,7,true
2025-07-21,2025,30,away,503454,7,true
2025-07-21,2025,30,campus,489033,7,true
2025-07-21,2025,30,near,623502,7,true
2025-07-28,2025,31,away,493533,7,true
2025-07-28,2025,31,campus,474543,7,true
2025-07-28,2025,31,near,622107,7,true
2025-08-04,2025,32,away,502459,7,true
2025-08-04,2025,32,campus,469635,7,true
2025-08-04,2025,32,near,607584,7,true
2025-08-11,2025,33,away,486694,7,true
2025-08-11,2025,33,campus,453574,7,true
2025-08-11,2025,33,near,632627,7,true
2025-08-18,2025,34,away,479466,7,true
2025-08-18,2025,34,campus,450991,7,true
2025-08-18,2025,34,near,576663,7,true
2025-08-25,2025,35,away,500549,7,true
2025-08-25,2025,35,campus,494920,7,true
2025-08-25,2025,35,near,650208,7,true
2025-09-01,2025,36,away,474153,7,true
2025-09-01,2025,36,campus,466983,7,true
2025-09-01,2025,36,near,596453,7,true
2025-09-08,2025,37,away,536027,7,true
2025-09-08,2025,37,campus,509188,7,true
2025-09-08,2025,37,near,673550,7,true
2025-09-15,2025,38,away,536946,7,true
2025-09-15,2025,38,campus,532908,7,true
2025-09-15,2025,38,near,730882,7,true
2025-09-22,2025,39,away,489081,7,true
2025-09-22,2025,39,campus,444434,7,true
2025-09-22,2025,39,near,610480,7,true
2025-09-29,2025,40,away,483447,7,true
2025-09-29,2025,40,campus,421432,7,true
2025-09-29,2025,40,near,580053,7,true
2025-10-06,2025,41,away,547345,7,true
2025-10-06,2025,41,campus,528981,7,true
2025-10-06,2025,41,near,719380,7,true
2025-10-13,2025,42,away,540281,7,true
2025-10-13,2025,42,campus,552978,7,true
2025-10-13,2025,42,near,718028,7,true
2025-10-20,2025,43,away,568528,7,true
2025-10-20,2025,43,campus,554909,7,true
2025-10-20,2025,43,near,754275,7,true
2025-10-27,2025,44,away,552775,7,true
2025-10-27,2025,44,campus,549170,7,true
2025-10-27,2025,44,near,739985,7,true
2025-11-03,2025,45,away,568267,7,true
2025-11-03,2025,45,campus,570273,7,true
2025-11-03,2025,45,near,739890,7,true
2025-11-10,2025,46,away,525204,7,true
2025-11-10,2025,46,campus,521269,7,true
2025-11-10,2025,46,near,697543,7,true
2025-11-17,2025,47,away,556662,7,true
2025-11-17,2025,47,campus,519949,7,true
2025-11-17,2025,47,near,723377,7,true
2025-11-24,2025,48,away,412226,7,true
2025-11-24,2025,48,campus,379350,7,true
2025-11-24,2025,48,near,513715,7,true
2025-12-01,2025,49,away,515517,7,true
2025-12-01,2025,49,campus,499214,7,true
2025-12-01,2025,49,near,685550,7,true
2025-12-08,2025,50,away,524469,7,true
2025-12-08,2025,50,campus,436478,7,true
2025-12-08,2025,50,near,666978,7,true
2025-12-15,2025,51,away,488689,7,true
2025-12-15,2025,51,campus,404401,7,true
2025-12-15,2025,51,near,620463,7,true
2025-12-22,2025,52,away,304554,7,true
2025-12-22,2025,52,campus,271016,7,true
2025-12-22,2025,52,near,371847,7,true
2025-12-29,2026,1,away,318516,7,true
2025-12-29,2026,1,campus,294731,7,true
2025-12-29,2026,1,near,409363,7,true
2026-01-05,2026,2,away,468896,7,true
2026-01-05,2026,2,campus,417166,7,true
2026-01-05,2026,2,near,584744,7,true
2026-01-12,2026,3,away,501636,7,true
2026-01-12,2026,3,campus,459196,7,true
2026-01-12,2026,3,near,660093,7,true
2026-01-19,2026,4,away,410838,7,true
2026-01-19,2026,4,campus,399275,7,true
2026-01-19,2026,4,near,583997,7,true
2026-01-26,2026,5,away,398138,7,true
2026-01-26,2026,5,campus,394930,7,true
2026-01-26,2026,5,near,561146,7,true
2026-02-02,2026,6,away,504045,7,true
2026-02-02,2026,6,campus,481916,7,true
2026-02-02,2026,6,near,672303,7,true
2026-02-09,2026,7,away,508827,7,true
2026-02-09,2026,7,campus,508939,7,true
2026-02-09,2026,7,near,714545,7,true
2026-02-16,2026,8,away,433291,7,true
2026-02-16,2026,8,campus,450578,7,true
2026-02-16,2026,8,near,621528,7,true
2026-02-23,2026,9,away,395716,7,true
2026-02-23,2026,9,campus,375571,7,true
2026-02-23,2026,9,near,535568,7,true
2026-03-02,2026,10,away,458055,7,true
2026-03-02,2026,10,campus,454678,7,true
2026-03-02,2026,10,near,618382,7,true
2026-03-09,2026,11,away,548625,7,true
2026-03-09,2026,11,campus,514033,7,true
2026-03-09,2026,11,near,725596,7,true
2026-03-16,2026,12,away,510358,7,true
2026-03-16,2026,12,campus,505492,7,true
2026-03-16,2026,12,near,717117,7,true
2026-03-23,2026,13,away,558281,7,true
2026-03-23,2026,13,campus,545669,7,true
2026-03-23,2026,13,near,740228,7,true
2026-03-30,2026,14,away,513422,7,true
2026-03-30,2026,14,campus,516798,7,true
2026-03-30,2026,14,near,707453,7,true
2026-04-06,2026,15,away,554644,7,true
2026-04-06,2026,15,campus,568809,7,true
2026-04-06,2026,15,near,763577,7,true
2026-04-13,2026,16,away,560461,7,true
2026-04-13,2026,16,campus,569873,7,true
2026-04-13,2026,16,near,762278,7,true
2026-04-20,2026,17,away,535582,7,true
2026-04-20,2026,17,campus,570257,7,true
2026-04-20,2026,17,near,765270,7,true
2026-04-27,2026,18,away,543366,7,true
2026-04-27,2026,18,campus,553206,7,true
2026-04-27,2026,18,near,719590,7,true
2026-05-04,2026,19,away,512642,7,true
2026-05-04,2026,19,campus,517445,7,true
2026-05-04,2026,19,near,693667,7,true
2026-05-11,2026,20,away,534625,7,true
2026-05-11,2026,20,campus,552778,7,true
2026-05-11,2026,20,near,728644,7,true
2026-05-18,2026,21,away,537255,7,true
2026-05-18,2026,21,campus,510774,7,true
2026-05-18,2026,21,near,713042,7,true
2026-05-25,2026,22,away,488082,7,true
2026-05-25,2026,22,campus,515170,7,true
2026-05-25,2026,22,near,675861,7,true
2026-06-01,2026,23,away,596868,7,true
2026-06-01,2026,23,campus,573460,7,true
2026-06-01,2026,23,near,775602,7,true
2026-06-08,2026,24,away,607749,7,true
2026-06-08,2026,24,campus,578142,7,true
2026-06-08,2026,24,near,784962,7,true
2026-06-15,2026,25,away,610490,7,true
2026-06-15,2026,25,campus,612491,7,true
2026-06-15,2026,25,near,787192,7,true
2026-06-22,2026,26,away,611490,7,true
2026-06-22,2026,26,campus,611506,7,true
2026-06-22,2026,26,near,802539,7,true
2026-06-29,2026,27,away,510249,7,true
2026-06-29,2026,27,campus,485831,7,true
2026-06-29,2026,27,near,665257,7,true
2026-07-06,2026,28,away,632420,7,true
2026-07-06,2026,28,campus,588432,7,true
2026-07-06,2026,28,near,830779,7,true
2026-07-13,2026,29,away,609676,7,true
2026-07-13,2026,29,campus,580435,7,true
2026-07-13,2026,29,near,808000,7,true
2026-07-20,2026,30,away,433780,7,true
2026-07-20,2026,30,campus,532662,7,true
2026-07-20,2026,30,near,663713,7,true
2026-07-27,2026,31,away,461699,7,true
2026-07-27,2026,31,campus,492131,7,true
2026-07-27,2026,31,near,651122,7,true
2026-08-03,2026,32,away,568320,7,true
2026-08-03,2026,32,campus,546104,7,true
2026-08-03,2026,32,near,764916,7,true
2026-08-10,2026,33,away,541235,7,true
2026-08-10,2026,33,campus,453232,7,true
2026-08-10,2026,33,near,709364,7,true
2026-08-17,2026,34,away,497720,7,true
2026-08-17,2026,34,campus,451635,7,true
2026-08-17,2026,34,near,588607,7,true
2026-08-24,2026,35,away,493471,7,true
2026-08-24,2026,35,campus,424515,7,true
2026-08-24,2026,35,near,519797,7,true
2026-08-31,2026,36,away,79933,1,false
2026-08-31,2026,36,campus,78911,1,false
2026-08-31,2026,36,near,102417,1,false
