municipality,year,population,source
Boston,2014,655963,intercensal 2010-2020
Boston,2015,661968,intercensal 2010-2020
Boston,2016,669483,intercensal 2010-2020
Boston,2017,675788,intercensal 2010-2020
Boston,2018,677881,intercensal 2010-2020
Boston,2019,678778,intercensal 2010-2020
Boston,2020,669665,vintage 2025
Boston,2021,659884,vintage 2025
Boston,2022,661014,vintage 2025
Boston,2023,667453,vintage 2025
Boston,2024,674311,vintage 2025
Boston,2025,672973,vintage 2025
Brookline,2014,61087,intercensal 2010-2020
Brookline,2015,61322,intercensal 2010-2020
Brookline,2016,61781,intercensal 2010-2020
Brookline,2017,62319,intercensal 2010-2020
Brookline,2018,62638,intercensal 2010-2020
Brookline,2019,63012,intercensal 2010-2020
Brookline,2020,63015,vintage 2025
Brookline,2021,63104,vintage 2025
Brookline,2022,63038,vintage 2025
Brookline,2023,63037,vintage 2025
Brookline,2024,63407,vintage 2025
Brookline,2025,63414,vintage 2025
Cambridge,2014,112697,intercensal 2010-2020
Cambridge,2015,113103,intercensal 2010-2020
Cambridge,2016,115253,intercensal 2010-2020
Cambridge,2017,116356,intercensal 2010-2020
Cambridge,2018,117523,intercensal 2010-2020
Cambridge,2019,118238,intercensal 2010-2020
Cambridge,2020,116202,vintage 2025
Cambridge,2021,112971,vintage 2025
Cambridge,2022,119861,vintage 2025
Cambridge,2023,121186,vintage 2025
Cambridge,2024,121837,vintage 2025
Cambridge,2025,122588,vintage 2025
Somerville,2014,78983,intercensal 2010-2020
Somerville,2015,79707,intercensal 2010-2020
Somerville,2016,80936,intercensal 2010-2020
Somerville,2017,81197,intercensal 2010-2020
Somerville,2018,81318,intercensal 2010-2020
Somerville,2019,81304,intercensal 2010-2020
Somerville,2020,80777,vintage 2025
Somerville,2021,80824,vintage 2025
Somerville,2022,82641,vintage 2025
Somerville,2023,83258,vintage 2025
Somerville,2024,84088,vintage 2025
Somerville,2025,84211,vintage 2025
