week_start,Boston,Cambridge,Somerville,Brookline,study_area,extrapolated
2014-12-29,658990,112902,79348,61205,912445,false
2015-01-05,659105,112909,79362,61210,912586,false
2015-01-12,659221,112917,79376,61214,912728,false
2015-01-19,659336,112925,79390,61219,912870,false
2015-01-26,659451,112933,79404,61223,913011,false
2015-02-02,659566,112941,79417,61228,913152,false
2015-02-09,659681,112948,79431,61233,913293,false
2015-02-16,659796,112956,79445,61237,913434,false
2015-02-23,659911,112964,79459,61242,913576,false
2015-03-02,660027,112972,79473,61246,913718,false
2015-03-09,660142,112980,79487,61251,913860,false
2015-03-16,660257,112987,79501,61255,914000,false
2015-03-23,660372,112995,79515,61260,914142,false
2015-03-30,660487,113003,79528,61264,914282,false
2015-04-06,660602,113011,79542,61269,914424,false
2015-04-13,660718,113018,79556,61273,914565,false
2015-04-20,660833,113026,79570,61278,914707,false
2015-04-27,660948,113034,79584,61282,914848,false
2015-05-04,661063,113042,79598,61287,914990,false
2015-05-11,661178,113050,79612,61291,915131,false
2015-05-18,661293,113057,79626,61296,915272,false
2015-05-25,661409,113065,79640,61300,915414,false
2015-06-01,661524,113073,79653,61305,915555,false
2015-06-08,661639,113081,79667,61309,915696,false
2015-06-15,661754,113089,79681,61314,915838,false
2015-06-22,661869,113096,79695,61318,915978,false
2015-06-29,661989,113109,79710,61323,916131,false
2015-07-06,662132,113150,79734,61332,916348,false
2015-07-13,662276,113191,79757,61341,916565,false
2015-07-20,662420,113232,79781,61350,916783,false
2015-07-27,662563,113273,79804,61358,916998,false
2015-08-03,662707,113314,79828,61367,917216,false
2015-08-10,662851,113356,79851,61376,917434,false
2015-08-17,662995,113397,79875,61385,917652,false
2015-08-24,663138,113438,79898,61393,917867,false
2015-08-31,663282,113479,79922,61402,918085,false
2015-09-07,663426,113520,79945,61411,918302,false
2015-09-14,663570,113561,79969,61420,918520,false
2015-09-21,663713,113602,79992,61429,918736,false
2015-09-28,663857,113643,80016,61437,918953,false
2015-10-05,664001,113685,80039,61446,919171,false
2015-10-12,664144,113726,80063,61455,919388,false
2015-10-19,664288,113767,80086,61464,919605,false
2015-10-26,664432,113808,80110,61472,919822,false
2015-11-02,664576,113849,80133,61481,920039,false
2015-11-09,664719,113890,80157,61490,920256,false
2015-11-16,664863,113931,80180,61499,920473,false
2015-11-23,665007,113972,80204,61508,920691,false
2015-11-30,665151,114014,80227,61516,920908,false
2015-12-07,665294,114055,80251,61525,921125,false
2015-12-14,665438,114096,80274,61534,921342,false
2015-12-21,665582,114137,80298,61543,921560,false
2015-12-28,665726,114178,80322,61552,921778,false
2016-01-04,665869,114219,80345,61560,921993,false
2016-01-11,666013,114260,80369,61569,922211,false
2016-01-18,666157,114301,80392,61578,922428,false
2016-01-25,666300,114342,80416,61587,922645,false
2016-02-01,666444,114384,80439,61595,922862,false
2016-02-08,666588,114425,80463,61604,923080,false
2016-02-15,666732,114466,80486,61613,923297,false
2016-02-22,666875,114507,80510,61622,923514,false
2016-02-29,667019,114548,80533,61631,923731,false
2016-03-07,667163,114589,80557,61639,923948,false
2016-03-14,667307,114630,80580,61648,924165,false
2016-03-21,667450,114671,80604,61657,924382,false
2016-03-28,667594,114713,80627,61666,924600,false
2016-04-04,667738,114754,80651,61674,924817,false
2016-04-11,667881,114795,80674,61683,925033,false
2016-04-18,668025,114836,80698,61692,925251,false
2016-04-25,668169,114877,80721,61701,925468,false
2016-05-02,668313,114918,80745,61710,925686,false
2016-05-09,668456,114959,80768,61718,925901,false
2016-05-16,668600,115000,80792,61727,926119,false
2016-05-23,668744,115042,80815,61736,926337,false
2016-05-30,668888,115083,80839,61745,926555,false
2016-06-06,669031,115124,80862,61753,926770,false
2016-06-13,669175,115165,80886,61762,926988,false
2016-06-20,669319,115206,80909,61771,927205,false
2016-06-27,669462,115247,80933,61780,927422,false
2016-07-04,669587,115271,80940,61790,927588,false
2016-07-11,669708,115292,80945,61800,927745,false
2016-07-18,669828,115313,80950,61810,927901,false
2016-07-25,669949,115335,80955,61821,928060,false
2016-08-01,670070,115356,80960,61831,928217,false
2016-08-08,670191,115377,80965,61841,928374,false
2016-08-15,670312,115398,80970,61852,928532,false
2016-08-22,670433,115419,80975,61862,928689,false
2016-08-29,670554,115440,80980,61872,928846,false
2016-09-05,670675,115462,80985,61883,929005,false
2016-09-12,670796,115483,80990,61893,929162,false
2016-09-19,670917,115504,80995,61903,929319,false
2016-09-26,671038,115525,81000,61914,929477,false
2016-10-03,671159,115546,81005,61924,929634,false
2016-10-10,671279,115567,81010,61934,929790,false
2016-10-17,671400,115588,81015,61945,929948,false
2016-10-24,671521,115610,81020,61955,930106,false
2016-10-31,671642,115631,81025,61965,930263,false
2016-11-07,671763,115652,81030,61976,930421,false
2016-11-14,671884,115673,81035,61986,930578,false
2016-11-21,672005,115694,81040,61996,930735,false
2016-11-28,672126,115715,81045,62007,930893,false
2016-12-05,672247,115737,81050,62017,931051,false
2016-12-12,672368,115758,81055,62027,931208,false
2016-12-19,672489,115779,81060,62037,931365,false
2016-12-26,672610,115800,81065,62048,931523,false
2017-01-02,672731,115821,81070,62058,931680,false
2017-01-09,672851,115842,81075,62068,931836,false
2017-01-16,672972,115863,81080,62079,931994,false
2017-01-23,673093,115885,81085,62089,932152,false
2017-01-30,673214,115906,81090,62099,932309,false
2017-02-06,673335,115927,81095,62110,932467,false
2017-02-13,673456,115948,81100,62120,932624,false
2017-02-20,673577,115969,81105,62130,932781,false
2017-02-27,673698,115990,81110,62141,932939,false
2017-03-06,673819,116012,81115,62151,933097,false
2017-03-13,673940,116033,81120,62161,933254,false
2017-03-20,674061,116054,81125,62172,933412,false
2017-03-27,674182,116075,81130,62182,933569,false
2017-04-03,674302,116096,81136,62192,933726,false
2017-04-10,674423,116117,81141,62203,933884,false
2017-04-17,674544,116138,81146,62213,934041,false
2017-04-24,674665,116160,81151,62223,934199,false
2017-05-01,674786,116181,81156,62234,934357,false
2017-05-08,674907,116202,81161,62244,934514,false
2017-05-15,675028,116223,81166,62254,934671,false
2017-05-22,675149,116244,81171,62264,934828,false
2017-05-29,675270,116265,81176,62275,934986,false
2017-06-05,675391,116286,81181,62285,935143,false
2017-06-12,675512,116308,81186,62295,935301,false
2017-06-19,675633,116329,81191,62306,935459,false
2017-06-26,675753,116350,81196,62316,935615,false
2017-07-03,675817,116372,81199,62323,935711,false
2017-07-10,675857,116394,81201,62329,935781,false
2017-07-17,675897,116417,81203,62336,935853,false
2017-07-24,675937,116439,81206,62342,935924,false
2017-07-31,675977,116462,81208,62348,935995,false
2017-08-07,676017,116484,81210,62354,936065,false
2017-08-14,676058,116506,81213,62360,936137,false
2017-08-21,676098,116529,81215,62366,936208,false
2017-08-28,676138,116551,81217,62372,936278,false
2017-09-04,676178,116573,81220,62378,936349,false
2017-09-11,676218,116596,81222,62385,936421,false
2017-09-18,676258,116618,81224,62391,936491,false
2017-09-25,676298,116641,81227,62397,936563,false
2017-10-02,676338,116663,81229,62403,936633,false
2017-10-09,676379,116685,81231,62409,936704,false
2017-10-16,676419,116708,81233,62415,936775,false
2017-10-23,676459,116730,81236,62421,936846,false
2017-10-30,676499,116752,81238,62427,936916,false
2017-11-06,676539,116775,81240,62433,936987,false
2017-11-13,676579,116797,81243,62440,937059,false
2017-11-20,676619,116820,81245,62446,937130,false
2017-11-27,676660,116842,81247,62452,937201,false
2017-12-04,676700,116864,81250,62458,937272,false
2017-12-11,676740,116887,81252,62464,937343,false
2017-12-18,676780,116909,81254,62470,937413,false
2017-12-25,676820,116932,81257,62476,937485,false
2018-01-01,676860,116954,81259,62482,937555,false
2018-01-08,676900,116976,81261,62489,937626,false
2018-01-15,676941,116999,81264,62495,937699,false
2018-01-22,676981,117021,81266,62501,937769,false
2018-01-29,677021,117043,81268,62507,937839,false
2018-02-05,677061,117066,81271,62513,937911,false
2018-02-12,677101,117088,81273,62519,937981,false
2018-02-19,677141,117111,81275,62525,938052,false
2018-02-26,677181,117133,81278,62531,938123,false
2018-03-05,677222,117155,81280,62537,938194,false
2018-03-12,677262,117178,81282,62544,938266,false
2018-03-19,677302,117200,81285,62550,938337,false
2018-03-26,677342,117222,81287,62556,938407,false
2018-04-02,677382,117245,81289,62562,938478,false
2018-04-09,677422,117267,81291,62568,938548,false
2018-04-16,677462,117290,81294,62574,938620,false
2018-04-23,677503,117312,81296,62580,938691,false
2018-04-30,677543,117334,81298,62586,938761,false
2018-05-07,677583,117357,81301,62593,938834,false
2018-05-14,677623,117379,81303,62599,938904,false
2018-05-21,677663,117402,81305,62605,938975,false
2018-05-28,677703,117424,81308,62611,939046,false
2018-06-04,677743,117446,81310,62617,939116,false
2018-06-11,677784,117469,81312,62623,939188,false
2018-06-18,677824,117491,81315,62629,939259,false
2018-06-25,677864,117513,81317,62635,939329,false
2018-07-02,677891,117531,81318,62642,939382,false
2018-07-09,677908,117545,81318,62649,939420,false
2018-07-16,677925,117558,81317,62656,939456,false
2018-07-23,677942,117572,81317,62664,939495,false
2018-07-30,677960,117586,81317,62671,939534,false
2018-08-06,677977,117599,81317,62678,939571,false
2018-08-13,677994,117613,81316,62685,939608,false
2018-08-20,678011,117627,81316,62692,939646,false
2018-08-27,678028,117641,81316,62699,939684,false
2018-09-03,678046,117654,81315,62707,939722,false
2018-09-10,678063,117668,81315,62714,939760,false
2018-09-17,678080,117682,81315,62721,939798,false
2018-09-24,678097,117695,81315,62728,939835,false
2018-10-01,678114,117709,81314,62735,939872,false
2018-10-08,678132,117723,81314,62743,939912,false
2018-10-15,678149,117737,81314,62750,939950,false
2018-10-22,678166,117750,81314,62757,939987,false
2018-10-29,678183,117764,81313,62764,940024,false
2018-11-05,678200,117778,81313,62771,940062,false
2018-11-12,678218,117791,81313,62778,940100,false
2018-11-19,678235,117805,81312,62786,940138,false
2018-11-26,678252,117819,81312,62793,940176,false
2018-12-03,678269,117833,81312,62800,940214,false
2018-12-10,678286,117846,81312,62807,940251,false
2018-12-17,678304,117860,81311,62814,940289,false
2018-12-24,678321,117874,81311,62821,940327,false
2018-12-31,678338,117887,81311,62829,940365,false
2019-01-07,678355,117901,81311,62836,940403,false
2019-01-14,678373,117915,81310,62843,940441,false
2019-01-21,678390,117928,81310,62850,940478,false
2019-01-28,678407,117942,81310,62857,940516,false
2019-02-04,678424,117956,81310,62864,940554,false
2019-02-11,678441,117970,81309,62872,940592,false
2019-02-18,678459,117983,81309,62879,940630,false
2019-02-25,678476,117997,81309,62886,940668,false
2019-03-04,678493,118011,81308,62893,940705,false
2019-03-11,678510,118024,81308,62900,940742,false
2019-03-18,678527,118038,81308,62907,940780,false
2019-03-25,678545,118052,81308,62915,940820,false
2019-04-01,678562,118066,81307,62922,940857,false
2019-04-08,678579,118079,81307,62929,940894,false
2019-04-15,678596,118093,81307,62936,940932,false
2019-04-22,678613,118107,81307,62943,940970,false
2019-04-29,678631,118120,81306,62951,941008,false
2019-05-06,678648,118134,81306,62958,941046,false
2019-05-13,678665,118148,81306,62965,941084,false
2019-05-20,678682,118162,81305,62972,941121,false
2019-05-27,678699,118175,81305,62979,941158,false
2019-06-03,678717,118189,81305,62986,941197,false
2019-06-10,678734,118203,81305,62994,941236,false
2019-06-17,678751,118216,81304,63001,941272,false
2019-06-24,678768,118230,81304,63008,941310,false
2019-07-01,678703,118221,81300,63012,941236,false
2019-07-08,678529,118182,81290,63012,941013,false
2019-07-15,678355,118143,81280,63012,940790,false
2019-07-22,678180,118104,81269,63012,940565,false
2019-07-29,678006,118066,81259,63012,940343,false
2019-08-05,677832,118027,81249,63012,940120,false
2019-08-12,677658,117988,81239,63012,939897,false
2019-08-19,677483,117949,81229,63012,939673,false
2019-08-26,677309,117910,81219,63012,939450,false
2019-09-02,677135,117871,81209,63013,939228,false
2019-09-09,676960,117832,81199,63013,939004,false
2019-09-16,676786,117793,81189,63013,938781,false
2019-09-23,676612,117754,81179,63013,938558,false
2019-09-30,676438,117715,81169,63013,938335,false
2019-10-07,676263,117676,81159,63013,938111,false
2019-10-14,676089,117637,81148,63013,937887,false
2019-10-21,675915,117598,81138,63013,937664,false
2019-10-28,675740,117559,81128,63013,937440,false
2019-11-04,675566,117520,81118,63013,937217,false
2019-11-11,675392,117481,81108,63013,936994,false
2019-11-18,675217,117443,81098,63013,936771,false
2019-11-25,675043,117404,81088,63013,936548,false
2019-12-02,674869,117365,81078,63013,936325,false
2019-12-09,674695,117326,81068,63013,936102,false
2019-12-16,674520,117287,81058,63013,935878,false
2019-12-23,674346,117248,81048,63013,935655,false
2019-12-30,674172,117209,81038,63014,935433,false
2020-01-06,673997,117170,81028,63014,935209,false
2020-01-13,673823,117131,81017,63014,934985,false
2020-01-20,673649,117092,81007,63014,934762,false
2020-01-27,673475,117053,80997,63014,934539,false
2020-02-03,673300,117014,80987,63014,934315,false
2020-02-10,673126,116975,80977,63014,934092,false
2020-02-17,672952,116936,80967,63014,933869,false
2020-02-24,672777,116897,80957,63014,933645,false
2020-03-02,672603,116858,80947,63014,933422,false
2020-03-09,672429,116819,80937,63014,933199,false
2020-03-16,672254,116781,80927,63014,932976,false
2020-03-23,672080,116742,80917,63014,932753,false
2020-03-30,671906,116703,80907,63014,932530,false
2020-04-06,671732,116664,80897,63014,932307,false
2020-04-13,671557,116625,80886,63014,932082,false
2020-04-20,671383,116586,80876,63014,931859,false
2020-04-27,671209,116547,80866,63014,931636,false
2020-05-04,671034,116508,80856,63015,931413,false
2020-05-11,670860,116469,80846,63015,931190,false
2020-05-18,670686,116430,80836,63015,930967,false
2020-05-25,670512,116391,80826,63015,930744,false
2020-06-01,670337,116352,80816,63015,930520,false
2020-06-08,670163,116313,80806,63015,930297,false
2020-06-15,669989,116274,80796,63015,930074,false
2020-06-22,669814,116235,80786,63015,929850,false
2020-06-29,669638,116193,80777,63015,929623,false
2020-07-06,669451,116131,80778,63017,929377,false
2020-07-13,669263,116069,80779,63019,929130,false
2020-07-20,669075,116007,80780,63020,928882,false
2020-07-27,668888,115945,80781,63022,928636,false
2020-08-03,668700,115883,80782,63024,928389,false
2020-08-10,668513,115821,80783,63025,928142,false
2020-08-17,668325,115759,80783,63027,927894,false
2020-08-24,668138,115697,80784,63029,927648,false
2020-08-31,667950,115635,80785,63031,927401,false
2020-09-07,667762,115574,80786,63032,927154,false
2020-09-14,667575,115512,80787,63034,926908,false
2020-09-21,667387,115450,80788,63036,926661,false
2020-09-28,667200,115388,80789,63037,926414,false
2020-10-05,667012,115326,80790,63039,926167,false
2020-10-12,666824,115264,80791,63041,925920,false
2020-10-19,666637,115202,80792,63043,925674,false
2020-10-26,666449,115140,80792,63044,925425,false
2020-11-02,666262,115078,80793,63046,925179,false
2020-11-09,666074,115016,80794,63048,924932,false
2020-11-16,665887,114954,80795,63049,924685,false
2020-11-23,665699,114892,80796,63051,924438,false
2020-11-30,665511,114830,80797,63053,924191,false
2020-12-07,665324,114768,80798,63055,923945,false
2020-12-14,665136,114706,80799,63056,923697,false
2020-12-21,664949,114644,80800,63058,923451,false
2020-12-28,664761,114582,80801,63060,923204,false
2021-01-04,664574,114520,80801,63061,922956,false
2021-01-11,664386,114458,80802,63063,922709,false
2021-01-18,664198,114396,80803,63065,922462,false
2021-01-25,664011,114334,80804,63066,922215,false
2021-02-01,663823,114272,80805,63068,921968,false
2021-02-08,663636,114210,80806,63070,921722,false
2021-02-15,663448,114148,80807,63072,921475,false
2021-02-22,663260,114086,80808,63073,921227,false
2021-03-01,663073,114024,80809,63075,920981,false
2021-03-08,662885,113962,80810,63077,920734,false
2021-03-15,662698,113900,80810,63078,920486,false
2021-03-22,662510,113839,80811,63080,920240,false
2021-03-29,662323,113777,80812,63082,919994,false
2021-04-05,662135,113715,80813,63084,919747,false
2021-04-12,661947,113653,80814,63085,919499,false
2021-04-19,661760,113591,80815,63087,919253,false
2021-04-26,661572,113529,80816,63089,919006,false
2021-05-03,661385,113467,80817,63090,918759,false
2021-05-10,661197,113405,80818,63092,918512,false
2021-05-17,661009,113343,80819,63094,918265,false
2021-05-24,660822,113281,80819,63095,918017,false
2021-05-31,660634,113219,80820,63097,917770,false
2021-06-07,660447,113157,80821,63099,917524,false
2021-06-14,660259,113095,80822,63101,917277,false
2021-06-21,660072,113033,80823,63102,917030,false
2021-06-28,659884,112971,80824,63104,916783,false
2021-07-05,659906,113103,80859,63103,916971,false
2021-07-12,659927,113235,80894,63101,917157,false
2021-07-19,659949,113367,80929,63100,917345,false
2021-07-26,659971,113500,80963,63099,917533,false
2021-08-02,659992,113632,80998,63098,917720,false
2021-08-09,660014,113764,81033,63096,917907,false
2021-08-16,660036,113896,81068,63095,918095,false
2021-08-23,660057,114028,81103,63094,918282,false
2021-08-30,660079,114160,81138,63093,918470,false
2021-09-06,660101,114292,81172,63091,918656,false
2021-09-13,660122,114425,81207,63090,918844,false
2021-09-20,660144,114557,81242,63089,919032,false
2021-09-27,660166,114689,81277,63088,919220,false
2021-10-04,660187,114821,81312,63086,919406,false
2021-10-11,660209,114953,81347,63085,919594,false
2021-10-18,660231,115085,81382,63084,919782,false
2021-10-25,660252,115217,81416,63082,919967,false
2021-11-01,660274,115349,81451,63081,920155,false
2021-11-08,660296,115482,81486,63080,920344,false
2021-11-15,660317,115614,81521,63079,920531,false
2021-11-22,660339,115746,81556,63077,920718,false
2021-11-29,660361,115878,81591,63076,920906,false
2021-12-06,660382,116010,81625,63075,921092,false
2021-12-13,660404,116142,81660,63074,921280,false
2021-12-20,660426,116274,81695,63072,921467,false
2021-12-27,660447,116407,81730,63071,921655,false
2022-01-03,660469,116539,81765,63070,921843,false
2022-01-10,660491,116671,81800,63069,922031,false
2022-01-17,660512,116803,81835,63067,922217,false
2022-01-24,660534,116935,81869,63066,922404,false
2022-01-31,660556,117067,81904,63065,922592,false
2022-02-07,660577,117199,81939,63063,922778,false
2022-02-14,660599,117332,81974,63062,922967,false
2022-02-21,660621,117464,82009,63061,923155,false
2022-02-28,660642,117596,82044,63060,923342,false
2022-03-07,660664,117728,82078,63058,923528,false
2022-03-14,660686,117860,82113,63057,923716,false
2022-03-21,660708,117992,82148,63056,923904,false
2022-03-28,660729,118124,82183,63055,924091,false
2022-04-04,660751,118256,82218,63053,924278,false
2022-04-11,660773,118389,82253,63052,924467,false
2022-04-18,660794,118521,82288,63051,924654,false
2022-04-25,660816,118653,82322,63050,924841,false
2022-05-02,660838,118785,82357,63048,925028,false
2022-05-09,660859,118917,82392,63047,925215,false
2022-05-16,660881,119049,82427,63046,925403,false
2022-05-23,660903,119181,82462,63045,925591,false
2022-05-30,660924,119314,82497,63043,925778,false
2022-06-06,660946,119446,82531,63042,925965,false
2022-06-13,660968,119578,82566,63041,926153,false
2022-06-20,660989,119710,82601,63039,926339,false
2022-06-27,661011,119842,82636,63038,926527,false
2022-07-04,661120,119883,82651,63038,926692,false
2022-07-11,661243,119908,82663,63038,926852,false
2022-07-18,661367,119934,82675,63038,927014,false
2022-07-25,661490,119959,82687,63038,927174,false
2022-08-01,661614,119984,82698,63038,927334,false
2022-08-08,661737,120010,82710,63038,927495,false
2022-08-15,661861,120035,82722,63038,927656,false
2022-08-22,661984,120061,82734,63038,927817,false
2022-08-29,662108,120086,82746,63038,927978,false
2022-09-05,662231,120111,82758,63038,928138,false
2022-09-12,662355,120137,82769,63038,928299,false
2022-09-19,662478,120162,82781,63038,928459,false
2022-09-26,662602,120188,82793,63038,928621,false
2022-10-03,662725,120213,82805,63038,928781,false
2022-10-10,662849,120239,82817,63038,928943,false
2022-10-17,662972,120264,82829,63038,929103,false
2022-10-24,663096,120289,82840,63038,929263,false
2022-10-31,663219,120315,82852,63038,929424,false
2022-11-07,663343,120340,82864,63038,929585,false
2022-11-14,663466,120366,82876,63038,929746,false
2022-11-21,663590,120391,82888,63038,929907,false
2022-11-28,663713,120416,82900,63038,930067,false
2022-12-05,663837,120442,82911,63038,930228,false
2022-12-12,663960,120467,82923,63038,930388,false
2022-12-19,664084,120493,82935,63038,930550,false
2022-12-26,664207,120518,82947,63038,930710,false
2023-01-02,664331,120543,82959,63037,930870,false
2023-01-09,664454,120569,82971,63037,931031,false
2023-01-16,664578,120594,82982,63037,931191,false
2023-01-23,664701,120620,82994,63037,931352,false
2023-01-30,664824,120645,83006,63037,931512,false
2023-02-06,664948,120671,83018,63037,931674,false
2023-02-13,665071,120696,83030,63037,931834,false
2023-02-20,665195,120721,83042,63037,931995,false
2023-02-27,665318,120747,83053,63037,932155,false
2023-03-06,665442,120772,83065,63037,932316,false
2023-03-13,665565,120798,83077,63037,932477,false
2023-03-20,665689,120823,83089,63037,932638,false
2023-03-27,665812,120848,83101,63037,932798,false
2023-04-03,665936,120874,83113,63037,932960,false
2023-04-10,666059,120899,83124,63037,933119,false
2023-04-17,666183,120925,83136,63037,933281,false
2023-04-24,666306,120950,83148,63037,933441,false
2023-05-01,666430,120975,83160,63037,933602,false
2023-05-08,666553,121001,83172,63037,933763,false
2023-05-15,666677,121026,83184,63037,933924,false
2023-05-22,666800,121052,83195,63037,934084,false
2023-05-29,666924,121077,83207,63037,934245,false
2023-06-05,667047,121103,83219,63037,934406,false
2023-06-12,667171,121128,83231,63037,934567,false
2023-06-19,667294,121153,83243,63037,934727,false
2023-06-26,667418,121179,83255,63037,934889,false
2023-07-03,667547,121195,83269,63042,935053,false
2023-07-10,667678,121207,83285,63049,935219,false
2023-07-17,667809,121220,83301,63056,935386,false
2023-07-24,667940,121232,83317,63063,935552,false
2023-07-31,668071,121245,83333,63070,935719,false
2023-08-07,668203,121257,83349,63077,935886,false
2023-08-14,668334,121270,83365,63085,936054,false
2023-08-21,668465,121282,83380,63092,936219,false
2023-08-28,668596,121294,83396,63099,936385,false
2023-09-04,668727,121307,83412,63106,936552,false
2023-09-11,668858,121319,83428,63113,936718,false
2023-09-18,668989,121332,83444,63120,936885,false
2023-09-25,669121,121344,83460,63127,937052,false
2023-10-02,669252,121357,83476,63134,937219,false
2023-10-09,669383,121369,83492,63141,937385,false
2023-10-16,669514,121382,83507,63148,937551,false
2023-10-23,669645,121394,83523,63155,937717,false
2023-10-30,669776,121407,83539,63162,937884,false
2023-11-06,669908,121419,83555,63169,938051,false
2023-11-13,670039,121431,83571,63177,938218,false
2023-11-20,670170,121444,83587,63184,938385,false
2023-11-27,670301,121456,83603,63191,938551,false
2023-12-04,670432,121469,83619,63198,938718,false
2023-12-11,670563,121481,83634,63205,938883,false
2023-12-18,670695,121494,83650,63212,939051,false
2023-12-25,670826,121506,83666,63219,939217,false
2024-01-01,670957,121519,83682,63226,939384,false
2024-01-08,671088,121531,83698,63233,939550,false
2024-01-15,671219,121544,83714,63240,939717,false
2024-01-22,671350,121556,83730,63247,939883,false
2024-01-29,671482,121568,83746,63254,940050,false
2024-02-05,671613,121581,83761,63261,940216,false
2024-02-12,671744,121593,83777,63269,940383,false
2024-02-19,671875,121606,83793,63276,940550,false
2024-02-26,672006,121618,83809,63283,940716,false
2024-03-04,672137,121631,83825,63290,940883,false
2024-03-11,672269,121643,83841,63297,941050,false
2024-03-18,672400,121656,83857,63304,941217,false
2024-03-25,672531,121668,83873,63311,941383,false
2024-04-01,672662,121680,83888,63318,941548,false
2024-04-08,672793,121693,83904,63325,941715,false
2024-04-15,672924,121705,83920,63332,941881,false
2024-04-22,673056,121718,83936,63339,942049,false
2024-04-29,673187,121730,83952,63346,942215,false
2024-05-06,673318,121743,83968,63353,942382,false
2024-05-13,673449,121755,83984,63360,942548,false
2024-05-20,673580,121768,84000,63368,942716,false
2024-05-27,673711,121780,84015,63375,942881,false
2024-06-03,673843,121793,84031,63382,943049,false
2024-06-10,673974,121805,84047,63389,943215,false
2024-06-17,674105,121817,84063,63396,943381,false
2024-06-24,674236,121830,84079,63403,943548,false
2024-07-01,674300,121843,84089,63407,943639,false
2024-07-08,674274,121858,84091,63407,943630,false
2024-07-15,674249,121872,84094,63407,943622,false
2024-07-22,674223,121886,84096,63407,943612,false
2024-07-29,674197,121901,84098,63408,943604,false
2024-08-05,674172,121915,84101,63408,943596,false
2024-08-12,674146,121930,84103,63408,943587,false
2024-08-19,674120,121944,84106,63408,943578,false
2024-08-26,674095,121958,84108,63408,943569,false
2024-09-02,674069,121973,84110,63408,943560,false
2024-09-09,674043,121987,84113,63408,943551,false
2024-09-16,674018,122002,84115,63409,943544,false
2024-09-23,673992,122016,84117,63409,943534,false
2024-09-30,673966,122030,84120,63409,943525,false
2024-10-07,673941,122045,84122,63409,943517,false
2024-10-14,673915,122059,84124,63409,943507,false
2024-10-21,673889,122074,84127,63409,943499,false
2024-10-28,673864,122088,84129,63409,943490,false
2024-11-04,673838,122102,84131,63409,943480,false
2024-11-11,673812,122117,84134,63410,943473,false
2024-11-18,673787,122131,84136,63410,943464,false
2024-11-25,673761,122146,84139,63410,943456,false
2024-12-02,673735,122160,84141,63410,943446,false
2024-12-09,673710,122174,84143,63410,943437,false
2024-12-16,673684,122189,84146,63410,943429,false
2024-12-23,673658,122203,84148,63410,943419,false
2024-12-30,673633,122218,84150,63411,943412,false
2025-01-06,673607,122232,84153,63411,943403,false
2025-01-13,673582,122246,84155,63411,943394,false
2025-01-20,673556,122261,84157,63411,943385,false
2025-01-27,673530,122275,84160,63411,943376,false
2025-02-03,673505,122290,84162,63411,943368,false
2025-02-10,673479,122304,84164,63411,943358,false
2025-02-17,673453,122318,84167,63411,943349,false
2025-02-24,673428,122333,84169,63412,943342,false
2025-03-03,673402,122347,84172,63412,943333,false
2025-03-10,673376,122362,84174,63412,943324,false
2025-03-17,673351,122376,84176,63412,943315,false
2025-03-24,673325,122390,84179,63412,943306,false
2025-03-31,673299,122405,84181,63412,943297,false
2025-04-07,673274,122419,84183,63412,943288,false
2025-04-14,673248,122434,84186,63413,943281,false
2025-04-21,673222,122448,84188,63413,943271,false
2025-04-28,673197,122462,84190,63413,943262,false
2025-05-05,673171,122477,84193,63413,943254,false
2025-05-12,673145,122491,84195,63413,943244,false
2025-05-19,673120,122506,84198,63413,943237,false
2025-05-26,673094,122520,84200,63413,943227,false
2025-06-02,673068,122535,84202,63414,943219,false
2025-06-09,673043,122549,84205,63414,943211,false
2025-06-16,673017,122563,84207,63414,943201,false
2025-06-23,672991,122578,84209,63414,943192,false
2025-06-30,672973,122588,84211,63414,943186,true
2025-07-07,672973,122588,84211,63414,943186,true
2025-07-14,672973,122588,84211,63414,943186,true
2025-07-21,672973,122588,84211,63414,943186,true
2025-07-28,672973,122588,84211,63414,943186,true
2025-08-04,672973,122588,84211,63414,943186,true
2025-08-11,672973,122588,84211,63414,943186,true
2025-08-18,672973,122588,84211,63414,943186,true
2025-08-25,672973,122588,84211,63414,943186,true
2025-09-01,672973,122588,84211,63414,943186,true
2025-09-08,672973,122588,84211,63414,943186,true
2025-09-15,672973,122588,84211,63414,943186,true
2025-09-22,672973,122588,84211,63414,943186,true
2025-09-29,672973,122588,84211,63414,943186,true
2025-10-06,672973,122588,84211,63414,943186,true
2025-10-13,672973,122588,84211,63414,943186,true
2025-10-20,672973,122588,84211,63414,943186,true
2025-10-27,672973,122588,84211,63414,943186,true
2025-11-03,672973,122588,84211,63414,943186,true
2025-11-10,672973,122588,84211,63414,943186,true
2025-11-17,672973,122588,84211,63414,943186,true
2025-11-24,672973,122588,84211,63414,943186,true
2025-12-01,672973,122588,84211,63414,943186,true
2025-12-08,672973,122588,84211,63414,943186,true
2025-12-15,672973,122588,84211,63414,943186,true
2025-12-22,672973,122588,84211,63414,943186,true
2025-12-29,672973,122588,84211,63414,943186,true
2026-01-05,672973,122588,84211,63414,943186,true
2026-01-12,672973,122588,84211,63414,943186,true
2026-01-19,672973,122588,84211,63414,943186,true
2026-01-26,672973,122588,84211,63414,943186,true
2026-02-02,672973,122588,84211,63414,943186,true
2026-02-09,672973,122588,84211,63414,943186,true
2026-02-16,672973,122588,84211,63414,943186,true
2026-02-23,672973,122588,84211,63414,943186,true
2026-03-02,672973,122588,84211,63414,943186,true
2026-03-09,672973,122588,84211,63414,943186,true
2026-03-16,672973,122588,84211,63414,943186,true
2026-03-23,672973,122588,84211,63414,943186,true
2026-03-30,672973,122588,84211,63414,943186,true
2026-04-06,672973,122588,84211,63414,943186,true
2026-04-13,672973,122588,84211,63414,943186,true
2026-04-20,672973,122588,84211,63414,943186,true
2026-04-27,672973,122588,84211,63414,943186,true
2026-05-04,672973,122588,84211,63414,943186,true
2026-05-11,672973,122588,84211,63414,943186,true
2026-05-18,672973,122588,84211,63414,943186,true
2026-05-25,672973,122588,84211,63414,943186,true
2026-06-01,672973,122588,84211,63414,943186,true
2026-06-08,672973,122588,84211,63414,943186,true
2026-06-15,672973,122588,84211,63414,943186,true
2026-06-22,672973,122588,84211,63414,943186,true
2026-06-29,672973,122588,84211,63414,943186,true
2026-07-06,672973,122588,84211,63414,943186,true
2026-07-13,672973,122588,84211,63414,943186,true
2026-07-20,672973,122588,84211,63414,943186,true
2026-07-27,672973,122588,84211,63414,943186,true
2026-08-03,672973,122588,84211,63414,943186,true
2026-08-10,672973,122588,84211,63414,943186,true
2026-08-17,672973,122588,84211,63414,943186,true
2026-08-24,672973,122588,84211,63414,943186,true
2026-08-31,672973,122588,84211,63414,943186,true
2026-09-07,672973,122588,84211,63414,943186,true
2026-09-14,672973,122588,84211,63414,943186,true
2026-09-21,672973,122588,84211,63414,943186,true
2026-09-28,672973,122588,84211,63414,943186,true
2026-10-05,672973,122588,84211,63414,943186,true
2026-10-12,672973,122588,84211,63414,943186,true
2026-10-19,672973,122588,84211,63414,943186,true
2026-10-26,672973,122588,84211,63414,943186,true
2026-11-02,672973,122588,84211,63414,943186,true
2026-11-09,672973,122588,84211,63414,943186,true
2026-11-16,672973,122588,84211,63414,943186,true
2026-11-23,672973,122588,84211,63414,943186,true
2026-11-30,672973,122588,84211,63414,943186,true
2026-12-07,672973,122588,84211,63414,943186,true
2026-12-14,672973,122588,84211,63414,943186,true
2026-12-21,672973,122588,84211,63414,943186,true
2026-12-28,672973,122588,84211,63414,943186,true
