municipality,acs_year,period,college_students,undergrad,undergrad_moe,graduate,graduate_moe,population_3plus
Boston,2015,2011-2015,109508,80758,1610,28750,1332,629587
Boston,2016,2012-2016,107896,78017,1422,29879,1301,637497
Boston,2017,2013-2017,105276,75360,1916,29916,1274,647974
Boston,2018,2014-2018,105037,74553,1544,30484,1280,658324
Boston,2019,2015-2019,105609,74170,1641,31439,1361,663443
Boston,2020,2016-2020,107654,74885,2096,32769,1769,668022
Boston,2021,2017-2021,104721,73359,1687,31362,1588,652906
Boston,2022,2018-2022,100326,69478,1615,30848,1536,646271
Boston,2023,2019-2023,98516,68448,1586,30068,1750,644779
Boston,2024,2020-2024,100172,70482,1497,29690,1506,647192
Brookline,2015,2011-2015,8946,5341,738,3605,478,57412
Brookline,2016,2012-2016,8982,5305,782,3677,450,57734
Brookline,2017,2013-2017,7633,4273,634,3360,522,57813
Brookline,2018,2014-2018,8058,4608,727,3450,550,57862
Brookline,2019,2015-2019,7592,4204,589,3388,469,57704
Brookline,2020,2016-2020,6852,3745,541,3107,533,57759
Brookline,2021,2017-2021,6492,3435,569,3057,481,60671
Brookline,2022,2018-2022,6727,3553,682,3174,476,60782
Brookline,2023,2019-2023,6234,3245,606,2989,545,61071
Brookline,2024,2020-2024,6853,3757,664,3096,516,61744
Cambridge,2015,2011-2015,29946,17412,962,12534,812,104833
Cambridge,2016,2012-2016,29388,17891,886,11497,816,105969
Cambridge,2017,2013-2017,29184,17392,1001,11792,679,108007
Cambridge,2018,2014-2018,29519,17747,1020,11772,636,112520
Cambridge,2019,2015-2019,29279,17265,929,12014,720,113482
Cambridge,2020,2016-2020,29257,17695,1019,11562,859,114467
Cambridge,2021,2017-2021,29128,17757,1104,11371,948,113660
Cambridge,2022,2018-2022,28176,16549,821,11627,967,114851
Cambridge,2023,2019-2023,28418,16668,881,11750,820,114612
Cambridge,2024,2020-2024,29861,17112,837,12749,922,115372
Somerville,2015,2011-2015,11845,5637,660,6208,703,76380
Somerville,2016,2012-2016,11393,5236,512,6157,610,77277
Somerville,2017,2013-2017,11302,5006,552,6296,575,77778
Somerville,2018,2014-2018,11211,5304,547,5907,645,78356
Somerville,2019,2015-2019,11371,5721,642,5650,550,78968
Somerville,2020,2016-2020,11121,5633,662,5488,619,79254
Somerville,2021,2017-2021,11037,5609,692,5428,687,78641
Somerville,2022,2018-2022,10494,5470,583,5024,724,78493
Somerville,2023,2019-2023,10364,5046,492,5318,678,78421
Somerville,2024,2020-2024,10412,5334,661,5078,758,78965
