week_start,presence_index,summer_break_share,students_in_session,in_person_enrollment,normal_enrollment,own_calendar_share,resident_undergrads,resident_grads,census_population,max_students_away,min_effective_population,enrollment_imputed,population_extrapolated,covid_away,covid_period,covid_remote_share,covid_policy_known_share
2014-12-29,0.0,0.0,0.0,207639,207639,0.548,109148,51097,912445,160245,752200,true,false,false,normal,,
2015-01-05,0.0,0.0,0.0,207639,207639,0.548,109148,51097,912586,160245,752341,true,false,false,normal,,
2015-01-12,0.2424,0.0,50326.0,207639,207639,0.548,109148,51097,912728,121402,791326,true,false,false,normal,,
2015-01-19,0.6024,0.0,125084.0,207639,207639,0.548,109148,51097,912870,63713,849157,true,false,false,normal,,
2015-01-26,0.9007,0.0,187011.0,207639,207639,0.548,109148,51097,913011,15912,897099,true,false,false,normal,,
2015-02-02,0.9858,0.0,204692.0,207639,207639,0.548,109148,51097,913152,2275,910877,true,false,false,normal,,
2015-02-09,1.0,0.0,207639.0,207639,207639,0.548,109148,51097,913293,0,913293,true,false,false,normal,,
2015-02-16,1.0,0.0,207639.0,207639,207639,0.548,109148,51097,913434,0,913434,true,false,false,normal,,
2015-02-23,1.0,0.0,207639.0,207639,207639,0.548,109148,51097,913576,0,913576,true,false,false,normal,,
2015-03-02,0.8396,0.0,174334.0,207639,207639,0.548,109148,51097,913718,25703,888015,true,false,false,normal,,
2015-03-09,0.3417,0.0,70945.0,207639,207639,0.548,109148,51097,913860,105489,808371,true,false,false,normal,,
2015-03-16,0.6324,0.0,131302.0,207639,207639,0.548,109148,51097,914000,58906,855094,true,false,false,normal,,
2015-03-23,0.9007,0.0,187011.0,207639,207639,0.548,109148,51097,914142,15912,898230,true,false,false,normal,,
2015-03-30,1.0,0.0,207639.0,207639,207639,0.548,109148,51097,914282,0,914282,true,false,false,normal,,
2015-04-06,1.0,0.0,207639.0,207639,207639,0.548,109148,51097,914424,0,914424,true,false,false,normal,,
2015-04-13,1.0,0.0,207639.0,207639,207639,0.548,109148,51097,914565,0,914565,true,false,false,normal,,
2015-04-20,1.0,0.0,207639.0,207639,207639,0.548,109148,51097,914707,0,914707,true,false,false,normal,,
2015-04-27,0.9504,0.0496,197346.0,207639,207639,0.548,109148,51097,914848,7948,906900,true,false,false,normal,,
2015-05-04,0.7616,0.2384,158128.0,207639,207639,0.548,109148,51097,914990,38202,876788,true,false,false,normal,,
2015-05-11,0.4336,0.5664,90029.0,207639,207639,0.548,109148,51097,915131,90763,824368,true,false,false,normal,,
2015-05-18,0.107,0.893,22215.0,207639,207639,0.548,109148,51097,915272,143099,772173,true,false,false,normal,,
2015-05-25,0.0,1.0,0.0,207639,207639,0.548,109148,51097,915414,160245,755169,true,false,false,normal,,
2015-06-01,0.0,1.0,0.0,207639,207639,0.548,109148,51097,915555,160245,755310,true,false,false,normal,,
2015-06-08,0.0,1.0,0.0,207639,207639,0.548,109148,51097,915696,160245,755451,true,false,false,normal,,
2015-06-15,0.0,1.0,0.0,207639,207639,0.548,109148,51097,915838,160245,755593,true,false,false,normal,,
2015-06-22,0.0,1.0,0.0,207639,207639,0.548,109148,51097,915978,160245,755733,true,false,false,normal,,
2015-06-29,0.0,1.0,0.0,207639,207639,0.548,109148,51097,916131,160245,755886,true,false,false,normal,,
2015-07-06,0.0,1.0,0.0,207639,207639,0.548,109148,51097,916348,160245,756103,true,false,false,normal,,
2015-07-13,0.0,1.0,0.0,207639,207639,0.548,109148,51097,916565,160245,756320,true,false,false,normal,,
2015-07-20,0.0,1.0,0.0,207639,207639,0.548,109148,51097,916783,160245,756538,true,false,false,normal,,
2015-07-27,0.0,1.0,0.0,207639,207639,0.548,109148,51097,916998,160245,756753,true,false,false,normal,,
2015-08-03,0.0,1.0,0.0,207639,207639,0.548,109148,51097,917216,160245,756971,false,false,false,normal,,
2015-08-10,0.0,1.0,0.0,207639,207639,0.548,109148,51097,917434,160245,757189,false,false,false,normal,,
2015-08-17,0.0,1.0,0.0,207639,207639,0.548,109148,51097,917652,160245,757407,false,false,false,normal,,
2015-08-24,0.0,1.0,0.0,207639,207639,0.548,109148,51097,917867,160245,757622,false,false,false,normal,,
2015-08-31,0.4866,0.5135,101027.0,207639,207639,0.548,109148,51097,918085,82270,835815,false,false,false,normal,,
2015-09-07,0.9083,0.0917,188592.0,207639,207639,0.548,109148,51097,918302,14694,903608,false,false,false,normal,,
2015-09-14,1.0,0.0,207639.0,207639,207639,0.548,109148,51097,918520,0,918520,false,false,false,normal,,
2015-09-21,1.0,0.0,207639.0,207639,207639,0.548,109148,51097,918736,0,918736,false,false,false,normal,,
2015-09-28,1.0,0.0,207639.0,207639,207639,0.548,109148,51097,918953,0,918953,false,false,false,normal,,
2015-10-05,1.0,0.0,207639.0,207639,207639,0.548,109148,51097,919171,0,919171,false,false,false,normal,,
2015-10-12,1.0,0.0,207639.0,207639,207639,0.548,109148,51097,919388,0,919388,false,false,false,normal,,
2015-10-19,1.0,0.0,207639.0,207639,207639,0.548,109148,51097,919605,0,919605,false,false,false,normal,,
2015-10-26,1.0,0.0,207639.0,207639,207639,0.548,109148,51097,919822,0,919822,false,false,false,normal,,
2015-11-02,1.0,0.0,207639.0,207639,207639,0.548,109148,51097,920039,0,920039,false,false,false,normal,,
2015-11-09,1.0,0.0,207639.0,207639,207639,0.548,109148,51097,920256,0,920256,false,false,false,normal,,
2015-11-16,1.0,0.0,207639.0,207639,207639,0.548,109148,51097,920473,0,920473,false,false,false,normal,,
2015-11-23,0.2857,0.0,59325.0,207639,207639,0.548,109148,51097,920691,114463,806228,false,false,false,normal,,
2015-11-30,1.0,0.0,207639.0,207639,207639,0.548,109148,51097,920908,0,920908,false,false,false,normal,,
2015-12-07,1.0,0.0,207639.0,207639,207639,0.548,109148,51097,921125,0,921125,false,false,false,normal,,
2015-12-14,0.85,0.0,176484.0,207639,207639,0.548,109148,51097,921342,24037,897305,false,false,false,normal,,
2015-12-21,0.0816,0.0,16942.0,207639,207639,0.548,109148,51097,921560,147169,774391,false,false,false,normal,,
2015-12-28,0.0,0.0,0.0,207639,207639,0.548,109148,51097,921778,160245,761533,false,false,false,normal,,
2016-01-04,0.0,0.0,0.0,207639,207639,0.548,109148,51097,921993,160245,761748,false,false,false,normal,,
2016-01-11,0.1735,0.0,36025.0,207639,207639,0.548,109148,51097,922211,132442,789769,false,false,false,normal,,
2016-01-18,0.5611,0.0,116503.0,207639,207639,0.548,109148,51097,922428,70332,852096,false,false,false,normal,,
2016-01-25,0.9007,0.0,187011.0,207639,207639,0.548,109148,51097,922645,15912,906733,false,false,false,normal,,
2016-02-01,0.9858,0.0,204692.0,207639,207639,0.548,109148,51097,922862,2275,920587,false,false,false,normal,,
2016-02-08,1.0,0.0,207639.0,207639,207639,0.548,109148,51097,923080,0,923080,false,false,false,normal,,
2016-02-15,1.0,0.0,207639.0,207639,207639,0.548,109148,51097,923297,0,923297,false,false,false,normal,,
2016-02-22,1.0,0.0,207639.0,207639,207639,0.548,109148,51097,923514,0,923514,false,false,false,normal,,
2016-02-29,0.8396,0.0,174334.0,207639,207639,0.548,109148,51097,923731,25703,898028,false,false,false,normal,,
2016-03-07,0.3692,0.0,76665.0,207639,207639,0.548,109148,51097,923948,101083,822865,false,false,false,normal,,
2016-03-14,0.7012,0.0,145604.0,207639,207639,0.548,109148,51097,924165,47881,876284,false,false,false,normal,,
2016-03-21,0.8042,0.0,166989.0,207639,207639,0.548,109148,51097,924382,31376,893006,false,false,false,normal,,
2016-03-28,1.0,0.0,207639.0,207639,207639,0.548,109148,51097,924600,0,924600,false,false,false,normal,,
2016-04-04,1.0,0.0,207639.0,207639,207639,0.548,109148,51097,924817,0,924817,false,false,false,normal,,
2016-04-11,1.0,0.0,207639.0,207639,207639,0.548,109148,51097,925033,0,925033,false,false,false,normal,,
2016-04-18,1.0,0.0,207639.0,207639,207639,0.548,109148,51097,925251,0,925251,false,false,false,normal,,
2016-04-25,0.9504,0.0496,197346.0,207639,207639,0.548,109148,51097,925468,7948,917520,false,false,false,normal,,
2016-05-02,0.7891,0.2109,163849.0,207639,207639,0.548,109148,51097,925686,33796,891890,false,false,false,normal,,
2016-05-09,0.5025,0.4975,104331.0,207639,207639,0.548,109148,51097,925901,79722,846179,false,false,false,normal,,
2016-05-16,0.107,0.893,22215.0,207639,207639,0.548,109148,51097,926119,143099,783020,false,false,false,normal,,
2016-05-23,0.0,1.0,0.0,207639,207639,0.548,109148,51097,926337,160245,766092,false,false,false,normal,,
2016-05-30,0.0,1.0,0.0,207639,207639,0.548,109148,51097,926555,160245,766310,false,false,false,normal,,
2016-06-06,0.0,1.0,0.0,207639,207639,0.548,109148,51097,926770,160245,766525,false,false,false,normal,,
2016-06-13,0.0,1.0,0.0,207639,207639,0.548,109148,51097,926988,160245,766743,false,false,false,normal,,
2016-06-20,0.0,1.0,0.0,207639,207639,0.548,109148,51097,927205,160245,766960,false,false,false,normal,,
2016-06-27,0.0,1.0,0.0,207639,207639,0.548,109148,51097,927422,160245,767177,false,false,false,normal,,
2016-07-04,0.0,1.0,0.0,207639,207639,0.548,109148,51097,927588,160245,767343,false,false,false,normal,,
2016-07-11,0.0,1.0,0.0,207639,207639,0.548,109148,51097,927745,160245,767500,false,false,false,normal,,
2016-07-18,0.0,1.0,0.0,207639,207639,0.548,109148,51097,927901,160245,767656,false,false,false,normal,,
2016-07-25,0.0,1.0,0.0,207639,207639,0.548,109148,51097,928060,160245,767815,false,false,false,normal,,
2016-08-01,0.0,1.0,0.0,205809,205809,0.556,106449,51210,928217,157659,770558,false,false,false,normal,,
2016-08-08,0.0,1.0,0.0,205809,205809,0.556,106449,51210,928374,157659,770715,false,false,false,normal,,
2016-08-15,0.0,1.0,0.0,205809,205809,0.556,106449,51210,928532,157659,770873,false,false,false,normal,,
2016-08-22,0.0,1.0,0.0,205809,205809,0.556,106449,51210,928689,157659,771030,false,false,false,normal,,
2016-08-29,0.2958,0.7042,60880.0,205809,205809,0.556,106449,51210,928846,111023,817823,false,false,false,normal,,
2016-09-05,0.8698,0.1302,179019.0,205809,205809,0.556,106449,51210,929005,20527,908478,false,false,false,normal,,
2016-09-12,1.0,0.0,205809.0,205809,205809,0.556,106449,51210,929162,0,929162,false,false,false,normal,,
2016-09-19,1.0,0.0,205809.0,205809,205809,0.556,106449,51210,929319,0,929319,false,false,false,normal,,
2016-09-26,1.0,0.0,205809.0,205809,205809,0.556,106449,51210,929477,0,929477,false,false,false,normal,,
2016-10-03,1.0,0.0,205809.0,205809,205809,0.556,106449,51210,929634,0,929634,false,false,false,normal,,
2016-10-10,1.0,0.0,205809.0,205809,205809,0.556,106449,51210,929790,0,929790,false,false,false,normal,,
2016-10-17,1.0,0.0,205809.0,205809,205809,0.556,106449,51210,929948,0,929948,false,false,false,normal,,
2016-10-24,1.0,0.0,205809.0,205809,205809,0.556,106449,51210,930106,0,930106,false,false,false,normal,,
2016-10-31,1.0,0.0,205809.0,205809,205809,0.556,106449,51210,930263,0,930263,false,false,false,normal,,
2016-11-07,1.0,0.0,205809.0,205809,205809,0.556,106449,51210,930421,0,930421,false,false,false,normal,,
2016-11-14,1.0,0.0,205809.0,205809,205809,0.556,106449,51210,930578,0,930578,false,false,false,normal,,
2016-11-21,0.2857,0.0,58803.0,205809,205809,0.556,106449,51210,930735,112616,818119,false,false,false,normal,,
2016-11-28,1.0,0.0,205809.0,205809,205809,0.556,106449,51210,930893,0,930893,false,false,false,normal,,
2016-12-05,1.0,0.0,205809.0,205809,205809,0.556,106449,51210,931051,0,931051,false,false,false,normal,,
2016-12-12,0.9158,0.0,188475.0,205809,205809,0.556,106449,51210,931208,13275,917933,false,false,false,normal,,
2016-12-19,0.2796,0.0,57540.0,205809,205809,0.556,106449,51210,931365,113578,817787,false,false,false,normal,,
2016-12-26,0.0,0.0,0.0,205809,205809,0.556,106449,51210,931523,157659,773864,false,false,false,normal,,
2017-01-02,0.0,0.0,0.0,205809,205809,0.556,106449,51210,931680,157659,774021,false,false,false,normal,,
2017-01-09,0.1759,0.0,36210.0,205809,205809,0.556,106449,51210,931836,129927,801909,false,false,false,normal,,
2017-01-16,0.4905,0.0,100944.0,205809,205809,0.556,106449,51210,931994,80327,851667,false,false,false,normal,,
2017-01-23,0.9011,0.0,185445.0,205809,205809,0.556,106449,51210,932152,15592,916560,false,false,false,normal,,
2017-01-30,0.9011,0.0,185445.0,205809,205809,0.556,106449,51210,932309,15592,916717,false,false,false,normal,,
2017-02-06,0.9859,0.0,202900.0,205809,205809,0.556,106449,51210,932467,2223,930244,false,false,false,normal,,
2017-02-13,1.0,0.0,205809.0,205809,205809,0.556,106449,51210,932624,0,932624,false,false,false,normal,,
2017-02-20,1.0,0.0,205809.0,205809,205809,0.556,106449,51210,932781,0,932781,false,false,false,normal,,
2017-02-27,0.8388,0.0,172624.0,205809,205809,0.556,106449,51210,932939,25415,907524,false,false,false,normal,,
2017-03-06,0.3677,0.0,75683.0,205809,205809,0.556,106449,51210,933097,99688,833409,false,false,false,normal,,
2017-03-13,0.734,0.0,151068.0,205809,205809,0.556,106449,51210,933254,41937,891317,false,false,false,normal,,
2017-03-20,0.8727,0.0,179614.0,205809,205809,0.556,106449,51210,933412,20070,913342,false,false,false,normal,,
2017-03-27,0.9011,0.0,185445.0,205809,205809,0.556,106449,51210,933569,15592,917977,false,false,false,normal,,
2017-04-03,1.0,0.0,205809.0,205809,205809,0.556,106449,51210,933726,0,933726,false,false,false,normal,,
2017-04-10,1.0,0.0,205809.0,205809,205809,0.556,106449,51210,933884,0,933884,false,false,false,normal,,
2017-04-17,1.0,0.0,205809.0,205809,205809,0.556,106449,51210,934041,0,934041,false,false,false,normal,,
2017-04-24,0.9497,0.0503,195463.0,205809,205809,0.556,106449,51210,934199,7930,926269,false,false,false,normal,,
2017-05-01,0.8241,0.1759,169599.0,205809,205809,0.556,106449,51210,934357,27732,906625,false,false,false,normal,,
2017-05-08,0.6868,0.3132,141359.0,205809,205809,0.556,106449,51210,934514,49379,885135,false,false,false,normal,,
2017-05-15,0.135,0.865,27775.0,205809,205809,0.556,106449,51210,934671,136375,798296,false,false,false,normal,,
2017-05-22,0.0707,0.9293,14546.0,205809,205809,0.556,106449,51210,934828,146513,788315,false,false,false,normal,,
2017-05-29,0.0,1.0,0.0,205809,205809,0.556,106449,51210,934986,157659,777327,false,false,false,normal,,
2017-06-05,0.0,1.0,0.0,205809,205809,0.556,106449,51210,935143,157659,777484,false,false,false,normal,,
2017-06-12,0.0,1.0,0.0,205809,205809,0.556,106449,51210,935301,157659,777642,false,false,false,normal,,
2017-06-19,0.0,1.0,0.0,205809,205809,0.556,106449,51210,935459,157659,777800,false,false,false,normal,,
2017-06-26,0.0,1.0,0.0,205809,205809,0.556,106449,51210,935615,157659,777956,false,false,false,normal,,
2017-07-03,0.0,1.0,0.0,205809,205809,0.556,106449,51210,935711,157659,778052,false,false,false,normal,,
2017-07-10,0.0,1.0,0.0,205809,205809,0.556,106449,51210,935781,157659,778122,false,false,false,normal,,
2017-07-17,0.0,1.0,0.0,205809,205809,0.556,106449,51210,935853,157659,778194,false,false,false,normal,,
2017-07-24,0.0,1.0,0.0,205809,205809,0.556,106449,51210,935924,157659,778265,false,false,false,normal,,
2017-07-31,0.0,1.0,0.0,206779,206779,0.566,102031,51364,935995,153395,782600,false,false,false,normal,,
2017-08-07,0.0,1.0,0.0,206779,206779,0.566,102031,51364,936065,153395,782670,false,false,false,normal,,
2017-08-14,0.0,1.0,0.0,206779,206779,0.566,102031,51364,936137,153395,782742,false,false,false,normal,,
2017-08-21,0.0,1.0,0.0,206779,206779,0.566,102031,51364,936208,153395,782813,false,false,false,normal,,
2017-08-28,0.294,0.706,60796.0,206779,206779,0.566,102031,51364,936278,108297,827981,false,false,false,normal,,
2017-09-04,0.869,0.131,179689.0,206779,206779,0.566,102031,51364,936349,20095,916254,false,false,false,normal,,
2017-09-11,1.0,0.0,206779.0,206779,206779,0.566,102031,51364,936421,0,936421,false,false,false,normal,,
2017-09-18,1.0,0.0,206779.0,206779,206779,0.566,102031,51364,936491,0,936491,false,false,false,normal,,
2017-09-25,1.0,0.0,206779.0,206779,206779,0.566,102031,51364,936563,0,936563,false,false,false,normal,,
2017-10-02,1.0,0.0,206779.0,206779,206779,0.566,102031,51364,936633,0,936633,false,false,false,normal,,
2017-10-09,1.0,0.0,206779.0,206779,206779,0.566,102031,51364,936704,0,936704,false,false,false,normal,,
2017-10-16,1.0,0.0,206779.0,206779,206779,0.566,102031,51364,936775,0,936775,false,false,false,normal,,
2017-10-23,1.0,0.0,206779.0,206779,206779,0.566,102031,51364,936846,0,936846,false,false,false,normal,,
2017-10-30,1.0,0.0,206779.0,206779,206779,0.566,102031,51364,936916,0,936916,false,false,false,normal,,
2017-11-06,1.0,0.0,206779.0,206779,206779,0.566,102031,51364,936987,0,936987,false,false,false,normal,,
2017-11-13,1.0,0.0,206779.0,206779,206779,0.566,102031,51364,937059,0,937059,false,false,false,normal,,
2017-11-20,0.2857,0.0,59080.0,206779,206779,0.566,102031,51364,937130,109570,827560,false,false,false,normal,,
2017-11-27,1.0,0.0,206779.0,206779,206779,0.566,102031,51364,937201,0,937201,false,false,false,normal,,
2017-12-04,1.0,0.0,206779.0,206779,206779,0.566,102031,51364,937272,0,937272,false,false,false,normal,,
2017-12-11,0.9141,0.0,189016.0,206779,206779,0.566,102031,51364,937343,13177,924166,false,false,false,normal,,
2017-12-18,0.3278,0.0,67783.0,206779,206779,0.566,102031,51364,937413,103112,834301,false,false,false,normal,,
2017-12-25,0.0,0.0,0.0,206779,206779,0.566,102031,51364,937485,153395,784090,false,false,false,normal,,
2018-01-01,0.0,0.0,0.0,206779,206779,0.566,102031,51364,937555,153395,784160,false,false,false,normal,,
2018-01-08,0.1815,0.0,37538.0,206779,206779,0.566,102031,51364,937626,125554,812072,false,false,false,normal,,
2018-01-15,0.4927,0.0,101876.0,206779,206779,0.566,102031,51364,937699,77817,859882,false,false,false,normal,,
2018-01-22,0.9024,0.0,186592.0,206779,206779,0.566,102031,51364,937769,14971,922798,false,false,false,normal,,
2018-01-29,0.9024,0.0,186592.0,206779,206779,0.566,102031,51364,937839,14971,922868,false,false,false,normal,,
2018-02-05,0.9861,0.0,203895.0,206779,206779,0.566,102031,51364,937911,2132,935779,false,false,false,normal,,
2018-02-12,1.0,0.0,206779.0,206779,206779,0.566,102031,51364,937981,0,937981,false,false,false,normal,,
2018-02-19,1.0,0.0,206779.0,206779,206779,0.566,102031,51364,938052,0,938052,false,false,false,normal,,
2018-02-26,0.8377,0.0,173228.0,206779,206779,0.566,102031,51364,938123,24896,913227,false,false,false,normal,,
2018-03-05,0.364,0.0,75274.0,206779,206779,0.566,102031,51364,938194,97559,840635,false,false,false,normal,,
2018-03-12,0.7343,0.0,151828.0,206779,206779,0.566,102031,51364,938266,40757,897509,false,false,false,normal,,
2018-03-19,0.8759,0.0,181115.0,206779,206779,0.566,102031,51364,938337,19036,919301,false,false,false,normal,,
2018-03-26,0.9024,0.0,186592.0,206779,206779,0.566,102031,51364,938407,14971,923436,false,false,false,normal,,
2018-04-02,1.0,0.0,206779.0,206779,206779,0.566,102031,51364,938478,0,938478,false,false,false,normal,,
2018-04-09,1.0,0.0,206779.0,206779,206779,0.566,102031,51364,938548,0,938548,false,false,false,normal,,
2018-04-16,1.0,0.0,206779.0,206779,206779,0.566,102031,51364,938620,0,938620,false,false,false,normal,,
2018-04-23,0.9481,0.0519,196054.0,206779,206779,0.566,102031,51364,938691,7961,930730,false,false,false,normal,,
2018-04-30,0.8185,0.1815,169241.0,206779,206779,0.566,102031,51364,938761,27841,910920,false,false,false,normal,,
2018-05-07,0.6819,0.3181,141008.0,206779,206779,0.566,102031,51364,938834,48795,890039,false,false,false,normal,,
2018-05-14,0.133,0.867,27502.0,206779,206779,0.566,102031,51364,938904,132993,805911,false,false,false,normal,,
2018-05-21,0.0697,0.9303,14419.0,206779,206779,0.566,102031,51364,938975,142703,796272,false,false,false,normal,,
2018-05-28,0.0,1.0,0.0,206779,206779,0.566,102031,51364,939046,153395,785651,false,false,false,normal,,
2018-06-04,0.0,1.0,0.0,206779,206779,0.566,102031,51364,939116,153395,785721,false,false,false,normal,,
2018-06-11,0.0,1.0,0.0,206779,206779,0.566,102031,51364,939188,153395,785793,false,false,false,normal,,
2018-06-18,0.0,1.0,0.0,206779,206779,0.566,102031,51364,939259,153395,785864,false,false,false,normal,,
2018-06-25,0.0,1.0,0.0,206779,206779,0.566,102031,51364,939329,153395,785934,false,false,false,normal,,
2018-07-02,0.0,1.0,0.0,206779,206779,0.566,102031,51364,939382,153395,785987,false,false,false,normal,,
2018-07-09,0.0,1.0,0.0,206779,206779,0.566,102031,51364,939420,153395,786025,false,false,false,normal,,
2018-07-16,0.0,1.0,0.0,206779,206779,0.566,102031,51364,939456,153395,786061,false,false,false,normal,,
2018-07-23,0.0,1.0,0.0,206779,206779,0.566,102031,51364,939495,153395,786100,false,false,false,normal,,
2018-07-30,0.0,1.0,0.0,208409,208409,0.569,102212,51613,939534,153825,785709,false,false,false,normal,,
2018-08-06,0.0,1.0,0.0,208409,208409,0.569,102212,51613,939571,153825,785746,false,false,false,normal,,
2018-08-13,0.0,1.0,0.0,208409,208409,0.569,102212,51613,939608,153825,785783,false,false,false,normal,,
2018-08-20,0.0,1.0,0.0,208409,208409,0.569,102212,51613,939646,153825,785821,false,false,false,normal,,
2018-08-27,0.1226,0.8774,25551.0,208409,208409,0.569,102212,51613,939684,134966,804718,false,false,false,normal,,
2018-09-03,0.8349,0.1651,174000.0,208409,208409,0.569,102212,51613,939722,25397,914325,false,false,false,normal,,
2018-09-10,1.0,0.0,208409.0,208409,208409,0.569,102212,51613,939760,0,939760,false,false,false,normal,,
2018-09-17,1.0,0.0,208409.0,208409,208409,0.569,102212,51613,939798,0,939798,false,false,false,normal,,
2018-09-24,1.0,0.0,208409.0,208409,208409,0.569,102212,51613,939835,0,939835,false,false,false,normal,,
2018-10-01,1.0,0.0,208409.0,208409,208409,0.569,102212,51613,939872,0,939872,false,false,false,normal,,
2018-10-08,1.0,0.0,208409.0,208409,208409,0.569,102212,51613,939912,0,939912,false,false,false,normal,,
2018-10-15,1.0,0.0,208409.0,208409,208409,0.569,102212,51613,939950,0,939950,false,false,false,normal,,
2018-10-22,1.0,0.0,208409.0,208409,208409,0.569,102212,51613,939987,0,939987,false,false,false,normal,,
2018-10-29,1.0,0.0,208409.0,208409,208409,0.569,102212,51613,940024,0,940024,false,false,false,normal,,
2018-11-05,1.0,0.0,208409.0,208409,208409,0.569,102212,51613,940062,0,940062,false,false,false,normal,,
2018-11-12,1.0,0.0,208409.0,208409,208409,0.569,102212,51613,940100,0,940100,false,false,false,normal,,
2018-11-19,0.2857,0.0,59545.0,208409,208409,0.569,102212,51613,940138,109877,830261,false,false,false,normal,,
2018-11-26,1.0,0.0,208409.0,208409,208409,0.569,102212,51613,940176,0,940176,false,false,false,normal,,
2018-12-03,1.0,0.0,208409.0,208409,208409,0.569,102212,51613,940214,0,940214,false,false,false,normal,,
2018-12-10,0.9152,0.0,190728.0,208409,208409,0.569,102212,51613,940251,13044,927207,false,false,false,normal,,
2018-12-17,0.3706,0.0,77240.0,208409,208409,0.569,102212,51613,940289,96817,843472,false,false,false,normal,,
2018-12-24,0.0,0.0,0.0,208409,208409,0.569,102212,51613,940327,153825,786502,false,false,false,normal,,
2018-12-31,0.0,0.0,0.0,208409,208409,0.569,102212,51613,940365,153825,786540,false,false,false,normal,,
2019-01-07,0.181,0.0,37724.0,208409,208409,0.569,102212,51613,940403,125983,814420,false,false,false,normal,,
2019-01-14,0.3723,0.0,77596.0,208409,208409,0.569,102212,51613,940441,96556,843885,false,false,false,normal,,
2019-01-21,0.6321,0.0,131739.0,208409,208409,0.569,102212,51613,940478,56592,883886,false,false,false,normal,,
2019-01-28,0.9027,0.0,188126.0,208409,208409,0.569,102212,51613,940516,14967,925549,false,false,false,normal,,
2019-02-04,0.9861,0.0,205511.0,208409,208409,0.569,102212,51613,940554,2138,938416,false,false,false,normal,,
2019-02-11,1.0,0.0,208409.0,208409,208409,0.569,102212,51613,940592,0,940592,false,false,false,normal,,
2019-02-18,1.0,0.0,208409.0,208409,208409,0.569,102212,51613,940630,0,940630,false,false,false,normal,,
2019-02-25,0.9133,0.0,190330.0,208409,208409,0.569,102212,51613,940668,13337,927331,false,false,false,normal,,
2019-03-04,0.619,0.0,128996.0,208409,208409,0.569,102212,51613,940705,58607,882098,false,false,false,normal,,
2019-03-11,0.6352,0.0,132391.0,208409,208409,0.569,102212,51613,940742,56115,884627,false,false,false,normal,,
2019-03-18,0.6442,0.0,134247.0,208409,208409,0.569,102212,51613,940780,54731,886049,false,false,false,normal,,
2019-03-25,0.9027,0.0,188126.0,208409,208409,0.569,102212,51613,940820,14967,925853,false,false,false,normal,,
2019-04-01,1.0,0.0,208409.0,208409,208409,0.569,102212,51613,940857,0,940857,false,false,false,normal,,
2019-04-08,1.0,0.0,208409.0,208409,208409,0.569,102212,51613,940894,0,940894,false,false,false,normal,,
2019-04-15,1.0,0.0,208409.0,208409,208409,0.569,102212,51613,940932,0,940932,false,false,false,normal,,
2019-04-22,0.9483,0.0517,197631.0,208409,208409,0.569,102212,51613,940970,7953,933017,false,false,false,normal,,
2019-04-29,0.819,0.181,170685.0,208409,208409,0.569,102212,51613,941008,27842,913166,false,false,false,normal,,
2019-05-06,0.7528,0.2472,156888.0,208409,208409,0.569,102212,51613,941046,38026,903020,false,false,false,normal,,
2019-05-13,0.4186,0.5814,87249.0,208409,208409,0.569,102212,51613,941084,89434,851650,false,false,false,normal,,
2019-05-20,0.1045,0.8955,21788.0,208409,208409,0.569,102212,51613,941121,137750,803371,false,false,false,normal,,
2019-05-27,0.0,1.0,0.0,208409,208409,0.569,102212,51613,941158,153825,787333,false,false,false,normal,,
2019-06-03,0.0,1.0,0.0,208409,208409,0.569,102212,51613,941197,153825,787372,false,false,false,normal,,
2019-06-10,0.0,1.0,0.0,208409,208409,0.569,102212,51613,941236,153825,787411,false,false,false,normal,,
2019-06-17,0.0,1.0,0.0,208409,208409,0.569,102212,51613,941272,153825,787447,false,false,false,normal,,
2019-06-24,0.0,1.0,0.0,208409,208409,0.569,102212,51613,941310,153825,787485,false,false,false,normal,,
2019-07-01,0.0,1.0,0.0,208409,208409,0.569,102212,51613,941236,153825,787411,false,false,false,normal,,
2019-07-08,0.0,1.0,0.0,208409,208409,0.569,102212,51613,941013,153825,787188,false,false,false,normal,,
2019-07-15,0.0,1.0,0.0,208409,208409,0.569,102212,51613,940790,153825,786965,false,false,false,normal,,
2019-07-22,0.0,1.0,0.0,208409,208409,0.569,102212,51613,940565,153825,786740,false,false,false,normal,,
2019-07-29,0.0,1.0,0.0,204888,204888,0.578,101360,52491,940343,153851,786492,false,false,false,normal,,
2019-08-05,0.0,1.0,0.0,204888,204888,0.578,101360,52491,940120,153851,786269,false,false,false,normal,,
2019-08-12,0.0,1.0,0.0,204888,204888,0.578,101360,52491,939897,153851,786046,false,false,false,normal,,
2019-08-19,0.0,1.0,0.0,204888,204888,0.578,101360,52491,939673,153851,785822,false,false,false,normal,,
2019-08-26,0.122,0.878,25006.0,204888,204888,0.578,101360,52491,939450,135081,804369,false,false,false,normal,,
2019-09-02,0.8342,0.1658,170923.0,204888,204888,0.578,101360,52491,939228,25508,913720,false,false,false,normal,,
2019-09-09,1.0,0.0,204888.0,204888,204888,0.578,101360,52491,939004,0,939004,false,false,false,normal,,
2019-09-16,1.0,0.0,204888.0,204888,204888,0.578,101360,52491,938781,0,938781,false,false,false,normal,,
2019-09-23,1.0,0.0,204888.0,204888,204888,0.578,101360,52491,938558,0,938558,false,false,false,normal,,
2019-09-30,1.0,0.0,204888.0,204888,204888,0.578,101360,52491,938335,0,938335,false,false,false,normal,,
2019-10-07,1.0,0.0,204888.0,204888,204888,0.578,101360,52491,938111,0,938111,false,false,false,normal,,
2019-10-14,1.0,0.0,204888.0,204888,204888,0.578,101360,52491,937887,0,937887,false,false,false,normal,,
2019-10-21,1.0,0.0,204888.0,204888,204888,0.578,101360,52491,937664,0,937664,false,false,false,normal,,
2019-10-28,1.0,0.0,204888.0,204888,204888,0.578,101360,52491,937440,0,937440,false,false,false,normal,,
2019-11-04,1.0,0.0,204888.0,204888,204888,0.578,101360,52491,937217,0,937217,false,false,false,normal,,
2019-11-11,1.0,0.0,204888.0,204888,204888,0.578,101360,52491,936994,0,936994,false,false,false,normal,,
2019-11-18,1.0,0.0,204888.0,204888,204888,0.578,101360,52491,936771,0,936771,false,false,false,normal,,
2019-11-25,0.2857,0.0,58539.0,204888,204888,0.578,101360,52491,936548,109896,826652,false,false,false,normal,,
2019-12-02,1.0,0.0,204888.0,204888,204888,0.578,101360,52491,936325,0,936325,false,false,false,normal,,
2019-12-09,0.9138,0.0,187235.0,204888,204888,0.578,101360,52491,936102,13262,922840,false,false,false,normal,,
2019-12-16,0.3846,0.0,78795.0,204888,204888,0.578,101360,52491,935878,94680,841198,false,false,false,normal,,
2019-12-23,0.0,0.0,0.0,204888,204888,0.578,101360,52491,935655,153851,781804,false,false,false,normal,,
2019-12-30,0.0,0.0,0.0,204888,204888,0.578,101360,52491,935433,153851,781582,false,false,false,normal,,
2020-01-06,0.1856,0.0,38036.0,204888,204888,0.578,101360,52491,935209,125296,809913,false,false,false,normal,,
2020-01-13,0.3781,0.0,77469.0,204888,204888,0.578,101360,52491,934985,95680,839305,false,false,false,normal,,
2020-01-20,0.6335,0.0,129792.0,204888,204888,0.578,101360,52491,934762,56386,878376,false,false,false,normal,,
2020-01-27,0.9032,0.0,185049.0,204888,204888,0.578,101360,52491,934539,14893,919646,false,false,false,normal,,
2020-02-03,1.0,0.0,204888.0,204888,204888,0.578,101360,52491,934315,0,934315,false,false,false,normal,,
2020-02-10,1.0,0.0,204888.0,204888,204888,0.578,101360,52491,934092,0,934092,false,false,false,normal,,
2020-02-17,1.0,0.0,204888.0,204888,204888,0.578,101360,52491,933869,0,933869,false,false,false,normal,,
2020-02-24,0.9121,0.0,186876.0,204888,204888,0.578,101360,52491,933645,13524,920121,false,false,false,normal,,
2020-03-02,0.634,0.0,129901.0,204888,204888,0.578,101360,52491,933422,56309,877113,false,false,false,normal,,
2020-03-09,0.6687,0.0,137005.0,204888,204888,0.578,101360,52491,933199,50971,882228,false,false,false,normal,,
2020-03-16,0.0,0.0,0.0,204888,204888,0.578,101360,52491,932976,153851,779125,false,false,true,lockdown,,
2020-03-23,0.0,0.0,0.0,204888,204888,0.578,101360,52491,932753,153851,778902,false,false,true,lockdown,,
2020-03-30,0.0,0.0,0.0,204888,204888,0.578,101360,52491,932530,153851,778679,false,false,true,lockdown,,
2020-04-06,0.0,0.0,0.0,204888,204888,0.578,101360,52491,932307,153851,778456,false,false,true,lockdown,,
2020-04-13,0.0,0.0,0.0,204888,204888,0.578,101360,52491,932082,153851,778231,false,false,true,lockdown,,
2020-04-20,0.0,0.053,0.0,204888,204888,0.578,101360,52491,931859,153851,778008,false,false,true,lockdown,,
2020-04-27,0.0,0.1856,0.0,204888,204888,0.578,101360,52491,931636,153851,777785,false,false,true,lockdown,,
2020-05-04,0.0,0.2517,0.0,204888,204888,0.578,101360,52491,931413,153851,777562,false,false,true,lockdown,,
2020-05-11,0.0,0.6696,0.0,204888,204888,0.578,101360,52491,931190,153851,777339,false,false,true,lockdown,,
2020-05-18,0.0,0.9585,0.0,204888,204888,0.578,101360,52491,930967,153851,777116,false,false,true,lockdown,,
2020-05-25,0.0,1.0,0.0,204888,204888,0.578,101360,52491,930744,153851,776893,false,false,true,lockdown,,
2020-06-01,0.0,1.0,0.0,204888,204888,0.578,101360,52491,930520,153851,776669,false,false,true,lockdown,,
2020-06-08,0.0,1.0,0.0,204888,204888,0.578,101360,52491,930297,153851,776446,false,false,true,lockdown,,
2020-06-15,0.0,1.0,0.0,204888,204888,0.578,101360,52491,930074,153851,776223,false,false,true,lockdown,,
2020-06-22,0.0,1.0,0.0,204888,204888,0.578,101360,52491,929850,153851,775999,false,false,true,lockdown,,
2020-06-29,0.0,1.0,0.0,204888,204888,0.578,101360,52491,929623,153851,775772,false,false,true,lockdown,,
2020-07-06,0.0,1.0,0.0,204888,204888,0.578,101360,52491,929377,153851,775526,false,false,true,lockdown,,
2020-07-13,0.0,1.0,0.0,204888,204888,0.578,101360,52491,929130,153851,775279,false,false,true,lockdown,,
2020-07-20,0.0,1.0,0.0,204888,204888,0.578,101360,52491,928882,153851,775031,false,false,true,lockdown,,
2020-07-27,0.0,1.0,0.0,204888,204888,0.578,101360,52491,928636,153851,774785,false,false,true,lockdown,,
2020-08-03,0.0,1.0,0.0,115277,198720,0.694,101958,52926,928389,154884,773505,false,false,true,lockdown,,
2020-08-10,0.0,1.0,0.0,115277,198720,0.694,101958,52926,928142,154884,773258,false,false,true,lockdown,,
2020-08-17,0.0,1.0,0.0,115277,198720,0.694,101958,52926,927894,154884,773010,false,false,false,remote_year,0.38,0.897
2020-08-24,0.0,1.0,0.0,115277,198720,0.694,101958,52926,927648,154884,772764,false,false,false,remote_year,0.38,0.897
2020-08-31,0.2888,0.5022,57381.0,115277,198720,0.694,101958,52926,927401,110154,817247,false,false,false,remote_year,0.38,0.897
2020-09-07,0.5256,0.094,104444.0,115277,198720,0.694,101958,52926,927154,73477,853677,false,false,false,remote_year,0.38,0.897
2020-09-14,0.5801,0.0,115277.0,115277,198720,0.694,101958,52926,926908,65036,861872,false,false,false,remote_year,0.38,0.897
2020-09-21,0.5801,0.0,115277.0,115277,198720,0.694,101958,52926,926661,65036,861625,false,false,false,remote_year,0.38,0.897
2020-09-28,0.5801,0.0,115277.0,115277,198720,0.694,101958,52926,926414,65036,861378,false,false,false,remote_year,0.38,0.897
2020-10-05,0.5801,0.0,115277.0,115277,198720,0.694,101958,52926,926167,65036,861131,false,false,false,remote_year,0.38,0.897
2020-10-12,0.5801,0.0,115277.0,115277,198720,0.694,101958,52926,925920,65036,860884,false,false,false,remote_year,0.38,0.897
2020-10-19,0.5801,0.0,115277.0,115277,198720,0.694,101958,52926,925674,65036,860638,false,false,false,remote_year,0.38,0.897
2020-10-26,0.5801,0.0,115277.0,115277,198720,0.694,101958,52926,925425,65036,860389,false,false,false,remote_year,0.38,0.897
2020-11-02,0.5801,0.0,115277.0,115277,198720,0.694,101958,52926,925179,65036,860143,false,false,false,remote_year,0.38,0.897
2020-11-09,0.5801,0.0,115277.0,115277,198720,0.694,101958,52926,924932,65036,859896,false,false,false,remote_year,0.38,0.897
2020-11-16,0.5801,0.0,115277.0,115277,198720,0.694,101958,52926,924685,65036,859649,false,false,false,remote_year,0.38,0.897
2020-11-23,0.1657,0.0,32936.0,115277,198720,0.694,101958,52926,924438,129220,795218,false,false,false,remote_year,0.38,0.897
2020-11-30,0.5801,0.0,115277.0,115277,198720,0.694,101958,52926,924191,65036,859155,false,false,false,remote_year,0.38,0.897
2020-12-07,0.5801,0.0,115277.0,115277,198720,0.694,101958,52926,923945,65036,858909,false,false,false,remote_year,0.38,0.897
2020-12-14,0.4925,0.0,97879.0,115277,198720,0.694,101958,52926,923697,78604,845093,false,false,false,remote_year,0.38,0.897
2020-12-21,0.0308,0.0,6123.0,115277,198720,0.694,101958,52926,923451,150114,773337,false,false,false,remote_year,0.38,0.897
2020-12-28,0.0,0.0,0.0,115277,198720,0.694,101958,52926,923204,154884,768320,false,false,false,remote_year,0.38,0.897
2021-01-04,0.0,0.0,0.0,115277,198720,0.694,101958,52926,922956,154884,768072,false,false,false,remote_year,0.325,0.869
2021-01-11,0.0,0.0,0.0,115277,198720,0.694,101958,52926,922709,154884,767825,false,false,false,remote_year,0.325,0.869
2021-01-18,0.1382,0.0,27462.0,115277,198720,0.694,101958,52926,922462,133479,788983,false,false,false,remote_year,0.325,0.869
2021-01-25,0.4512,0.0,89658.0,115277,198720,0.694,101958,52926,922215,85000,837215,false,false,false,remote_year,0.325,0.869
2021-02-01,0.5521,0.0,109705.0,115277,198720,0.694,101958,52926,921968,69373,852595,false,false,false,remote_year,0.325,0.869
2021-02-08,0.5521,0.0,109705.0,115277,198720,0.694,101958,52926,921722,69373,852349,false,false,false,remote_year,0.325,0.869
2021-02-15,0.5761,0.0,114481.0,115277,198720,0.694,101958,52926,921475,65655,855820,false,false,false,remote_year,0.325,0.869
2021-02-22,0.5801,0.0,115277.0,115277,198720,0.694,101958,52926,921227,65036,856191,false,false,false,remote_year,0.325,0.869
2021-03-01,0.5801,0.0,115277.0,115277,198720,0.694,101958,52926,920981,65036,855945,false,false,false,remote_year,0.325,0.869
2021-03-08,0.5801,0.0,115277.0,115277,198720,0.694,101958,52926,920734,65036,855698,false,false,false,remote_year,0.325,0.869
2021-03-15,0.5801,0.0,115277.0,115277,198720,0.694,101958,52926,920486,65036,855450,false,false,false,remote_year,0.325,0.869
2021-03-22,0.5547,0.0,110238.0,115277,198720,0.694,101958,52926,920240,68970,851270,false,false,false,remote_year,0.325,0.869
2021-03-29,0.5801,0.0,115277.0,115277,198720,0.694,101958,52926,919994,65036,854958,false,false,false,remote_year,0.325,0.869
2021-04-05,0.5801,0.0,115277.0,115277,198720,0.694,101958,52926,919747,65036,854711,false,false,false,remote_year,0.325,0.869
2021-04-12,0.5801,0.0,115277.0,115277,198720,0.694,101958,52926,919499,65036,854463,false,false,false,remote_year,0.325,0.869
2021-04-19,0.5801,0.0,115277.0,115277,198720,0.694,101958,52926,919253,65036,854217,false,false,false,remote_year,0.325,0.869
2021-04-26,0.534,0.0794,106123.0,115277,198720,0.694,101958,52926,919006,72176,846830,false,false,false,remote_year,0.325,0.869
2021-05-03,0.3879,0.3312,77092.0,115277,198720,0.694,101958,52926,918759,94804,823955,false,false,false,remote_year,0.325,0.869
2021-05-10,0.1829,0.6847,36348.0,115277,198720,0.694,101958,52926,918512,126556,791956,false,false,false,remote_year,0.325,0.869
2021-05-17,0.0559,0.9037,11099.0,115277,198720,0.694,101958,52926,918265,146226,772039,false,false,false,remote_year,0.325,0.869
2021-05-24,0.016,0.9724,3184.0,115277,198720,0.694,101958,52926,918017,152406,765611,false,false,false,remote_year,0.325,0.869
2021-05-31,0.0,1.0,0.0,115277,198720,0.694,101958,52926,917770,154884,762886,false,false,false,remote_year,0.325,0.869
2021-06-07,0.0,1.0,0.0,115277,198720,0.694,101958,52926,917524,154884,762640,false,false,false,remote_year,0.325,0.869
2021-06-14,0.0,1.0,0.0,115277,198720,0.694,101958,52926,917277,154884,762393,false,false,false,remote_year,0.325,0.869
2021-06-21,0.0,1.0,0.0,115277,198720,0.694,101958,52926,917030,154884,762146,false,false,false,remote_year,0.325,0.869
2021-06-28,0.0,1.0,0.0,115277,198720,0.694,101958,52926,916783,154884,761899,false,false,false,remote_year,0.325,0.869
2021-07-05,0.0,1.0,0.0,115277,198720,0.694,101958,52926,916971,154884,762087,false,false,false,remote_year,0.325,0.869
2021-07-12,0.0,1.0,0.0,115277,198720,0.694,101958,52926,917157,154884,762273,false,false,false,remote_year,0.325,0.869
2021-07-19,0.0,1.0,0.0,115277,198720,0.694,101958,52926,917345,154884,762461,false,false,false,remote_year,0.325,0.869
2021-07-26,0.0,1.0,0.0,115277,198720,0.694,101958,52926,917533,154884,762649,false,false,false,remote_year,0.325,0.869
2021-08-02,0.0,1.0,0.0,189154,189154,0.627,100160,51218,917720,151378,766342,false,false,false,remote_year,0.272,0.875
2021-08-09,0.0,1.0,0.0,189154,189154,0.627,100160,51218,917907,151378,766529,false,false,false,remote_year,0.272,0.875
2021-08-16,0.0,1.0,0.0,189154,189154,0.627,100160,51218,918095,151378,766717,false,false,false,normal,,
2021-08-23,0.0,1.0,0.0,189154,189154,0.627,100160,51218,918282,151378,766904,false,false,false,normal,,
2021-08-30,0.4046,0.5954,76539.0,189154,189154,0.627,100160,51218,918470,90130,828340,false,false,false,normal,,
2021-09-06,0.8773,0.1227,165953.0,189154,189154,0.627,100160,51218,918656,18574,900082,false,false,false,normal,,
2021-09-13,1.0,0.0,189154.0,189154,189154,0.627,100160,51218,918844,0,918844,false,false,false,normal,,
2021-09-20,1.0,0.0,189154.0,189154,189154,0.627,100160,51218,919032,0,919032,false,false,false,normal,,
2021-09-27,1.0,0.0,189154.0,189154,189154,0.627,100160,51218,919220,0,919220,false,false,false,normal,,
2021-10-04,1.0,0.0,189154.0,189154,189154,0.627,100160,51218,919406,0,919406,false,false,false,normal,,
2021-10-11,1.0,0.0,189154.0,189154,189154,0.627,100160,51218,919594,0,919594,false,false,false,normal,,
2021-10-18,1.0,0.0,189154.0,189154,189154,0.627,100160,51218,919782,0,919782,false,false,false,normal,,
2021-10-25,1.0,0.0,189154.0,189154,189154,0.627,100160,51218,919967,0,919967,false,false,false,normal,,
2021-11-01,1.0,0.0,189154.0,189154,189154,0.627,100160,51218,920155,0,920155,false,false,false,normal,,
2021-11-08,1.0,0.0,189154.0,189154,189154,0.627,100160,51218,920344,0,920344,false,false,false,normal,,
2021-11-15,1.0,0.0,189154.0,189154,189154,0.627,100160,51218,920531,0,920531,false,false,false,normal,,
2021-11-22,0.2857,0.0,54044.0,189154,189154,0.627,100160,51218,920718,108129,812589,false,false,false,normal,,
2021-11-29,1.0,0.0,189154.0,189154,189154,0.627,100160,51218,920906,0,920906,false,false,false,normal,,
2021-12-06,1.0,0.0,189154.0,189154,189154,0.627,100160,51218,921092,0,921092,false,false,false,normal,,
2021-12-13,0.8429,0.0,159445.0,189154,189154,0.627,100160,51218,921280,23781,897499,false,false,false,normal,,
2021-12-20,0.0942,0.0,17827.0,189154,189154,0.627,100160,51218,921467,137118,784349,false,false,false,normal,,
2021-12-27,0.0,0.0,0.0,189154,189154,0.627,100160,51218,921655,151378,770277,false,false,false,normal,,
2022-01-03,0.0,0.0,0.0,189154,189154,0.627,100160,51218,921843,151378,770465,false,false,false,normal,,
2022-01-10,0.0,0.0,0.0,189154,189154,0.627,100160,51218,922031,151378,770653,false,false,false,normal,,
2022-01-17,0.5288,0.0,100026.0,189154,189154,0.627,100160,51218,922217,71329,850888,false,false,false,normal,,
2022-01-24,0.8999,0.0,170218.0,189154,189154,0.627,100160,51218,922404,15153,907251,false,false,false,normal,,
2022-01-31,1.0,0.0,189154.0,189154,189154,0.627,100160,51218,922592,0,922592,false,false,false,normal,,
2022-02-07,1.0,0.0,189154.0,189154,189154,0.627,100160,51218,922778,0,922778,false,false,false,normal,,
2022-02-14,1.0,0.0,189154.0,189154,189154,0.627,100160,51218,922967,0,922967,false,false,false,normal,,
2022-02-21,1.0,0.0,189154.0,189154,189154,0.627,100160,51218,923155,0,923155,false,false,false,normal,,
2022-02-28,0.8872,0.0,167809.0,189154,189154,0.627,100160,51218,923342,17075,906267,false,false,false,normal,,
2022-03-07,0.5079,0.0,96070.0,189154,189154,0.627,100160,51218,923528,74493,849035,false,false,false,normal,,
2022-03-14,0.5398,0.0,102099.0,189154,189154,0.627,100160,51218,923716,69664,854052,false,false,false,normal,,
2022-03-21,0.7973,0.0,150809.0,189154,189154,0.627,100160,51218,923904,30684,893220,false,false,false,normal,,
2022-03-28,1.0,0.0,189154.0,189154,189154,0.627,100160,51218,924091,0,924091,false,false,false,normal,,
2022-04-04,1.0,0.0,189154.0,189154,189154,0.627,100160,51218,924278,0,924278,false,false,false,normal,,
2022-04-11,1.0,0.0,189154.0,189154,189154,0.627,100160,51218,924467,0,924467,false,false,false,normal,,
2022-04-18,1.0,0.0,189154.0,189154,189154,0.627,100160,51218,924654,0,924654,false,false,false,normal,,
2022-04-25,1.0,0.0,189154.0,189154,189154,0.627,100160,51218,924841,0,924841,false,false,false,normal,,
2022-05-02,0.9353,0.0647,176909.0,189154,189154,0.627,100160,51218,925028,9794,915234,false,false,false,normal,,
2022-05-09,0.6418,0.3582,121393.0,189154,189154,0.627,100160,51218,925215,54224,870991,false,false,false,normal,,
2022-05-16,0.0785,0.9215,14851.0,189154,189154,0.627,100160,51218,925403,139495,785908,false,false,false,normal,,
2022-05-23,0.0,1.0,0.0,189154,189154,0.627,100160,51218,925591,151378,774213,false,false,false,normal,,
2022-05-30,0.0,1.0,0.0,189154,189154,0.627,100160,51218,925778,151378,774400,false,false,false,normal,,
2022-06-06,0.0,1.0,0.0,189154,189154,0.627,100160,51218,925965,151378,774587,false,false,false,normal,,
2022-06-13,0.0,1.0,0.0,189154,189154,0.627,100160,51218,926153,151378,774775,false,false,false,normal,,
2022-06-20,0.0,1.0,0.0,189154,189154,0.627,100160,51218,926339,151378,774961,false,false,false,normal,,
2022-06-27,0.0,1.0,0.0,189154,189154,0.627,100160,51218,926527,151378,775149,false,false,false,normal,,
2022-07-04,0.0,1.0,0.0,189154,189154,0.627,100160,51218,926692,151378,775314,false,false,false,normal,,
2022-07-11,0.0,1.0,0.0,189154,189154,0.627,100160,51218,926852,151378,775474,false,false,false,normal,,
2022-07-18,0.0,1.0,0.0,189154,189154,0.627,100160,51218,927014,151378,775636,false,false,false,normal,,
2022-07-25,0.0,1.0,0.0,189154,189154,0.627,100160,51218,927174,151378,775796,false,false,false,normal,,
2022-08-01,0.0,1.0,0.0,194577,194577,0.639,95050,50673,927334,145723,781611,false,false,false,normal,,
2022-08-08,0.0,1.0,0.0,194577,194577,0.639,95050,50673,927495,145723,781772,false,false,false,normal,,
2022-08-15,0.0,1.0,0.0,194577,194577,0.639,95050,50673,927656,145723,781933,false,false,false,normal,,
2022-08-22,0.0,1.0,0.0,194577,194577,0.639,95050,50673,927817,145723,782094,false,false,false,normal,,
2022-08-29,0.2526,0.7474,49150.0,194577,194577,0.639,95050,50673,927978,108913,819065,false,false,false,normal,,
2022-09-05,0.8542,0.1458,166206.0,194577,194577,0.639,95050,50673,928138,21246,906892,false,false,false,normal,,
2022-09-12,1.0,0.0,194577.0,194577,194577,0.639,95050,50673,928299,0,928299,false,false,false,normal,,
2022-09-19,1.0,0.0,194577.0,194577,194577,0.639,95050,50673,928459,0,928459,false,false,false,normal,,
2022-09-26,1.0,0.0,194577.0,194577,194577,0.639,95050,50673,928621,0,928621,false,false,false,normal,,
2022-10-03,1.0,0.0,194577.0,194577,194577,0.639,95050,50673,928781,0,928781,false,false,false,normal,,
2022-10-10,1.0,0.0,194577.0,194577,194577,0.639,95050,50673,928943,0,928943,false,false,false,normal,,
2022-10-17,1.0,0.0,194577.0,194577,194577,0.639,95050,50673,929103,0,929103,false,false,false,normal,,
2022-10-24,1.0,0.0,194577.0,194577,194577,0.639,95050,50673,929263,0,929263,false,false,false,normal,,
2022-10-31,1.0,0.0,194577.0,194577,194577,0.639,95050,50673,929424,0,929424,false,false,false,normal,,
2022-11-07,1.0,0.0,194577.0,194577,194577,0.639,95050,50673,929585,0,929585,false,false,false,normal,,
2022-11-14,1.0,0.0,194577.0,194577,194577,0.639,95050,50673,929746,0,929746,false,false,false,normal,,
2022-11-21,0.2857,0.0,55593.0,194577,194577,0.639,95050,50673,929907,104090,825817,false,false,false,normal,,
2022-11-28,1.0,0.0,194577.0,194577,194577,0.639,95050,50673,930067,0,930067,false,false,false,normal,,
2022-12-05,1.0,0.0,194577.0,194577,194577,0.639,95050,50673,930228,0,930228,false,false,false,normal,,
2022-12-12,0.9062,0.0,176331.0,194577,194577,0.639,95050,50673,930388,13669,916719,false,false,false,normal,,
2022-12-19,0.2752,0.0,53554.0,194577,194577,0.639,95050,50673,930550,105620,824930,false,false,false,normal,,
2022-12-26,0.0,0.0,0.0,194577,194577,0.639,95050,50673,930710,145723,784987,false,false,false,normal,,
2023-01-02,0.0,0.0,0.0,194577,194577,0.639,95050,50673,930870,145723,785147,false,false,false,normal,,
2023-01-09,0.2329,0.0,45312.0,194577,194577,0.639,95050,50673,931031,111784,819247,false,false,false,normal,,
2023-01-16,0.5559,0.0,108174.0,194577,194577,0.639,95050,50673,931191,64716,866475,false,false,false,normal,,
2023-01-23,0.9051,0.0,176116.0,194577,194577,0.639,95050,50673,931352,13829,917523,false,false,false,normal,,
2023-01-30,0.9051,0.0,176116.0,194577,194577,0.639,95050,50673,931512,13829,917683,false,false,false,normal,,
2023-02-06,1.0,0.0,194577.0,194577,194577,0.639,95050,50673,931674,0,931674,false,false,false,normal,,
2023-02-13,1.0,0.0,194577.0,194577,194577,0.639,95050,50673,931834,0,931834,false,false,false,normal,,
2023-02-20,1.0,0.0,194577.0,194577,194577,0.639,95050,50673,931995,0,931995,false,false,false,normal,,
2023-02-27,0.8251,0.0,160552.0,194577,194577,0.639,95050,50673,932155,25487,906668,false,false,false,normal,,
2023-03-06,0.3501,0.0,68125.0,194577,194577,0.639,95050,50673,932316,94705,837611,false,false,false,normal,,
2023-03-13,0.7801,0.0,151782.0,194577,194577,0.639,95050,50673,932477,32044,900433,false,false,false,normal,,
2023-03-20,0.8705,0.0,169375.0,194577,194577,0.639,95050,50673,932638,18871,913767,false,false,false,normal,,
2023-03-27,0.9051,0.0,176116.0,194577,194577,0.639,95050,50673,932798,13829,918969,false,false,false,normal,,
2023-04-03,1.0,0.0,194577.0,194577,194577,0.639,95050,50673,932960,0,932960,false,false,false,normal,,
2023-04-10,1.0,0.0,194577.0,194577,194577,0.639,95050,50673,933119,0,933119,false,false,false,normal,,
2023-04-17,1.0,0.0,194577.0,194577,194577,0.639,95050,50673,933281,0,933281,false,false,false,normal,,
2023-04-24,0.9335,0.0665,181631.0,194577,194577,0.639,95050,50673,933441,9691,923750,false,false,false,normal,,
2023-05-01,0.7671,0.2329,149265.0,194577,194577,0.639,95050,50673,933602,33939,899663,false,false,false,normal,,
2023-05-08,0.6356,0.3644,123664.0,194577,194577,0.639,95050,50673,933763,53101,880662,false,false,false,normal,,
2023-05-15,0.1281,0.8719,24932.0,194577,194577,0.639,95050,50673,933924,127056,806868,false,false,false,normal,,
2023-05-22,0.0407,0.9593,7912.0,194577,194577,0.639,95050,50673,934084,139792,794292,false,false,false,normal,,
2023-05-29,0.0,1.0,0.0,194577,194577,0.639,95050,50673,934245,145723,788522,false,false,false,normal,,
2023-06-05,0.0,1.0,0.0,194577,194577,0.639,95050,50673,934406,145723,788683,false,false,false,normal,,
2023-06-12,0.0,1.0,0.0,194577,194577,0.639,95050,50673,934567,145723,788844,false,false,false,normal,,
2023-06-19,0.0,1.0,0.0,194577,194577,0.639,95050,50673,934727,145723,789004,false,false,false,normal,,
2023-06-26,0.0,1.0,0.0,194577,194577,0.639,95050,50673,934889,145723,789166,false,false,false,normal,,
2023-07-03,0.0,1.0,0.0,194577,194577,0.639,95050,50673,935053,145723,789330,false,false,false,normal,,
2023-07-10,0.0,1.0,0.0,194577,194577,0.639,95050,50673,935219,145723,789496,false,false,false,normal,,
2023-07-17,0.0,1.0,0.0,194577,194577,0.639,95050,50673,935386,145723,789663,false,false,false,normal,,
2023-07-24,0.0,1.0,0.0,194577,194577,0.639,95050,50673,935552,145723,789829,false,false,false,normal,,
2023-07-31,0.0,1.0,0.0,195485,195485,0.635,93407,50125,935719,143532,792187,false,false,false,normal,,
2023-08-07,0.0,1.0,0.0,195485,195485,0.635,93407,50125,935886,143532,792354,false,false,false,normal,,
2023-08-14,0.0,1.0,0.0,195485,195485,0.635,93407,50125,936054,143532,792522,false,false,false,normal,,
2023-08-21,0.0,1.0,0.0,195485,195485,0.635,93407,50125,936219,143532,792687,false,false,false,normal,,
2023-08-28,0.1169,0.8831,22858.0,195485,195485,0.635,93407,50125,936385,126753,809632,false,false,false,normal,,
2023-09-04,0.8258,0.1742,161440.0,195485,195485,0.635,93407,50125,936552,25003,911549,false,false,false,normal,,
2023-09-11,1.0,0.0,195485.0,195485,195485,0.635,93407,50125,936718,0,936718,false,false,false,normal,,
2023-09-18,1.0,0.0,195485.0,195485,195485,0.635,93407,50125,936885,0,936885,false,false,false,normal,,
2023-09-25,1.0,0.0,195485.0,195485,195485,0.635,93407,50125,937052,0,937052,false,false,false,normal,,
2023-10-02,1.0,0.0,195485.0,195485,195485,0.635,93407,50125,937219,0,937219,false,false,false,normal,,
2023-10-09,1.0,0.0,195485.0,195485,195485,0.635,93407,50125,937385,0,937385,false,false,false,normal,,
2023-10-16,1.0,0.0,195485.0,195485,195485,0.635,93407,50125,937551,0,937551,false,false,false,normal,,
2023-10-23,1.0,0.0,195485.0,195485,195485,0.635,93407,50125,937717,0,937717,false,false,false,normal,,
2023-10-30,1.0,0.0,195485.0,195485,195485,0.635,93407,50125,937884,0,937884,false,false,false,normal,,
2023-11-06,1.0,0.0,195485.0,195485,195485,0.635,93407,50125,938051,0,938051,false,false,false,normal,,
2023-11-13,1.0,0.0,195485.0,195485,195485,0.635,93407,50125,938218,0,938218,false,false,false,normal,,
2023-11-20,0.2857,0.0,55853.0,195485,195485,0.635,93407,50125,938385,102525,835860,false,false,false,normal,,
2023-11-27,1.0,0.0,195485.0,195485,195485,0.635,93407,50125,938551,0,938551,false,false,false,normal,,
2023-12-04,1.0,0.0,195485.0,195485,195485,0.635,93407,50125,938718,0,938718,false,false,false,normal,,
2023-12-11,0.9313,0.0,182051.0,195485,195485,0.635,93407,50125,938883,9861,929022,false,false,false,normal,,
2023-12-18,0.4049,0.0,79147.0,195485,195485,0.635,93407,50125,939051,85416,853635,false,false,false,normal,,
2023-12-25,0.0,0.0,0.0,195485,195485,0.635,93407,50125,939217,143532,795685,false,false,false,normal,,
2024-01-01,0.0,0.0,0.0,195485,195485,0.635,93407,50125,939384,143532,795852,false,false,false,normal,,
2024-01-08,0.2405,0.0,47019.0,195485,195485,0.635,93407,50125,939550,109013,830537,false,false,false,normal,,
2024-01-15,0.5638,0.0,110205.0,195485,195485,0.635,93407,50125,939717,62609,877108,false,false,false,normal,,
2024-01-22,0.9045,0.0,176812.0,195485,195485,0.635,93407,50125,939883,13707,926176,false,false,false,normal,,
2024-01-29,0.9045,0.0,176812.0,195485,195485,0.635,93407,50125,940050,13707,926343,false,false,false,normal,,
2024-02-05,1.0,0.0,195485.0,195485,195485,0.635,93407,50125,940216,0,940216,false,false,false,normal,,
2024-02-12,1.0,0.0,195485.0,195485,195485,0.635,93407,50125,940383,0,940383,false,false,false,normal,,
2024-02-19,1.0,0.0,195485.0,195485,195485,0.635,93407,50125,940550,0,940550,false,false,false,normal,,
2024-02-26,0.8979,0.0,175520.0,195485,195485,0.635,93407,50125,940716,14655,926061,false,false,false,normal,,
2024-03-04,0.5322,0.0,104044.0,195485,195485,0.635,93407,50125,940883,67144,873739,false,false,false,normal,,
2024-03-11,0.5262,0.0,102858.0,195485,195485,0.635,93407,50125,941050,68005,873045,false,false,false,normal,,
2024-03-18,0.8702,0.0,170118.0,195485,195485,0.635,93407,50125,941217,18630,922587,false,false,false,normal,,
2024-03-25,0.9045,0.0,176812.0,195485,195485,0.635,93407,50125,941383,13707,927676,false,false,false,normal,,
2024-04-01,1.0,0.0,195485.0,195485,195485,0.635,93407,50125,941548,0,941548,false,false,false,normal,,
2024-04-08,1.0,0.0,195485.0,195485,195485,0.635,93407,50125,941715,0,941715,false,false,false,normal,,
2024-04-15,1.0,0.0,195485.0,195485,195485,0.635,93407,50125,941881,0,941881,false,false,false,normal,,
2024-04-22,0.9313,0.0687,182051.0,195485,195485,0.635,93407,50125,942049,9861,932188,false,false,false,normal,,
2024-04-29,0.7595,0.2405,148466.0,195485,195485,0.635,93407,50125,942215,34519,907696,false,false,false,normal,,
2024-05-06,0.6292,0.3708,123007.0,195485,195485,0.635,93407,50125,942382,53222,889160,false,false,false,normal,,
2024-05-13,0.1289,0.8711,25204.0,195485,195485,0.635,93407,50125,942548,125031,817517,false,false,false,normal,,
2024-05-20,0.0409,0.9591,8003.0,195485,195485,0.635,93407,50125,942716,137662,805054,false,false,false,normal,,
2024-05-27,0.0,1.0,0.0,195485,195485,0.635,93407,50125,942881,143532,799349,false,false,false,normal,,
2024-06-03,0.0,1.0,0.0,195485,195485,0.635,93407,50125,943049,143532,799517,false,false,false,normal,,
2024-06-10,0.0,1.0,0.0,195485,195485,0.635,93407,50125,943215,143532,799683,false,false,false,normal,,
2024-06-17,0.0,1.0,0.0,195485,195485,0.635,93407,50125,943381,143532,799849,false,false,false,normal,,
2024-06-24,0.0,1.0,0.0,195485,195485,0.635,93407,50125,943548,143532,800016,false,false,false,normal,,
2024-07-01,0.0,1.0,0.0,195485,195485,0.635,93407,50125,943639,143532,800107,false,false,false,normal,,
2024-07-08,0.0,1.0,0.0,195485,195485,0.635,93407,50125,943630,143532,800098,false,false,false,normal,,
2024-07-15,0.0,1.0,0.0,195485,195485,0.635,93407,50125,943622,143532,800090,false,false,false,normal,,
2024-07-22,0.0,1.0,0.0,195485,195485,0.635,93407,50125,943612,143532,800080,false,false,false,normal,,
2024-07-29,0.0,1.0,0.0,195485,195485,0.635,96685,50613,943604,147298,796306,true,false,false,normal,,
2024-08-05,0.0,1.0,0.0,195485,195485,0.635,96685,50613,943596,147298,796298,true,false,false,normal,,
2024-08-12,0.0,1.0,0.0,195485,195485,0.635,96685,50613,943587,147298,796289,true,false,false,normal,,
2024-08-19,0.0,1.0,0.0,195485,195485,0.635,96685,50613,943578,147298,796280,true,false,false,normal,,
2024-08-26,0.1169,0.8831,22858.0,195485,195485,0.635,96685,50613,943569,130079,813490,true,false,false,normal,,
2024-09-02,0.8258,0.1742,161440.0,195485,195485,0.635,96685,50613,943560,25659,917901,true,false,false,normal,,
2024-09-09,1.0,0.0,195485.0,195485,195485,0.635,96685,50613,943551,0,943551,true,false,false,normal,,
2024-09-16,1.0,0.0,195485.0,195485,195485,0.635,96685,50613,943544,0,943544,true,false,false,normal,,
2024-09-23,1.0,0.0,195485.0,195485,195485,0.635,96685,50613,943534,0,943534,true,false,false,normal,,
2024-09-30,1.0,0.0,195485.0,195485,195485,0.635,96685,50613,943525,0,943525,true,false,false,normal,,
2024-10-07,1.0,0.0,195485.0,195485,195485,0.635,96685,50613,943517,0,943517,true,false,false,normal,,
2024-10-14,1.0,0.0,195485.0,195485,195485,0.635,96685,50613,943507,0,943507,true,false,false,normal,,
2024-10-21,1.0,0.0,195485.0,195485,195485,0.635,96685,50613,943499,0,943499,true,false,false,normal,,
2024-10-28,1.0,0.0,195485.0,195485,195485,0.635,96685,50613,943490,0,943490,true,false,false,normal,,
2024-11-04,1.0,0.0,195485.0,195485,195485,0.635,96685,50613,943480,0,943480,true,false,false,normal,,
2024-11-11,1.0,0.0,195485.0,195485,195485,0.635,96685,50613,943473,0,943473,true,false,false,normal,,
2024-11-18,1.0,0.0,195485.0,195485,195485,0.635,96685,50613,943464,0,943464,true,false,false,normal,,
2024-11-25,0.2857,0.0,55853.0,195485,195485,0.635,96685,50613,943456,105215,838241,true,false,false,normal,,
2024-12-02,1.0,0.0,195485.0,195485,195485,0.635,96685,50613,943446,0,943446,true,false,false,normal,,
2024-12-09,0.9313,0.0,182051.0,195485,195485,0.635,96685,50613,943437,10119,933318,true,false,false,normal,,
2024-12-16,0.5258,0.0,102782.0,195485,195485,0.635,96685,50613,943429,69849,873580,true,false,false,normal,,
2024-12-23,0.0,0.0,0.0,195485,195485,0.635,96685,50613,943419,147298,796121,true,false,false,normal,,
2024-12-30,0.0,0.0,0.0,195485,195485,0.635,96685,50613,943412,147298,796114,true,false,false,normal,,
2025-01-06,0.2405,0.0,47019.0,195485,195485,0.635,96685,50613,943403,111873,831530,true,false,false,normal,,
2025-01-13,0.4306,0.0,84185.0,195485,195485,0.635,96685,50613,943394,83871,859523,true,false,false,normal,,
2025-01-20,0.6846,0.0,133837.0,195485,195485,0.635,96685,50613,943385,46458,896927,true,false,false,normal,,
2025-01-27,0.9045,0.0,176812.0,195485,195485,0.635,96685,50613,943376,14067,929309,true,false,false,normal,,
2025-02-03,1.0,0.0,195485.0,195485,195485,0.635,96685,50613,943368,0,943368,true,false,false,normal,,
2025-02-10,1.0,0.0,195485.0,195485,195485,0.635,96685,50613,943358,0,943358,true,false,false,normal,,
2025-02-17,1.0,0.0,195485.0,195485,195485,0.635,96685,50613,943349,0,943349,true,false,false,normal,,
2025-02-24,0.8979,0.0,175520.0,195485,195485,0.635,96685,50613,943342,15039,928303,true,false,false,normal,,
2025-03-03,0.5843,0.0,114231.0,195485,195485,0.635,96685,50613,943333,61232,882101,true,false,false,normal,,
2025-03-10,0.6564,0.0,128325.0,195485,195485,0.635,96685,50613,943324,50612,892712,true,false,false,normal,,
2025-03-17,0.6878,0.0,134464.0,195485,195485,0.635,96685,50613,943315,45986,897329,true,false,false,normal,,
2025-03-24,0.9045,0.0,176812.0,195485,195485,0.635,96685,50613,943306,14067,929239,true,false,false,normal,,
2025-03-31,1.0,0.0,195485.0,195485,195485,0.635,96685,50613,943297,0,943297,true,false,false,normal,,
2025-04-07,1.0,0.0,195485.0,195485,195485,0.635,96685,50613,943288,0,943288,true,false,false,normal,,
2025-04-14,1.0,0.0,195485.0,195485,195485,0.635,96685,50613,943281,0,943281,true,false,false,normal,,
2025-04-21,0.9313,0.0687,182051.0,195485,195485,0.635,96685,50613,943271,10119,933152,true,false,false,normal,,
2025-04-28,0.7595,0.2405,148466.0,195485,195485,0.635,96685,50613,943262,35425,907837,true,false,false,normal,,
2025-05-05,0.6553,0.3447,128100.0,195485,195485,0.635,96685,50613,943254,50774,892480,true,false,false,normal,,
2025-05-12,0.2853,0.7147,55764.0,195485,195485,0.635,96685,50613,943244,105274,837970,true,false,false,normal,,
2025-05-19,0.0409,0.9591,8003.0,195485,195485,0.635,96685,50613,943237,141274,801963,true,false,false,normal,,
2025-05-26,0.0,1.0,0.0,195485,195485,0.635,96685,50613,943227,147298,795929,true,false,false,normal,,
2025-06-02,0.0,1.0,0.0,195485,195485,0.635,96685,50613,943219,147298,795921,true,false,false,normal,,
2025-06-09,0.0,1.0,0.0,195485,195485,0.635,96685,50613,943211,147298,795913,true,false,false,normal,,
2025-06-16,0.0,1.0,0.0,195485,195485,0.635,96685,50613,943201,147298,795903,true,false,false,normal,,
2025-06-23,0.0,1.0,0.0,195485,195485,0.635,96685,50613,943192,147298,795894,true,false,false,normal,,
2025-06-30,0.0,1.0,0.0,195485,195485,0.635,96685,50613,943186,147298,795888,true,true,false,normal,,
2025-07-07,0.0,1.0,0.0,195485,195485,0.635,96685,50613,943186,147298,795888,true,true,false,normal,,
2025-07-14,0.0,1.0,0.0,195485,195485,0.635,96685,50613,943186,147298,795888,true,true,false,normal,,
2025-07-21,0.0,1.0,0.0,195485,195485,0.635,96685,50613,943186,147298,795888,true,true,false,normal,,
2025-07-28,0.0,1.0,0.0,195485,195485,0.635,96685,50613,943186,147298,795888,true,true,false,normal,,
2025-08-04,0.0,1.0,0.0,195485,195485,0.635,96685,50613,943186,147298,795888,true,true,false,normal,,
2025-08-11,0.0,1.0,0.0,195485,195485,0.635,96685,50613,943186,147298,795888,true,true,false,normal,,
2025-08-18,0.0,1.0,0.0,195485,195485,0.635,96685,50613,943186,147298,795888,true,true,false,normal,,
2025-08-25,0.1169,0.8831,22858.0,195485,195485,0.635,96685,50613,943186,130079,813107,true,true,false,normal,,
2025-09-01,0.8258,0.1742,161440.0,195485,195485,0.635,96685,50613,943186,25659,917527,true,true,false,normal,,
2025-09-08,1.0,0.0,195485.0,195485,195485,0.635,96685,50613,943186,0,943186,true,true,false,normal,,
2025-09-15,1.0,0.0,195485.0,195485,195485,0.635,96685,50613,943186,0,943186,true,true,false,normal,,
2025-09-22,1.0,0.0,195485.0,195485,195485,0.635,96685,50613,943186,0,943186,true,true,false,normal,,
2025-09-29,1.0,0.0,195485.0,195485,195485,0.635,96685,50613,943186,0,943186,true,true,false,normal,,
2025-10-06,1.0,0.0,195485.0,195485,195485,0.635,96685,50613,943186,0,943186,true,true,false,normal,,
2025-10-13,1.0,0.0,195485.0,195485,195485,0.635,96685,50613,943186,0,943186,true,true,false,normal,,
2025-10-20,1.0,0.0,195485.0,195485,195485,0.635,96685,50613,943186,0,943186,true,true,false,normal,,
2025-10-27,1.0,0.0,195485.0,195485,195485,0.635,96685,50613,943186,0,943186,true,true,false,normal,,
2025-11-03,1.0,0.0,195485.0,195485,195485,0.635,96685,50613,943186,0,943186,true,true,false,normal,,
2025-11-10,1.0,0.0,195485.0,195485,195485,0.635,96685,50613,943186,0,943186,true,true,false,normal,,
2025-11-17,1.0,0.0,195485.0,195485,195485,0.635,96685,50613,943186,0,943186,true,true,false,normal,,
2025-11-24,0.2857,0.0,55853.0,195485,195485,0.635,96685,50613,943186,105215,837971,true,true,false,normal,,
2025-12-01,1.0,0.0,195485.0,195485,195485,0.635,96685,50613,943186,0,943186,true,true,false,normal,,
2025-12-08,1.0,0.0,195485.0,195485,195485,0.635,96685,50613,943186,0,943186,true,true,false,normal,,
2025-12-15,0.5111,0.0,99920.0,195485,195485,0.635,96685,50613,943186,72014,871172,true,true,false,normal,,
2025-12-22,0.0,0.0,0.0,195485,195485,0.635,96685,50613,943186,147298,795888,true,true,false,normal,,
2025-12-29,0.0,0.0,0.0,195485,195485,0.635,96685,50613,943186,147298,795888,true,true,false,normal,,
2026-01-05,0.1718,0.0,33585.0,195485,195485,0.635,96685,50613,943186,121992,821194,true,true,false,normal,,
2026-01-12,0.4306,0.0,84185.0,195485,195485,0.635,96685,50613,943186,83871,859315,true,true,false,normal,,
2026-01-19,0.6846,0.0,133837.0,195485,195485,0.635,96685,50613,943186,46458,896728,true,true,false,normal,,
2026-01-26,0.9045,0.0,176812.0,195485,195485,0.635,96685,50613,943186,14067,929119,true,true,false,normal,,
2026-02-02,1.0,0.0,195485.0,195485,195485,0.635,96685,50613,943186,0,943186,true,true,false,normal,,
2026-02-09,1.0,0.0,195485.0,195485,195485,0.635,96685,50613,943186,0,943186,true,true,false,normal,,
2026-02-16,1.0,0.0,195485.0,195485,195485,0.635,96685,50613,943186,0,943186,true,true,false,normal,,
2026-02-23,0.8979,0.0,175520.0,195485,195485,0.635,96685,50613,943186,15039,928147,true,true,false,normal,,
2026-03-02,0.5843,0.0,114231.0,195485,195485,0.635,96685,50613,943186,61232,881954,true,true,false,normal,,
2026-03-09,0.6564,0.0,128325.0,195485,195485,0.635,96685,50613,943186,50612,892574,true,true,false,normal,,
2026-03-16,0.6878,0.0,134464.0,195485,195485,0.635,96685,50613,943186,45986,897200,true,true,false,normal,,
2026-03-23,0.9045,0.0,176812.0,195485,195485,0.635,96685,50613,943186,14067,929119,true,true,false,normal,,
2026-03-30,1.0,0.0,195485.0,195485,195485,0.635,96685,50613,943186,0,943186,true,true,false,normal,,
2026-04-06,1.0,0.0,195485.0,195485,195485,0.635,96685,50613,943186,0,943186,true,true,false,normal,,
2026-04-13,1.0,0.0,195485.0,195485,195485,0.635,96685,50613,943186,0,943186,true,true,false,normal,,
2026-04-20,1.0,0.0,195485.0,195485,195485,0.635,96685,50613,943186,0,943186,true,true,false,normal,,
2026-04-27,0.7595,0.2405,148466.0,195485,195485,0.635,96685,50613,943186,35425,907761,true,true,false,normal,,
2026-05-04,0.6553,0.3447,128100.0,195485,195485,0.635,96685,50613,943186,50774,892412,true,true,false,normal,,
2026-05-11,0.2853,0.7147,55764.0,195485,195485,0.635,96685,50613,943186,105274,837912,true,true,false,normal,,
2026-05-18,0.0682,0.9318,13338.0,195485,195485,0.635,96685,50613,943186,137252,805934,true,true,false,normal,,
2026-05-25,0.0,1.0,0.0,195485,195485,0.635,96685,50613,943186,147298,795888,true,true,false,normal,,
2026-06-01,0.0,1.0,0.0,195485,195485,0.635,96685,50613,943186,147298,795888,true,true,false,normal,,
2026-06-08,0.0,1.0,0.0,195485,195485,0.635,96685,50613,943186,147298,795888,true,true,false,normal,,
2026-06-15,0.0,1.0,0.0,195485,195485,0.635,96685,50613,943186,147298,795888,true,true,false,normal,,
2026-06-22,0.0,1.0,0.0,195485,195485,0.635,96685,50613,943186,147298,795888,true,true,false,normal,,
2026-06-29,0.0,1.0,0.0,195485,195485,0.635,96685,50613,943186,147298,795888,true,true,false,normal,,
2026-07-06,0.0,1.0,0.0,195485,195485,0.635,96685,50613,943186,147298,795888,true,true,false,normal,,
2026-07-13,0.0,1.0,0.0,195485,195485,0.635,96685,50613,943186,147298,795888,true,true,false,normal,,
2026-07-20,0.0,1.0,0.0,195485,195485,0.635,96685,50613,943186,147298,795888,true,true,false,normal,,
2026-07-27,0.0,1.0,0.0,195485,195485,0.635,96685,50613,943186,147298,795888,true,true,false,normal,,
2026-08-03,0.0,1.0,0.0,195485,195485,0.635,96685,50613,943186,147298,795888,true,true,false,normal,,
2026-08-10,0.0,1.0,0.0,195485,195485,0.635,96685,50613,943186,147298,795888,true,true,false,normal,,
2026-08-17,0.0,1.0,0.0,195485,195485,0.635,96685,50613,943186,147298,795888,true,true,false,normal,,
2026-08-24,0.0,1.0,0.0,195485,195485,0.635,96685,50613,943186,147298,795888,true,true,false,normal,,
2026-08-31,0.4345,0.5655,84932.0,195485,195485,0.635,96685,50613,943186,83297,859889,true,true,false,normal,,
2026-09-07,0.8893,0.1107,173854.0,195485,195485,0.635,96685,50613,943186,16306,926880,true,true,false,normal,,
2026-09-14,1.0,0.0,195485.0,195485,195485,0.635,96685,50613,943186,0,943186,true,true,false,normal,,
2026-09-21,1.0,0.0,195485.0,195485,195485,0.635,96685,50613,943186,0,943186,true,true,false,normal,,
2026-09-28,1.0,0.0,195485.0,195485,195485,0.635,96685,50613,943186,0,943186,true,true,false,normal,,
2026-10-05,1.0,0.0,195485.0,195485,195485,0.635,96685,50613,943186,0,943186,true,true,false,normal,,
2026-10-12,1.0,0.0,195485.0,195485,195485,0.635,96685,50613,943186,0,943186,true,true,false,normal,,
2026-10-19,1.0,0.0,195485.0,195485,195485,0.635,96685,50613,943186,0,943186,true,true,false,normal,,
2026-10-26,1.0,0.0,195485.0,195485,195485,0.635,96685,50613,943186,0,943186,true,true,false,normal,,
2026-11-02,1.0,0.0,195485.0,195485,195485,0.635,96685,50613,943186,0,943186,true,true,false,normal,,
2026-11-09,1.0,0.0,195485.0,195485,195485,0.635,96685,50613,943186,0,943186,true,true,false,normal,,
2026-11-16,1.0,0.0,195485.0,195485,195485,0.635,96685,50613,943186,0,943186,true,true,false,normal,,
2026-11-23,0.2857,0.0,55853.0,195485,195485,0.635,96685,50613,943186,105215,837971,true,true,false,normal,,
2026-11-30,1.0,0.0,195485.0,195485,195485,0.635,96685,50613,943186,0,943186,true,true,false,normal,,
2026-12-07,1.0,0.0,195485.0,195485,195485,0.635,96685,50613,943186,0,943186,true,true,false,normal,,
2026-12-14,0.8717,0.0,170414.0,195485,195485,0.635,96685,50613,943186,18898,924288,true,true,false,normal,,
2026-12-21,0.0606,0.0,11851.0,195485,195485,0.635,96685,50613,943186,138372,804814,true,true,false,normal,,
2026-12-28,0.0,0.0,0.0,195485,195485,0.635,96685,50613,943186,147298,795888,true,true,false,normal,,
