week_start,iso_year,iso_week,days_with_data,tmean_c,tmax_mean_c,tmin_mean_c,prcp_total_mm,rain_days,heavy_rain_days,snow_total_mm,snow_days,ice_days,hot_days,wind_mean_ms,complete_week
2014-12-29,2015,1,4,1.21,4.88,-2.45,30.2,2,2,36.0,1,0,0,5.1,false
2015-01-05,2015,2,7,-6.32,-1.81,-10.83,0.8,0,0,10.0,0,5,0,6.16,true
2015-01-12,2015,3,7,-2.99,1.3,-7.29,11.9,3,0,20.0,1,3,0,4.77,true
2015-01-19,2015,4,7,0.08,3.26,-3.1,18.0,1,1,130.0,1,0,0,4.93,true
2015-01-26,2015,5,7,-6.62,-2.7,-10.54,29.7,4,1,675.0,4,5,0,6.46,true
2015-02-02,2015,6,7,-6.71,-1.39,-12.04,33.6,4,1,642.0,4,5,0,5.8,true
2015-02-09,2015,7,7,-7.84,-3.24,-12.44,40.5,4,1,843.0,6,7,0,5.69,true
2015-02-16,2015,8,7,-7.17,-2.31,-12.03,9.4,3,0,107.0,3,5,0,5.23,true
2015-02-23,2015,9,7,-6.86,-2.07,-11.64,6.6,2,0,101.0,2,5,0,4.27,true
2015-03-02,2015,10,7,-1.72,2.57,-6.01,7.4,1,0,46.0,1,1,0,4.94,true
2015-03-09,2015,11,7,2.78,7.3,-1.74,29.0,3,1,74.0,1,0,0,4.97,true
2015-03-16,2015,12,7,-0.29,3.83,-4.41,7.2,3,0,43.0,2,1,0,5.64,true
2015-03-23,2015,13,7,1.94,5.96,-2.07,29.6,4,1,8.0,0,0,0,4.33,true
2015-03-30,2015,14,7,6.16,11.01,1.31,10.7,1,0,0.0,0,0,0,5.84,true
2015-04-06,2015,15,7,6.01,9.47,2.54,12.0,3,0,0.0,0,0,0,5.37,true
2015-04-13,2015,16,7,12.02,16.83,7.21,1.8,1,0,0.0,0,0,0,5.0,true
2015-04-20,2015,17,7,9.2,13.64,4.76,29.2,2,2,0.0,0,0,0,5.53,true
2015-04-27,2015,18,7,9.92,13.64,6.2,4.3,2,0,0.0,0,0,0,4.26,true
2015-05-04,2015,19,7,17.79,24.86,10.71,0.5,0,0,0.0,0,0,1,4.81,true
2015-05-11,2015,20,7,16.56,22.71,10.4,0.5,0,0,0.0,0,0,1,4.13,true
2015-05-18,2015,21,7,14.91,20.29,9.53,6.9,1,0,0.0,0,0,0,5.46,true
2015-05-25,2015,22,7,21.42,27.93,14.91,23.1,1,1,0.0,0,0,3,5.93,true
2015-06-01,2015,23,7,11.92,14.33,9.51,30.8,3,1,0.0,0,0,0,4.04,true
2015-06-08,2015,24,7,21.75,26.81,16.69,0.0,0,0,0.0,0,0,1,5.2,true
2015-06-15,2015,25,7,18.84,23.17,14.51,54.9,3,2,0.0,0,0,1,3.76,true
2015-06-22,2015,26,7,19.88,24.2,15.56,41.7,2,1,0.0,0,0,1,4.41,true
2015-06-29,2015,27,7,20.64,25.31,15.97,13.7,1,1,0.0,0,0,0,3.53,true
2015-07-06,2015,28,7,23.3,27.47,19.13,32.7,2,1,0.0,0,0,2,3.96,true
2015-07-13,2015,29,7,22.11,26.04,18.17,4.4,1,0,0.0,0,0,1,4.0,true
2015-07-20,2015,30,7,23.29,27.3,19.29,0.3,0,0,0.0,0,0,1,3.86,true
2015-07-27,2015,31,7,26.43,31.59,21.27,2.0,1,0,0.0,0,0,7,4.53,true
2015-08-03,2015,32,7,22.66,27.3,18.01,12.4,1,1,0.0,0,0,2,4.13,true
2015-08-10,2015,33,7,23.8,28.96,18.64,23.1,2,1,0.0,0,0,3,3.86,true
2015-08-17,2015,34,7,24.01,27.56,20.47,20.1,2,1,0.0,0,0,3,3.59,true
2015-08-24,2015,35,7,23.21,27.3,19.13,0.0,0,0,0.0,0,0,1,3.6,true
2015-08-31,2015,36,7,22.94,27.39,18.5,0.3,0,0,0.0,0,0,2,4.01,true
2015-09-07,2015,37,7,23.06,27.4,18.73,36.2,4,1,0.0,0,0,3,4.4,true
2015-09-14,2015,38,7,21.79,27.06,16.51,0.0,0,0,0.0,0,0,1,4.41,true
2015-09-21,2015,39,7,15.67,19.44,11.9,0.0,0,0,0.0,0,0,0,3.8,true
2015-09-28,2015,40,7,15.75,18.97,12.53,65.8,3,1,0.0,0,0,0,6.83,true
2015-10-05,2015,41,7,14.25,18.73,9.77,8.6,1,0,0.0,0,0,0,4.41,true
2015-10-12,2015,42,7,12.74,17.29,8.19,3.0,1,0,0.0,0,0,0,4.57,true
2015-10-19,2015,43,7,11.03,15.47,6.59,2.6,1,0,0.0,0,0,0,4.5,true
2015-10-26,2015,44,7,11.15,15.63,6.67,27.6,2,1,0.0,0,0,0,5.04,true
2015-11-02,2015,45,7,14.93,19.61,10.24,0.0,0,0,0.0,0,0,0,4.63,true
2015-11-09,2015,46,7,9.1,12.39,5.81,16.8,3,1,0.0,0,0,0,5.34,true
2015-11-16,2015,47,7,7.26,11.34,3.19,29.4,2,1,0.0,0,0,0,3.84,true
2015-11-23,2015,48,7,6.26,10.59,1.94,6.3,2,0,0.0,0,0,0,4.51,true
2015-11-30,2015,49,7,6.0,9.69,2.31,11.7,2,0,0.0,0,0,0,3.71,true
2015-12-07,2015,50,7,8.73,12.06,5.4,0.0,0,0,0.0,0,0,0,3.33,true
2015-12-14,2015,51,7,7.06,10.14,3.99,30.5,4,2,0.0,0,0,0,4.56,true
2015-12-21,2015,52,7,10.24,14.39,6.1,37.8,4,1,0.0,0,0,0,3.77,true
2015-12-28,2015,53,7,1.81,4.99,-1.36,28.7,2,1,23.0,1,0,0,5.39,true
2016-01-04,2016,1,7,0.76,5.33,-3.81,35.4,1,1,0.0,0,1,0,4.53,true
2016-01-11,2016,2,7,0.18,4.0,-3.64,35.5,3,1,41.0,1,1,0,5.39,true
2016-01-18,2016,3,7,-3.74,-0.29,-7.2,12.2,2,0,201.0,2,2,0,7.3,true
2016-01-25,2016,4,7,3.14,7.16,-0.87,0.0,0,0,0.0,0,0,0,4.76,true
2016-02-01,2016,5,7,5.3,10.0,0.6,33.1,2,1,173.0,1,0,0,5.09,true
2016-02-08,2016,6,7,-7.46,-2.31,-12.61,13.8,1,1,174.0,1,5,0,6.14,true
2016-02-15,2016,7,7,2.46,7.71,-2.8,23.7,2,1,36.0,1,0,0,5.03,true
2016-02-22,2016,8,7,4.36,9.13,-0.41,35.6,2,2,0.0,0,0,0,6.37,true
2016-02-29,2016,9,7,2.46,6.6,-1.67,9.7,1,0,13.0,1,1,0,5.51,true
2016-03-07,2016,10,7,9.61,15.17,4.04,12.5,2,1,0.0,0,0,0,4.5,true
2016-03-14,2016,11,7,5.57,8.73,2.41,38.2,3,1,0.0,0,0,0,5.67,true
2016-03-21,2016,12,7,5.01,8.41,1.61,9.7,2,0,91.0,1,0,0,4.94,true
2016-03-28,2016,13,7,9.29,13.9,4.69,32.2,4,2,48.0,1,0,0,6.99,true
2016-04-04,2016,14,7,3.21,7.24,-0.81,36.6,2,2,119.0,1,1,0,5.56,true
2016-04-11,2016,15,7,8.41,12.46,4.36,5.9,1,0,0.0,0,0,0,5.49,true
2016-04-18,2016,16,7,12.47,17.23,7.71,2.8,1,0,0.0,0,0,0,4.13,true
2016-04-25,2016,17,7,8.79,12.64,4.93,9.4,2,0,0.0,0,0,0,4.39,true
2016-05-02,2016,18,7,9.09,11.11,7.07,31.2,5,1,0.0,0,0,0,4.7,true
2016-05-09,2016,19,7,15.55,20.56,10.54,2.8,1,0,0.0,0,0,0,5.17,true
2016-05-16,2016,20,7,14.14,18.5,9.77,0.0,0,0,0.0,0,0,0,4.57,true
2016-05-23,2016,21,7,19.24,25.16,13.33,6.6,1,0,0.0,0,0,2,3.54,true
2016-05-30,2016,22,7,18.61,22.39,14.84,51.8,2,2,0.0,0,0,1,3.87,true
2016-06-06,2016,23,7,19.36,24.53,14.2,4.3,1,0,0.0,0,0,1,5.64,true
2016-06-13,2016,24,7,20.08,25.23,14.93,3.0,1,0,0.0,0,0,0,4.84,true
2016-06-20,2016,25,7,21.16,26.2,16.13,0.5,0,0,0.0,0,0,1,4.39,true
2016-06-27,2016,26,7,23.77,28.5,19.04,7.9,2,0,0.0,0,0,3,5.06,true
2016-07-04,2016,27,7,20.86,24.5,17.23,11.4,3,0,0.0,0,0,2,3.86,true
2016-07-11,2016,28,7,25.11,30.47,19.76,0.0,0,0,0.0,0,0,5,4.24,true
2016-07-18,2016,29,7,26.54,32.79,20.3,0.3,0,0,0.0,0,0,5,5.0,true
2016-07-25,2016,30,7,25.79,29.67,21.9,5.3,2,0,0.0,0,0,4,4.16,true
2016-08-01,2016,31,7,23.62,28.03,19.21,1.5,1,0,0.0,0,0,3,4.41,true
2016-08-08,2016,32,7,26.49,31.3,21.69,19.3,3,0,0.0,0,0,3,4.87,true
2016-08-15,2016,33,7,24.76,29.11,20.4,0.3,0,0,0.0,0,0,3,4.53,true
2016-08-22,2016,34,7,24.17,29.06,19.29,22.6,1,1,0.0,0,0,3,4.86,true
2016-08-29,2016,35,7,21.71,25.23,18.2,0.5,0,0,0.0,0,0,1,4.57,true
2016-09-05,2016,36,7,22.37,26.01,18.73,7.3,2,0,0.0,0,0,1,5.16,true
2016-09-12,2016,37,7,20.09,25.16,15.01,1.5,1,0,0.0,0,0,1,5.1,true
2016-09-19,2016,38,7,19.86,23.96,15.77,17.0,2,0,0.0,0,0,0,3.8,true
2016-09-26,2016,39,7,14.56,16.76,12.37,27.7,3,1,0.0,0,0,0,5.8,true
2016-10-03,2016,40,7,14.52,18.64,10.4,47.0,1,1,0.0,0,0,0,3.59,true
2016-10-10,2016,41,7,12.44,17.07,7.8,0.0,0,0,0.0,0,0,0,4.53,true
2016-10-17,2016,42,7,16.71,20.71,12.71,37.6,4,1,0.0,0,0,0,5.1,true
2016-10-24,2016,43,7,8.93,12.76,5.1,35.3,3,2,0.0,0,0,0,5.73,true
2016-10-31,2016,44,7,9.53,14.21,4.84,4.3,2,0,0.0,0,0,0,4.0,true
2016-11-07,2016,45,7,8.38,13.11,3.64,0.3,0,0,0.0,0,0,0,4.77,true
2016-11-14,2016,46,7,9.92,13.89,5.96,27.9,2,1,0.0,0,0,0,4.96,true
2016-11-21,2016,47,7,4.14,6.9,1.37,2.1,1,0,0.0,0,0,0,5.0,true
2016-11-28,2016,48,7,6.25,10.01,2.49,41.9,3,2,0.0,0,0,0,5.33,true
2016-12-05,2016,49,7,0.94,3.67,-1.79,6.1,2,0,13.0,0,1,0,4.43,true
2016-12-12,2016,50,7,-0.35,4.07,-4.77,27.0,3,2,127.0,2,1,0,5.97,true
2016-12-19,2016,51,7,1.34,5.0,-2.31,10.2,1,0,0.0,0,0,0,4.69,true
2016-12-26,2016,52,7,3.34,7.47,-0.8,33.4,3,1,10.0,1,0,0,6.27,true
2017-01-02,2017,1,7,-0.81,1.63,-3.26,39.4,4,2,211.0,2,3,0,5.47,true
2017-01-09,2017,2,7,1.23,6.13,-3.67,9.7,3,0,0.0,0,2,0,5.44,true
2017-01-16,2017,3,7,3.71,7.07,0.34,18.2,3,0,0.0,0,0,0,4.24,true
2017-01-23,2017,4,7,3.86,6.36,1.37,37.4,3,1,0.0,0,0,0,7.86,true
2017-01-30,2017,5,7,-0.69,2.64,-4.03,2.8,2,0,35.0,2,1,0,5.04,true
2017-02-06,2017,6,7,-1.69,2.73,-6.11,68.4,4,3,426.0,4,2,0,6.21,true
2017-02-13,2017,7,7,1.31,5.39,-2.77,9.7,3,0,100.0,2,0,0,5.81,true
2017-02-20,2017,8,7,8.81,14.2,3.43,2.5,1,0,0.0,0,0,0,5.17,true
2017-02-27,2017,9,7,2.22,7.31,-2.87,0.5,0,0,3.0,0,1,0,7.19,true
2017-03-06,2017,10,7,0.13,4.56,-4.3,7.4,2,0,71.0,1,2,0,6.01,true
2017-03-13,2017,11,7,-1.26,2.16,-4.67,41.4,1,1,168.0,1,1,0,6.84,true
2017-03-20,2017,12,7,2.91,7.77,-1.94,2.8,1,0,0.0,0,0,0,5.33,true
2017-03-27,2017,13,7,4.29,7.13,1.44,93.7,5,4,45.0,2,0,0,5.16,true
2017-04-03,2017,14,7,7.21,10.87,3.56,51.8,2,2,0.0,0,0,0,5.79,true
2017-04-10,2017,15,7,15.05,21.51,8.59,0.5,0,0,0.0,0,0,1,5.46,true
2017-04-17,2017,16,7,9.36,12.77,5.96,16.4,3,1,0.0,0,0,0,5.46,true
2017-04-24,2017,17,7,13.93,18.66,9.2,37.4,2,2,0.0,0,0,0,4.7,true
2017-05-01,2017,18,7,11.74,15.09,8.4,23.6,3,1,0.0,0,0,0,5.21,true
2017-05-08,2017,19,7,9.69,11.84,7.54,24.9,1,1,0.0,0,0,0,5.0,true
2017-05-15,2017,20,7,19.12,24.99,13.26,3.4,2,0,0.0,0,0,3,5.71,true
2017-05-22,2017,21,7,13.73,16.43,11.03,33.0,3,2,0.0,0,0,0,4.01,true
2017-05-29,2017,22,7,15.39,19.6,11.17,11.8,4,0,0.0,0,0,0,4.43,true
2017-06-05,2017,23,7,17.14,21.74,12.54,36.3,3,2,0.0,0,0,1,5.37,true
2017-06-12,2017,24,7,22.07,26.84,17.3,68.1,2,2,0.0,0,0,2,4.6,true
2017-06-19,2017,25,7,24.79,29.99,19.59,6.1,2,0,0.0,0,0,3,5.51,true
2017-06-26,2017,26,7,22.94,28.01,17.86,6.6,3,0,0.0,0,0,2,5.31,true
2017-07-03,2017,27,7,22.82,27.54,18.1,17.8,2,1,0.0,0,0,2,4.26,true
2017-07-10,2017,28,7,21.63,25.31,17.94,41.7,3,1,0.0,0,0,1,3.99,true
2017-07-17,2017,29,7,25.48,29.91,21.04,3.0,1,0,0.0,0,0,3,3.99,true
2017-07-24,2017,30,7,19.09,22.54,15.64,37.1,2,1,0.0,0,0,0,4.74,true
2017-07-31,2017,31,7,22.93,27.14,18.71,28.5,2,1,0.0,0,0,0,4.39,true
2017-08-07,2017,32,7,22.38,26.59,18.17,2.5,1,0,0.0,0,0,1,4.06,true
2017-08-14,2017,33,7,22.92,27.13,18.71,6.4,1,0,0.0,0,0,0,3.89,true
2017-08-21,2017,34,7,22.59,26.99,18.19,1.0,1,0,0.0,0,0,2,4.19,true
2017-08-28,2017,35,7,17.51,21.27,13.74,8.9,2,0,0.0,0,0,0,4.66,true
2017-09-04,2017,36,7,19.91,24.67,15.16,21.1,2,1,0.0,0,0,1,4.93,true
2017-09-11,2017,37,7,21.4,25.97,16.83,14.5,2,0,0.0,0,0,1,3.43,true
2017-09-18,2017,38,7,18.96,21.57,16.34,12.8,3,0,0.0,0,0,0,6.24,true
2017-09-25,2017,39,7,18.46,23.11,13.8,39.4,1,1,0.0,0,0,1,3.8,true
2017-10-02,2017,40,7,18.91,23.26,14.56,2.8,1,0,0.0,0,0,0,4.67,true
2017-10-09,2017,41,7,17.18,20.4,13.96,9.7,2,0,0.0,0,0,0,4.64,true
2017-10-16,2017,42,7,15.35,21.03,9.67,0.0,0,0,0.0,0,0,0,4.49,true
2017-10-23,2017,43,7,15.27,18.81,11.73,68.9,4,2,0.0,0,0,0,5.13,true
2017-10-30,2017,44,7,12.71,16.67,8.74,24.2,1,1,0.0,0,0,0,5.56,true
2017-11-06,2017,45,7,4.91,8.97,0.84,6.6,2,0,0.0,0,0,0,4.76,true
2017-11-13,2017,46,7,5.45,8.99,1.91,16.2,4,0,0.0,0,0,0,5.0,true
2017-11-20,2017,47,7,6.08,10.4,1.76,22.6,1,1,0.0,0,0,0,5.5,true
2017-11-27,2017,48,7,4.49,9.04,-0.06,2.3,1,0,0.0,0,0,0,4.27,true
2017-12-04,2017,49,7,4.21,7.69,0.74,31.3,3,2,155.0,1,0,0,4.99,true
2017-12-11,2017,50,7,-1.54,1.54,-4.61,1.0,1,0,0.0,0,3,0,5.57,true
2017-12-18,2017,51,7,1.38,5.16,-2.4,17.2,2,1,3.0,0,0,0,4.39,true
2017-12-25,2017,52,7,-9.24,-6.44,-12.04,11.5,1,1,77.0,1,6,0,6.41,true
2018-01-01,2018,1,7,-10.1,-6.24,-13.96,34.3,1,1,340.0,1,7,0,7.91,true
2018-01-08,2018,2,7,1.6,6.77,-3.57,47.2,2,2,0.0,0,1,0,6.11,true
2018-01-15,2018,3,7,-1.07,2.07,-4.21,5.3,1,0,51.0,1,1,0,4.24,true
2018-01-22,2018,4,7,2.23,6.46,-2.0,34.3,2,1,0.0,0,1,0,5.29,true
2018-01-29,2018,5,7,-1.71,2.81,-6.24,18.6,4,0,64.0,1,3,0,6.31,true
2018-02-05,2018,6,7,0.82,4.99,-3.34,47.2,4,2,53.0,1,0,0,4.44,true
2018-02-12,2018,7,7,3.04,6.83,-0.74,13.7,2,0,142.0,2,0,0,4.67,true
2018-02-19,2018,8,7,7.2,12.61,1.79,19.8,4,1,13.0,1,0,0,5.17,true
2018-02-26,2018,9,7,6.51,10.1,2.93,58.7,1,1,0.0,0,0,0,7.69,true
2018-03-05,2018,10,7,2.13,4.37,-0.11,33.3,3,2,178.0,3,0,0,6.89,true
2018-03-12,2018,11,7,0.44,4.21,-3.33,30.3,1,1,379.0,1,0,0,7.97,true
2018-03-19,2018,12,7,1.89,4.86,-1.07,4.4,2,0,36.0,1,0,0,5.69,true
2018-03-26,2018,13,7,6.64,11.27,2.01,2.6,1,0,0.0,0,0,0,4.83,true
2018-04-02,2018,14,7,4.02,7.69,0.36,25.4,4,1,33.0,2,0,0,5.56,true
2018-04-09,2018,15,7,5.78,9.77,1.79,2.5,2,0,0.0,0,0,0,5.29,true
2018-04-16,2018,16,7,7.59,11.93,3.24,45.7,2,1,0.0,0,0,0,6.03,true
2018-04-23,2018,17,7,12.19,16.99,7.39,38.6,4,2,0.0,0,0,0,4.43,true
2018-04-30,2018,18,7,17.37,23.33,11.41,12.2,3,0,0.0,0,0,2,4.6,true
2018-05-07,2018,19,7,12.74,16.51,8.96,5.3,1,0,0.0,0,0,0,3.94,true
2018-05-14,2018,20,7,15.67,20.96,10.39,32.5,3,1,0.0,0,0,0,4.33,true
2018-05-21,2018,21,7,18.73,24.84,12.61,1.8,0,0,0.0,0,0,2,5.07,true
2018-05-28,2018,22,7,18.37,23.17,13.57,2.1,1,0,0.0,0,0,0,4.19,true
2018-06-04,2018,23,7,16.47,20.4,12.54,24.3,2,1,0.0,0,0,0,4.3,true
2018-06-11,2018,24,7,19.04,24.29,13.8,0.0,0,0,0.0,0,0,0,5.26,true
2018-06-18,2018,25,7,21.51,25.87,17.16,10.2,2,0,0.0,0,0,1,4.49,true
2018-06-25,2018,26,7,23.84,28.47,19.2,40.2,3,1,0.0,0,0,3,4.21,true
2018-07-02,2018,27,7,25.12,30.24,20.0,9.2,1,0,0.0,0,0,4,4.56,true
2018-07-09,2018,28,7,22.97,27.39,18.56,13.0,2,0,0.0,0,0,2,4.36,true
2018-07-16,2018,29,7,22.89,26.59,19.2,73.9,3,1,0.0,0,0,1,4.29,true
2018-07-23,2018,30,7,26.71,30.49,22.94,19.6,2,1,0.0,0,0,6,4.77,true
2018-07-30,2018,31,7,26.24,30.33,22.14,17.8,2,1,0.0,0,0,3,4.19,true
2018-08-06,2018,32,7,26.1,30.0,22.2,71.4,4,2,0.0,0,0,4,3.74,true
2018-08-13,2018,33,7,24.29,27.79,20.79,16.4,3,0,0.0,0,0,3,4.23,true
2018-08-20,2018,34,7,22.5,26.74,18.26,12.7,1,1,0.0,0,0,0,4.21,true
2018-08-27,2018,35,7,25.79,30.47,21.11,0.0,0,0,0.0,0,0,4,4.47,true
2018-09-03,2018,36,7,24.14,28.5,19.77,0.8,0,0,0.0,0,0,4,4.59,true
2018-09-10,2018,37,7,20.39,22.94,17.84,50.6,4,3,0.0,0,0,0,3.44,true
2018-09-17,2018,38,7,19.49,22.7,16.29,30.0,1,1,0.0,0,0,0,4.47,true
2018-09-24,2018,39,7,17.9,21.29,14.51,48.8,4,1,0.0,0,0,0,4.96,true
2018-10-01,2018,40,7,16.84,20.41,13.27,16.7,4,0,0.0,0,0,0,3.96,true
2018-10-08,2018,41,7,16.15,19.84,12.46,20.8,3,1,0.0,0,0,1,4.63,true
2018-10-15,2018,42,7,10.87,15.87,5.87,3.4,1,0,0.0,0,0,0,6.24,true
2018-10-22,2018,43,7,7.49,11.1,3.89,41.9,3,2,0.0,0,0,0,5.34,true
2018-10-29,2018,44,7,11.64,16.03,7.24,57.9,3,2,0.0,0,0,0,5.04,true
2018-11-05,2018,45,7,9.22,12.31,6.13,68.2,4,3,0.0,0,0,0,5.81,true
2018-11-12,2018,46,7,4.23,7.7,0.76,54.1,3,3,3.0,0,0,0,5.61,true
2018-11-19,2018,47,7,1.04,4.3,-2.23,34.3,3,2,0.0,0,1,0,5.23,true
2018-11-26,2018,48,7,5.56,8.1,3.03,52.9,3,3,0.0,0,0,0,5.29,true
2018-12-03,2018,49,7,1.44,5.09,-2.21,0.0,0,0,0.0,0,1,0,4.94,true
2018-12-10,2018,50,7,2.14,5.8,-1.51,13.7,1,1,0.0,0,0,0,4.27,true
2018-12-17,2018,51,7,4.78,9.04,0.51,17.5,2,1,3.0,0,0,0,6.21,true
2018-12-24,2018,52,7,2.49,6.1,-1.13,8.4,1,0,0.0,0,0,0,4.4,true
2018-12-31,2019,1,7,3.94,8.01,-0.13,34.1,3,2,0.0,0,0,0,5.17,true
2019-01-07,2019,2,7,-1.71,1.71,-5.13,3.8,1,0,0.0,0,4,0,5.89,true
2019-01-14,2019,3,7,-1.21,2.96,-5.37,33.8,2,1,41.0,2,1,0,4.73,true
2019-01-21,2019,4,7,-1.06,3.69,-5.8,25.4,1,1,0.0,0,2,0,6.83,true
2019-01-28,2019,5,7,-4.1,0.83,-9.03,5.4,2,0,13.0,1,2,0,5.61,true
2019-02-04,2019,6,7,4.75,9.53,-0.03,16.5,3,0,0.0,0,0,0,5.51,true
2019-02-11,2019,7,7,1.62,5.46,-2.21,32.7,3,1,64.0,1,0,0,5.41,true
2019-02-18,2019,8,7,0.59,4.13,-2.94,33.3,4,2,144.0,3,1,0,4.56,true
2019-02-25,2019,9,7,-1.34,1.61,-4.3,12.0,4,0,155.0,4,2,0,5.53,true
2019-03-04,2019,10,7,-1.69,2.24,-5.61,36.3,2,2,274.0,2,3,0,5.39,true
2019-03-11,2019,11,7,5.79,9.91,1.67,5.1,1,0,0.0,0,0,0,5.71,true
2019-03-18,2019,12,7,5.22,9.79,0.66,23.4,2,1,0.0,0,0,0,6.09,true
2019-03-25,2019,13,7,7.83,12.84,2.81,3.4,1,0,0.0,0,0,0,5.51,true
2019-04-01,2019,14,7,8.42,13.97,2.87,17.1,4,1,0.0,0,0,0,5.66,true
2019-04-08,2019,15,7,9.39,13.47,5.31,20.6,5,0,0.0,0,0,0,4.8,true
2019-04-15,2019,16,7,15.07,19.91,10.23,23.9,2,1,0.0,0,0,0,6.81,true
2019-04-22,2019,17,7,10.97,13.87,8.07,100.6,5,3,0.0,0,0,0,5.54,true
2019-04-29,2019,18,7,10.27,12.86,7.69,11.8,4,0,0.0,0,0,0,3.31,true
2019-05-06,2019,19,7,13.17,17.39,8.96,12.2,2,0,0.0,0,0,0,4.53,true
2019-05-13,2019,20,7,13.02,16.99,9.06,36.6,4,1,0.0,0,0,0,4.76,true
2019-05-20,2019,21,7,18.86,24.61,13.1,12.9,3,0,0.0,0,0,2,6.47,true
2019-05-27,2019,22,7,15.56,19.13,11.99,16.2,4,0,0.0,0,0,0,4.11,true
2019-06-03,2019,23,7,20.04,24.61,15.47,2.6,2,0,0.0,0,0,0,4.83,true
2019-06-10,2019,24,7,19.36,23.73,15.0,35.9,4,2,0.0,0,0,0,5.26,true
2019-06-17,2019,25,7,20.88,24.69,17.07,42.1,3,1,0.0,0,0,1,4.09,true
2019-06-24,2019,26,7,21.67,25.81,17.53,49.3,3,1,0.0,0,0,1,3.47,true
2019-07-01,2019,27,7,25.84,30.09,21.6,34.8,1,1,0.0,0,0,4,4.06,true
2019-07-08,2019,28,7,25.69,29.93,21.44,21.1,1,1,0.0,0,0,5,3.84,true
2019-07-15,2019,29,7,27.74,32.63,22.86,11.9,2,1,0.0,0,0,6,4.67,true
2019-07-22,2019,30,7,23.21,26.99,19.44,47.8,2,2,0.0,0,0,1,4.1,true
2019-07-29,2019,31,7,26.91,31.91,21.9,32.1,1,1,0.0,0,0,5,4.01,true
2019-08-05,2019,32,7,23.59,28.1,19.07,58.0,2,1,0.0,0,0,3,4.6,true
2019-08-12,2019,33,7,22.37,25.79,18.96,4.1,1,0,0.0,0,0,1,3.9,true
2019-08-19,2019,34,7,24.34,28.74,19.93,2.3,1,0,0.0,0,0,3,4.6,true
2019-08-26,2019,35,7,21.51,25.8,17.21,24.1,2,1,0.0,0,0,2,4.07,true
2019-09-02,2019,36,7,20.36,24.37,16.34,37.4,2,1,0.0,0,0,1,4.69,true
2019-09-09,2019,37,7,19.96,23.96,15.96,7.1,2,0,0.0,0,0,1,4.54,true
2019-09-16,2019,38,7,19.09,23.96,14.21,0.0,0,0,0.0,0,0,1,4.1,true
2019-09-23,2019,39,7,21.5,26.9,16.1,10.5,2,0,0.0,0,0,1,4.94,true
2019-09-30,2019,40,7,14.14,18.5,9.77,9.7,3,0,0.0,0,0,0,5.09,true
2019-10-07,2019,41,7,15.28,17.93,12.63,15.4,3,0,0.0,0,0,0,6.7,true
2019-10-14,2019,42,7,12.99,17.16,8.81,30.5,2,2,0.0,0,0,0,5.33,true
2019-10-21,2019,43,7,13.94,17.3,10.57,51.4,3,2,0.0,0,0,0,4.51,true
2019-10-28,2019,44,7,12.75,16.51,8.99,6.7,3,0,0.0,0,0,0,4.6,true
2019-11-04,2019,45,7,7.0,11.19,2.81,16.0,2,1,0.0,0,0,0,4.86,true
2019-11-11,2019,46,7,2.86,7.23,-1.51,2.0,1,0,0.0,0,0,0,5.4,true
2019-11-18,2019,47,7,5.91,8.5,3.33,58.7,5,1,0.0,0,0,0,5.1,true
2019-11-25,2019,48,7,5.29,9.69,0.9,24.4,3,1,30.0,1,0,0,5.79,true
2019-12-02,2019,49,7,1.19,4.29,-1.91,21.6,3,1,155.0,2,0,0,5.97,true
2019-12-09,2019,50,7,6.42,10.89,1.96,58.4,5,2,71.0,1,0,0,5.93,true
2019-12-16,2019,51,7,-1.14,2.16,-4.43,16.5,1,1,36.0,1,1,0,5.31,true
2019-12-23,2019,52,7,5.36,8.99,1.74,2.3,1,0,0.0,0,0,0,3.97,true
2019-12-30,2020,1,7,5.11,7.46,2.77,45.8,4,1,0.0,0,0,0,5.83,true
2020-01-06,2020,2,7,5.54,10.64,0.43,1.0,0,0,3.0,0,0,0,6.13,true
2020-01-13,2020,3,7,1.63,5.41,-2.16,10.4,2,0,76.0,1,1,0,5.16,true
2020-01-20,2020,4,7,1.83,5.76,-2.1,17.8,1,1,0.0,0,2,0,4.3,true
2020-01-27,2020,5,7,2.99,5.89,0.1,0.5,0,0,0.0,0,0,0,4.07,true
2020-02-03,2020,6,7,3.04,6.97,-0.9,20.6,3,1,8.0,0,0,0,4.49,true
2020-02-10,2020,7,7,2.12,5.63,-1.39,21.9,3,1,5.0,0,1,0,4.7,true
2020-02-17,2020,8,7,2.57,7.14,-2.0,11.4,1,1,0.0,0,0,0,4.91,true
2020-02-24,2020,9,7,4.09,8.11,0.06,29.4,3,1,0.0,0,0,0,5.51,true
2020-03-02,2020,10,7,5.78,10.33,1.23,1.6,0,0,0.0,0,0,0,6.24,true
2020-03-09,2020,11,7,8.38,13.81,2.94,7.4,1,0,0.0,0,0,0,5.51,true
2020-03-16,2020,12,7,4.32,8.51,0.13,15.5,1,1,0.0,0,0,0,5.41,true
2020-03-23,2020,13,7,5.24,8.49,2.0,65.1,4,2,0.0,0,0,0,5.61,true
2020-03-30,2020,14,7,5.04,7.29,2.8,27.4,4,1,0.0,0,0,0,6.67,true
2020-04-06,2020,15,7,8.55,12.4,4.7,18.4,2,1,0.0,0,0,0,5.39,true
2020-04-13,2020,16,7,7.61,11.5,3.73,31.5,2,2,18.0,1,0,0,6.01,true
2020-04-20,2020,17,7,6.27,9.93,2.61,19.3,3,0,0.0,0,0,0,5.74,true
2020-04-27,2020,18,7,9.97,13.59,6.36,35.9,2,2,0.0,0,0,0,5.63,true
2020-05-04,2020,19,7,9.69,14.3,5.09,9.7,2,0,0.0,0,0,0,5.73,true
2020-05-11,2020,20,7,12.7,18.1,7.3,23.8,3,1,0.0,0,0,0,5.36,true
2020-05-18,2020,21,7,13.36,18.4,8.31,0.0,0,0,0.0,0,0,0,5.21,true
2020-05-25,2020,22,7,18.66,23.1,14.21,2.3,1,0,0.0,0,0,0,5.17,true
2020-06-01,2020,23,7,18.94,24.46,13.41,8.5,2,0,0.0,0,0,2,4.29,true
2020-06-08,2020,24,7,19.09,23.41,14.77,18.8,1,1,0.0,0,0,0,4.33,true
2020-06-15,2020,25,7,21.67,26.83,16.51,0.0,0,0,0.0,0,0,4,3.91,true
2020-06-22,2020,26,7,23.45,28.33,18.57,31.0,1,1,0.0,0,0,4,3.79,true
2020-06-29,2020,27,7,20.47,23.8,17.14,14.0,4,0,0.0,0,0,0,3.46,true
2020-07-06,2020,28,7,23.94,28.03,19.84,0.3,0,0,0.0,0,0,3,5.17,true
2020-07-13,2020,29,7,22.46,26.66,18.27,22.1,4,1,0.0,0,0,2,3.99,true
2020-07-20,2020,30,7,25.91,30.24,21.59,22.6,2,1,0.0,0,0,4,4.2,true
2020-07-27,2020,31,7,26.36,30.57,22.16,1.8,1,0,0.0,0,0,5,4.31,true
2020-08-03,2020,32,7,24.71,29.2,20.23,4.3,1,0,0.0,0,0,3,4.4,true
2020-08-10,2020,33,7,24.64,28.73,20.56,4.1,1,0,0.0,0,0,3,4.34,true
2020-08-17,2020,34,7,22.74,27.39,18.1,41.4,4,1,0.0,0,0,3,4.13,true
2020-08-24,2020,35,7,21.79,26.04,17.53,6.4,2,0,0.0,0,0,2,4.47,true
2020-08-31,2020,36,7,20.68,24.46,16.9,5.4,1,0,0.0,0,0,0,3.77,true
2020-09-07,2020,37,7,20.11,24.67,15.56,6.4,1,0,0.0,0,0,0,3.87,true
2020-09-14,2020,38,7,15.09,19.94,10.24,0.0,0,0,0.0,0,0,0,5.19,true
2020-09-21,2020,39,7,17.73,22.7,12.76,0.0,0,0,0.0,0,0,0,4.13,true
2020-09-28,2020,40,7,17.68,22.04,13.31,13.5,2,1,0.0,0,0,0,4.47,true
2020-10-05,2020,41,7,15.09,20.0,10.17,0.5,0,0,0.0,0,0,0,5.94,true
2020-10-12,2020,42,7,12.89,17.2,8.59,87.2,3,3,0.0,0,0,0,5.17,true
2020-10-19,2020,43,7,13.4,17.04,9.76,1.5,1,0,0.0,0,0,0,3.46,true
2020-10-26,2020,44,7,6.74,9.46,4.01,52.6,4,2,109.0,1,0,0,3.91,true
2020-11-02,2020,45,7,11.06,16.1,6.03,0.0,0,0,0.0,0,0,0,5.21,true
2020-11-09,2020,46,7,11.54,16.5,6.57,14.5,2,0,0.0,0,0,0,4.53,true
2020-11-16,2020,47,7,6.02,10.41,1.63,1.3,1,0,0.0,0,0,0,5.8,true
2020-11-23,2020,48,7,6.99,11.91,2.07,53.7,2,1,0.0,0,0,0,3.54,true
2020-11-30,2020,49,7,6.47,10.86,2.09,76.2,3,3,8.0,0,0,0,6.83,true
2020-12-07,2020,50,7,2.81,6.36,-0.73,12.7,1,1,0.0,0,1,0,3.96,true
2020-12-14,2020,51,7,-2.12,0.9,-5.14,36.3,3,1,322.0,2,3,0,4.94,true
2020-12-21,2020,52,7,2.97,6.83,-0.89,37.8,1,1,0.0,0,0,0,5.49,true
2020-12-28,2020,53,7,1.71,5.31,-1.9,16.2,3,1,5.0,0,0,0,5.17,true
2021-01-04,2021,1,7,0.89,3.81,-2.04,0.3,0,0,0.0,0,0,0,5.16,true
2021-01-11,2021,2,7,2.49,5.47,-0.5,28.7,2,1,0.0,0,0,0,4.53,true
2021-01-18,2021,3,7,-0.63,3.17,-4.43,0.0,0,0,3.0,0,1,0,5.81,true
2021-01-25,2021,4,7,-5.49,-1.79,-9.19,8.7,3,0,139.0,3,3,0,5.3,true
2021-02-01,2021,5,7,0.41,3.34,-2.51,34.4,3,2,168.0,2,0,0,5.56,true
2021-02-08,2021,6,7,-4.24,-1.36,-7.11,4.3,1,0,76.0,1,6,0,3.86,true
2021-02-15,2021,7,7,-1.84,0.43,-4.1,30.0,3,2,145.0,2,3,0,4.67,true
2021-02-22,2021,8,7,3.19,6.89,-0.5,8.9,2,0,0.0,0,0,0,5.13,true
2021-03-01,2021,9,7,-0.59,4.06,-5.23,4.6,1,0,0.0,0,1,0,6.63,true
2021-03-08,2021,10,7,6.74,12.67,0.81,0.0,0,0,3.0,0,0,0,5.84,true
2021-03-15,2021,11,7,3.51,8.5,-1.47,16.8,1,1,0.0,0,1,0,4.99,true
2021-03-22,2021,12,7,10.6,15.4,5.8,21.6,2,1,0.0,0,0,0,4.44,true
2021-03-29,2021,13,7,7.8,13.57,2.03,28.5,2,1,0.0,0,0,0,5.87,true
2021-04-05,2021,14,7,12.02,16.34,7.7,0.0,0,0,0.0,0,0,0,4.69,true
2021-04-12,2021,15,7,8.66,11.83,5.5,48.2,3,1,3.0,0,0,0,5.39,true
2021-04-19,2021,16,7,12.29,17.84,6.74,9.2,2,0,0.0,0,0,0,5.83,true
2021-04-26,2021,17,7,12.74,17.39,8.09,32.8,3,1,0.0,0,0,0,5.4,true
2021-05-03,2021,18,7,12.22,15.31,9.13,31.0,2,2,0.0,0,0,0,4.61,true
2021-05-10,2021,19,7,16.86,21.83,11.9,8.9,1,0,0.0,0,0,0,4.34,true
2021-05-17,2021,20,7,20.6,26.76,14.44,0.0,0,0,0.0,0,0,2,4.23,true
2021-05-24,2021,21,7,16.35,20.71,11.99,80.5,4,3,0.0,0,0,1,6.64,true
2021-05-31,2021,22,7,21.19,26.66,15.71,6.6,2,0,0.0,0,0,2,4.49,true
2021-06-07,2021,23,7,23.54,28.33,18.74,19.3,3,1,0.0,0,0,3,4.01,true
2021-06-14,2021,24,7,22.32,27.07,17.57,13.8,1,1,0.0,0,0,2,4.04,true
2021-06-21,2021,25,7,22.66,27.31,18.01,25.4,2,1,0.0,0,0,4,5.16,true
2021-06-28,2021,26,7,23.73,28.1,19.36,129.6,5,3,0.0,0,0,3,4.97,true
2021-07-05,2021,27,7,22.55,27.23,17.87,69.7,4,1,0.0,0,0,2,3.97,true
2021-07-12,2021,28,7,22.85,25.56,20.14,43.4,3,1,0.0,0,0,1,3.46,true
2021-07-19,2021,29,7,22.94,26.36,19.53,3.8,1,0,0.0,0,0,1,3.74,true
2021-07-26,2021,30,7,23.34,28.03,18.66,13.6,2,0,0.0,0,0,2,4.51,true
2021-08-02,2021,31,7,23.53,27.54,19.51,50.8,2,2,0.0,0,0,2,3.59,true
2021-08-09,2021,32,7,26.31,30.09,22.53,30.3,1,1,0.0,0,0,4,4.0,true
2021-08-16,2021,33,7,24.64,28.03,21.26,49.6,3,2,0.0,0,0,2,4.37,true
2021-08-23,2021,34,7,25.4,29.44,21.36,46.7,3,1,0.0,0,0,4,3.69,true
2021-08-30,2021,35,7,22.22,26.34,18.1,109.2,3,2,0.0,0,0,1,4.77,true
2021-09-06,2021,36,7,22.73,27.29,18.17,29.2,2,1,0.0,0,0,0,5.04,true
2021-09-13,2021,37,7,21.39,24.44,18.33,18.0,4,0,0.0,0,0,1,3.84,true
2021-09-20,2021,38,7,21.16,25.01,17.3,15.6,1,1,0.0,0,0,0,3.63,true
2021-09-27,2021,39,7,16.86,21.11,12.61,21.6,2,1,0.0,0,0,0,4.2,true
2021-10-04,2021,40,7,16.86,19.6,14.11,35.0,2,1,0.0,0,0,0,4.36,true
2021-10-11,2021,41,7,18.67,22.47,14.87,8.4,1,0,0.0,0,0,0,4.03,true
2021-10-18,2021,42,7,14.56,18.89,10.23,0.0,0,0,0.0,0,0,0,4.97,true
2021-10-25,2021,43,7,11.26,13.64,8.89,83.1,5,4,0.0,0,0,0,7.17,true
2021-11-01,2021,44,7,7.97,11.91,4.03,0.0,0,0,0.0,0,0,0,3.64,true
2021-11-08,2021,45,7,10.52,15.17,5.87,18.3,2,1,0.0,0,0,0,4.17,true
2021-11-15,2021,46,7,7.81,11.81,3.81,9.1,2,0,0.0,0,0,0,5.03,true
2021-11-22,2021,47,7,3.64,7.44,-0.17,6.6,2,0,0.0,0,0,0,5.41,true
2021-11-29,2021,48,7,3.88,7.79,-0.03,0.5,0,0,0.0,0,0,0,4.91,true
2021-12-06,2021,49,7,5.39,10.17,0.61,14.1,3,0,8.0,0,0,0,5.3,true
2021-12-13,2021,50,7,6.14,10.41,1.86,28.7,3,1,3.0,0,0,0,5.53,true
2021-12-20,2021,51,7,0.14,2.8,-2.53,16.5,3,0,0.0,0,1,0,4.11,true
2021-12-27,2021,52,7,4.59,6.77,2.4,10.3,4,0,0.0,0,0,0,2.41,true
2022-01-03,2022,1,7,-1.04,3.06,-5.14,15.5,2,1,297.0,1,2,0,5.5,true
2022-01-10,2022,2,7,-4.46,1.39,-10.3,0.0,0,0,3.0,0,2,0,5.69,true
2022-01-17,2022,3,7,-2.21,2.49,-6.9,22.6,2,1,3.0,0,2,0,6.19,true
2022-01-24,2022,4,7,-4.48,-0.73,-8.23,13.2,2,1,617.0,2,5,0,5.21,true
2022-01-31,2022,5,7,-2.2,1.79,-6.19,53.1,3,1,21.0,1,3,0,3.57,true
2022-02-07,2022,6,7,3.69,8.27,-0.89,28.4,3,2,119.0,1,0,0,4.44,true
2022-02-14,2022,7,7,-0.26,5.59,-6.11,9.0,1,0,33.0,1,2,0,6.96,true
2022-02-21,2022,8,7,1.39,7.17,-4.39,26.7,2,1,216.0,1,1,0,5.34,true
2022-02-28,2022,9,7,0.49,5.33,-4.36,6.7,2,0,0.0,0,1,0,5.34,true
2022-03-07,2022,10,7,4.55,9.06,0.04,23.6,3,0,53.0,1,0,0,5.26,true
2022-03-14,2022,11,7,8.94,13.41,4.46,6.4,1,0,0.0,0,0,0,3.71,true
2022-03-21,2022,12,7,7.07,10.96,3.19,33.8,3,1,0.0,0,0,0,5.96,true
2022-03-28,2022,13,7,4.86,9.84,-0.13,14.3,2,1,0.0,0,0,0,6.53,true
2022-04-04,2022,14,7,9.24,13.31,5.16,10.0,3,0,0.0,0,0,0,5.2,true
2022-04-11,2022,15,7,12.29,17.61,6.97,16.5,2,0,0.0,0,0,0,5.27,true
2022-04-18,2022,16,7,10.23,14.36,6.1,14.2,1,1,0.0,0,0,0,6.21,true
2022-04-25,2022,17,7,9.65,13.34,5.96,8.1,2,0,0.0,0,0,0,5.44,true
2022-05-02,2022,18,7,11.07,14.04,8.1,9.4,3,0,0.0,0,0,0,5.0,true
2022-05-09,2022,19,7,15.52,20.09,10.96,0.3,0,0,0.0,0,0,1,5.01,true
2022-05-16,2022,20,7,17.97,23.19,12.76,5.4,2,0,0.0,0,0,1,4.59,true
2022-05-23,2022,21,7,17.83,22.31,13.34,18.5,1,1,0.0,0,0,0,5.06,true
2022-05-30,2022,22,7,17.62,22.39,12.86,5.1,2,0,0.0,0,0,1,4.04,true
2022-06-06,2022,23,7,21.24,26.44,16.03,27.4,2,1,0.0,0,0,0,4.84,true
2022-06-13,2022,24,7,20.04,24.6,15.47,10.2,2,0,0.0,0,0,1,5.2,true
2022-06-20,2022,25,7,20.08,25.09,15.07,0.0,0,0,0.0,0,0,1,4.21,true
2022-06-27,2022,26,7,23.92,28.56,19.29,21.3,2,1,0.0,0,0,3,4.64,true
2022-07-04,2022,27,7,22.58,27.14,18.01,1.3,1,0,0.0,0,0,1,4.53,true
2022-07-11,2022,28,7,23.93,29.23,18.63,4.4,1,0,0.0,0,0,4,4.89,true
2022-07-18,2022,29,7,28.16,33.71,22.61,4.3,1,0,0.0,0,0,6,5.03,true
2022-07-25,2022,30,7,26.11,30.7,21.53,1.0,1,0,0.0,0,0,4,4.6,true
2022-08-01,2022,31,7,27.66,33.64,21.69,3.1,1,0,0.0,0,0,5,4.66,true
2022-08-08,2022,32,7,23.78,28.2,19.36,3.6,1,0,0.0,0,0,2,4.49,true
2022-08-15,2022,33,7,24.05,28.89,19.21,0.3,0,0,0.0,0,0,3,4.57,true
2022-08-22,2022,34,7,23.33,26.67,19.99,22.1,2,2,0.0,0,0,2,3.44,true
2022-08-29,2022,35,7,22.66,27.71,17.61,8.4,1,0,0.0,0,0,3,4.79,true
2022-09-05,2022,36,7,19.97,23.1,16.84,24.7,2,2,0.0,0,0,0,3.73,true
2022-09-12,2022,37,7,19.72,23.89,15.56,4.1,1,0,0.0,0,0,0,4.77,true
2022-09-19,2022,38,7,16.0,19.77,12.23,30.0,2,2,0.0,0,0,0,4.99,true
2022-09-26,2022,39,7,15.43,18.87,11.99,7.9,1,0,0.0,0,0,0,5.24,true
2022-10-03,2022,40,7,14.29,17.46,11.11,23.2,2,2,0.0,0,0,0,5.76,true
2022-10-10,2022,41,7,15.8,20.56,11.04,57.2,2,2,0.0,0,0,0,3.46,true
2022-10-17,2022,42,7,12.43,16.6,8.26,12.2,3,0,0.0,0,0,0,4.03,true
2022-10-24,2022,43,7,12.39,15.96,8.81,15.7,3,1,0.0,0,0,0,3.21,true
2022-10-31,2022,44,7,16.19,20.94,11.43,1.0,1,0,0.0,0,0,0,4.47,true
2022-11-07,2022,45,7,12.96,17.93,8.0,14.0,3,0,0.0,0,0,0,5.64,true
2022-11-14,2022,46,7,4.14,7.54,0.74,20.1,1,1,0.0,0,0,0,5.56,true
2022-11-21,2022,47,7,6.01,9.86,2.16,16.6,1,1,0.0,0,0,0,4.9,true
2022-11-28,2022,48,7,6.03,9.99,2.07,20.9,2,1,0.0,0,0,0,5.56,true
2022-12-05,2022,49,7,5.29,9.03,1.54,24.9,3,1,23.0,1,0,0,5.13,true
2022-12-12,2022,50,7,2.1,4.84,-0.64,37.1,2,1,3.0,0,0,0,7.1,true
2022-12-19,2022,51,7,-0.61,3.76,-4.99,20.4,2,1,0.0,0,2,0,6.86,true
2022-12-26,2022,52,7,4.86,9.11,0.61,9.9,2,0,0.0,0,0,0,4.4,true
2023-01-02,2023,1,7,3.61,6.41,0.81,27.4,4,1,5.0,0,0,0,3.79,true
2023-01-09,2023,2,7,2.62,6.27,-1.03,18.4,3,0,46.0,1,0,0,5.41,true
2023-01-16,2023,3,7,2.53,4.93,0.13,36.9,4,2,59.0,1,0,0,4.49,true
2023-01-23,2023,4,7,3.65,7.31,-0.01,48.3,3,2,58.0,1,0,0,5.5,true
2023-01-30,2023,5,7,-3.39,2.66,-9.43,1.0,1,0,8.0,0,2,0,5.64,true
2023-02-06,2023,6,7,4.26,8.64,-0.13,1.0,1,0,0.0,0,0,0,4.61,true
2023-02-13,2023,7,7,5.91,11.04,0.77,2.1,1,0,0.0,0,0,0,4.86,true
2023-02-20,2023,8,7,0.79,4.61,-3.03,24.5,3,1,71.0,3,1,0,4.73,true
2023-02-27,2023,9,7,2.02,4.23,-0.19,29.9,3,1,30.0,2,1,0,5.67,true
2023-03-06,2023,10,7,3.9,7.37,0.43,1.5,1,0,0.0,0,0,0,6.09,true
2023-03-13,2023,11,7,4.81,7.96,1.67,64.8,2,1,13.0,1,0,0,6.59,true
2023-03-20,2023,12,7,7.14,11.83,2.46,1.8,1,0,0.0,0,0,0,5.37,true
2023-03-27,2023,13,7,6.16,10.33,2.0,26.9,4,0,0.0,0,0,0,4.89,true
2023-04-03,2023,14,7,7.18,11.49,2.87,0.3,0,0,0.0,0,0,0,4.9,true
2023-04-10,2023,15,7,14.79,21.34,8.23,0.0,0,0,0.0,0,0,1,4.47,true
2023-04-17,2023,16,7,9.81,12.07,7.54,20.6,3,1,0.0,0,0,0,5.54,true
2023-04-24,2023,17,7,10.35,12.69,8.01,49.0,3,1,0.0,0,0,0,4.94,true
2023-05-01,2023,18,7,13.17,17.14,9.2,7.3,2,0,0.0,0,0,0,5.11,true
2023-05-08,2023,19,7,17.81,23.73,11.9,0.0,0,0,0.0,0,0,0,4.8,true
2023-05-15,2023,20,7,15.96,21.19,10.73,49.3,2,1,0.0,0,0,0,5.76,true
2023-05-22,2023,21,7,15.8,20.87,10.73,0.8,0,0,0.0,0,0,1,4.66,true
2023-05-29,2023,22,7,15.71,20.71,10.7,13.9,3,0,0.0,0,0,0,5.27,true
2023-06-05,2023,23,7,15.95,19.51,12.39,11.7,3,0,0.0,0,0,0,3.61,true
2023-06-12,2023,24,7,19.8,23.71,15.89,32.5,4,1,0.0,0,0,0,4.01,true
2023-06-19,2023,25,7,19.04,21.9,16.19,1.8,1,0,0.0,0,0,0,3.94,true
2023-06-26,2023,26,7,22.54,25.56,19.53,35.6,3,2,0.0,0,0,0,3.99,true
2023-07-03,2023,27,7,23.34,26.69,20.0,37.0,2,2,0.0,0,0,2,3.5,true
2023-07-10,2023,28,7,24.81,28.67,20.96,63.1,4,2,0.0,0,0,4,4.3,true
2023-07-17,2023,29,7,24.44,28.09,20.8,50.3,1,1,0.0,0,0,2,3.49,true
2023-07-24,2023,30,7,25.12,30.31,19.93,106.2,3,2,0.0,0,0,6,4.56,true
2023-07-31,2023,31,7,21.79,26.2,17.39,0.0,0,0,0.0,0,0,0,4.19,true
2023-08-07,2023,32,7,24.2,28.56,19.84,39.9,4,1,0.0,0,0,1,4.93,true
2023-08-14,2023,33,7,21.89,25.14,18.64,50.6,2,2,0.0,0,0,0,3.97,true
2023-08-21,2023,34,7,21.39,25.16,17.63,52.6,2,1,0.0,0,0,1,4.19,true
2023-08-28,2023,35,7,20.6,24.61,16.59,21.4,2,1,0.0,0,0,1,3.76,true
2023-09-04,2023,36,7,25.24,29.2,21.27,8.4,2,0,0.0,0,0,3,2.89,true
2023-09-11,2023,37,7,20.43,23.73,17.13,28.5,4,1,0.0,0,0,0,4.63,true
2023-09-18,2023,38,7,17.5,19.84,15.16,49.5,3,1,0.0,0,0,0,4.89,true
2023-09-25,2023,39,7,14.57,17.24,11.9,8.7,2,0,0.0,0,0,0,4.57,true
2023-10-02,2023,40,7,18.18,22.21,14.14,3.3,1,0,0.0,0,0,0,3.77,true
2023-10-09,2023,41,7,13.96,18.17,9.76,0.0,0,0,0.0,0,0,0,4.19,true
2023-10-16,2023,42,7,13.34,16.29,10.39,17.0,3,1,0.0,0,0,0,4.3,true
2023-10-23,2023,43,7,16.86,22.06,11.67,4.8,1,0,0.0,0,0,0,3.89,true
2023-10-30,2023,44,7,8.36,11.9,4.83,10.9,1,1,0.0,0,0,0,4.34,true
2023-11-06,2023,45,7,7.14,10.63,3.66,5.3,2,0,0.0,0,0,0,4.8,true
2023-11-13,2023,46,7,7.47,12.61,2.33,2.5,1,0,0.0,0,0,0,4.27,true
2023-11-20,2023,47,7,3.68,7.61,-0.26,31.0,2,1,0.0,0,0,0,5.11,true
2023-11-27,2023,48,7,5.34,8.26,2.43,31.8,3,2,0.0,0,0,0,5.4,true
2023-12-04,2023,49,7,3.53,7.31,-0.26,16.0,2,1,5.0,0,0,0,3.83,true
2023-12-11,2023,50,7,5.84,10.16,1.51,53.9,2,1,0.0,0,0,0,5.46,true
2023-12-18,2023,51,7,3.34,7.23,-0.56,43.0,1,1,0.0,0,0,0,4.6,true
2023-12-25,2023,52,7,5.84,8.33,3.34,20.6,2,1,0.0,0,0,0,3.36,true
2024-01-01,2024,1,7,0.29,4.04,-3.47,26.4,2,1,97.0,1,0,0,4.96,true
2024-01-08,2024,2,7,4.59,8.33,0.84,99.3,3,3,0.0,0,0,0,6.77,true
2024-01-15,2024,3,7,-4.51,-1.76,-7.27,14.2,1,1,99.0,2,5,0,5.86,true
2024-01-22,2024,4,7,2.59,4.91,0.27,51.8,4,3,31.0,1,0,0,3.91,true
2024-01-29,2024,5,7,1.16,3.51,-1.2,4.1,2,0,3.0,0,0,0,4.67,true
2024-02-05,2024,6,7,3.42,7.47,-0.63,1.0,1,0,0.0,0,0,0,4.09,true
2024-02-12,2024,7,7,0.51,3.5,-2.47,6.4,1,0,13.0,1,0,0,6.04,true
2024-02-19,2024,8,7,-0.51,3.66,-4.69,1.6,1,0,0.0,0,0,0,4.17,true
2024-02-26,2024,9,7,5.06,9.99,0.14,43.5,5,1,0.0,0,0,0,5.71,true
2024-03-04,2024,10,7,5.71,8.41,3.0,68.9,5,2,0.0,0,0,0,5.66,true
2024-03-11,2024,11,7,6.56,10.0,3.11,1.3,0,0,0.0,0,0,0,5.47,true
2024-03-18,2024,12,7,3.44,7.37,-0.5,59.9,2,1,0.0,0,0,0,6.44,true
2024-03-25,2024,13,7,6.73,9.87,3.59,59.4,4,2,0.0,0,0,0,5.84,true
2024-04-01,2024,14,7,5.13,7.4,2.86,40.6,3,2,3.0,0,0,0,6.51,true
2024-04-08,2024,15,7,11.07,15.56,6.59,21.1,3,1,0.0,0,0,0,5.14,true
2024-04-15,2024,16,7,10.56,14.29,6.84,11.2,2,0,0.0,0,0,0,4.6,true
2024-04-22,2024,17,7,9.57,15.33,3.81,0.0,0,0,0.0,0,0,0,5.0,true
2024-04-29,2024,18,7,11.19,14.14,8.23,17.5,4,1,0.0,0,0,0,4.14,true
2024-05-06,2024,19,7,12.69,16.5,8.87,18.5,2,1,0.0,0,0,0,3.74,true
2024-05-13,2024,20,7,14.61,18.1,11.13,35.3,4,2,0.0,0,0,0,5.09,true
2024-05-20,2024,21,7,19.77,24.86,14.69,5.3,2,0,0.0,0,0,1,4.36,true
2024-05-27,2024,22,7,19.37,24.77,13.97,48.0,3,1,0.0,0,0,0,4.29,true
2024-06-03,2024,23,7,19.21,23.24,15.17,6.8,2,0,0.0,0,0,1,4.41,true
2024-06-10,2024,24,7,20.24,24.76,15.71,14.5,1,1,0.0,0,0,1,4.51,true
2024-06-17,2024,25,7,24.21,30.33,18.09,26.2,4,1,0.0,0,0,4,4.51,true
2024-06-24,2024,26,7,23.29,28.26,18.33,55.0,3,1,0.0,0,0,3,5.67,true
2024-07-01,2024,27,7,23.61,27.61,19.6,13.8,2,0,0.0,0,0,1,4.16,true
2024-07-08,2024,28,7,26.18,30.39,21.97,8.4,1,0,0.0,0,0,4,4.77,true
2024-07-15,2024,29,7,26.31,31.6,21.01,6.6,2,0,0.0,0,0,6,4.54,true
2024-07-22,2024,30,7,21.94,26.19,17.7,0.9,0,0,0.0,0,0,1,3.3,true
2024-07-29,2024,31,7,25.98,30.94,21.01,36.1,3,1,0.0,0,0,6,4.23,true
2024-08-05,2024,32,7,22.84,26.93,18.74,37.3,5,1,0.0,0,0,2,4.56,true
2024-08-12,2024,33,7,21.19,24.3,18.09,23.4,1,1,0.0,0,0,0,3.33,true
2024-08-19,2024,34,7,20.79,25.46,16.11,3.1,1,0,0.0,0,0,0,3.54,true
2024-08-26,2024,35,7,21.42,25.31,17.53,0.0,0,0,0.0,0,0,1,4.17,true
2024-09-02,2024,36,7,19.21,23.33,15.1,0.0,0,0,0.0,0,0,0,4.33,true
2024-09-09,2024,37,7,20.34,25.21,15.46,0.0,0,0,0.0,0,0,0,3.79,true
2024-09-16,2024,38,7,17.9,21.19,14.61,24.8,2,1,0.0,0,0,0,4.8,true
2024-09-23,2024,39,7,17.31,20.16,14.47,9.1,1,0,0.0,0,0,0,4.07,true
2024-09-30,2024,40,7,16.29,19.94,12.63,0.0,0,0,0.0,0,0,0,3.63,true
2024-10-07,2024,41,7,13.49,17.7,9.29,12.5,2,1,0.0,0,0,0,4.83,true
2024-10-14,2024,42,7,10.92,15.89,5.96,5.1,1,0,0.0,0,0,0,4.34,true
2024-10-21,2024,43,7,15.0,20.54,9.46,0.0,0,0,0.0,0,0,0,4.41,true
2024-10-28,2024,44,7,11.65,16.41,6.89,5.6,2,0,0.0,0,0,0,4.17,true
2024-11-04,2024,45,7,12.84,18.24,7.44,0.6,0,0,0.0,0,0,0,5.39,true
2024-11-11,2024,46,7,9.18,14.14,4.21,2.0,1,0,0.0,0,0,0,5.29,true
2024-11-18,2024,47,7,8.73,11.43,6.03,55.9,3,3,0.0,0,0,0,6.03,true
2024-11-25,2024,48,7,4.72,7.86,1.59,26.9,2,1,0.0,0,0,0,5.0,true
2024-12-02,2024,49,7,1.4,4.69,-1.89,11.1,2,0,8.0,0,0,0,5.34,true
2024-12-09,2024,50,7,2.62,7.0,-1.76,81.0,3,1,0.0,0,0,0,4.91,true
2024-12-16,2024,51,7,1.54,4.87,-1.79,35.0,4,2,132.0,1,2,0,5.21,true
2024-12-23,2024,52,7,0.14,3.53,-3.24,3.1,1,0,5.0,0,1,0,2.97,true
2024-12-30,2025,1,7,3.61,6.41,0.81,28.9,2,2,0.0,0,1,0,6.67,true
2025-01-06,2025,2,7,-3.2,-0.01,-6.39,3.3,1,0,46.0,1,4,0,7.0,true
2025-01-13,2025,3,7,-0.46,3.11,-4.03,16.0,2,0,97.0,1,2,0,4.73,true
2025-01-20,2025,4,7,-4.91,-1.51,-8.31,0.3,0,0,30.0,1,5,0,5.16,true
2025-01-27,2025,5,7,-1.69,3.03,-6.41,23.3,4,1,87.0,3,2,0,5.71,true
2025-02-03,2025,6,7,-0.94,2.63,-4.51,18.1,4,0,162.0,3,1,0,4.87,true
2025-02-10,2025,7,7,-1.38,1.44,-4.2,56.3,3,2,149.0,2,1,0,5.9,true
2025-02-17,2025,8,7,-2.99,0.67,-6.66,0.0,0,0,0.0,0,3,0,6.94,true
2025-02-24,2025,9,7,4.07,8.36,-0.21,1.8,1,0,0.0,0,1,0,5.84,true
2025-03-03,2025,10,7,3.45,8.1,-1.2,21.3,2,1,0.0,0,0,0,7.4,true
2025-03-10,2025,11,7,7.91,13.6,2.23,0.3,0,0,0.0,0,0,0,4.99,true
2025-03-17,2025,12,7,6.86,10.87,2.84,55.2,2,2,0.0,0,0,0,5.53,true
2025-03-24,2025,13,7,5.76,9.7,1.83,21.6,2,1,0.0,0,0,0,4.64,true
2025-03-31,2025,14,7,8.65,13.66,3.64,37.3,6,1,0.0,0,0,0,5.23,true
2025-04-07,2025,15,7,3.91,6.74,1.07,22.8,5,0,0.0,0,0,0,5.67,true
2025-04-14,2025,16,7,13.29,19.27,7.3,2.0,1,0,0.0,0,0,0,6.44,true
2025-04-21,2025,17,7,13.06,17.7,8.43,23.2,2,1,0.0,0,0,0,4.77,true
2025-04-28,2025,18,7,16.98,23.17,10.79,11.0,3,0,0.0,0,0,0,4.94,true
2025-05-05,2025,19,7,14.08,17.77,10.39,65.3,4,3,0.0,0,0,0,5.29,true
2025-05-12,2025,20,7,17.1,21.34,12.86,8.9,1,0,0.0,0,0,0,4.26,true
2025-05-19,2025,21,7,11.39,13.97,8.8,93.0,3,2,0.0,0,0,0,6.46,true
2025-05-26,2025,22,7,16.79,21.1,12.47,6.1,1,0,0.0,0,0,0,4.96,true
2025-06-02,2025,23,7,19.36,24.19,14.54,26.4,1,1,0.0,0,0,1,3.93,true
2025-06-09,2025,24,7,17.98,21.04,14.91,4.6,1,0,0.0,0,0,1,4.44,true
2025-06-16,2025,25,7,22.58,26.9,18.26,1.8,1,0,0.0,0,0,2,4.73,true
2025-06-23,2025,26,7,24.06,28.27,19.84,0.8,0,0,0.0,0,0,3,3.77,true
2025-06-30,2025,27,7,25.55,30.86,20.24,4.3,1,0,0.0,0,0,4,4.84,true
2025-07-07,2025,28,7,22.57,25.94,19.2,44.2,3,1,0.0,0,0,2,4.2,true
2025-07-14,2025,29,7,25.79,30.97,20.61,5.1,1,0,0.0,0,0,5,4.61,true
2025-07-21,2025,30,7,23.05,27.39,18.71,4.3,2,0,0.0,0,0,2,5.11,true
2025-07-28,2025,31,7,23.06,28.1,18.03,25.6,2,1,0.0,0,0,2,3.81,true
2025-08-04,2025,32,7,21.56,25.64,17.47,0.0,0,0,0.0,0,0,0,3.37,true
2025-08-11,2025,33,7,25.16,30.0,20.33,6.1,1,0,0.0,0,0,5,4.23,true
2025-08-18,2025,34,7,19.54,23.91,15.16,6.1,1,0,0.0,0,0,1,4.9,true
2025-08-25,2025,35,7,20.51,24.77,16.24,1.8,1,0,0.0,0,0,0,4.13,true
2025-09-01,2025,36,7,20.62,24.99,16.26,36.3,3,2,0.0,0,0,1,4.19,true
2025-09-08,2025,37,7,17.35,21.36,13.34,0.0,0,0,0.0,0,0,0,3.54,true
2025-09-15,2025,38,7,17.86,21.66,14.06,3.1,1,0,0.0,0,0,0,3.36,true
2025-09-22,2025,39,7,20.6,24.21,16.99,39.2,2,1,0.0,0,0,0,4.0,true
2025-09-29,2025,40,7,17.41,22.06,12.77,0.0,0,0,0.0,0,0,0,3.89,true
2025-10-06,2025,41,7,15.64,19.91,11.36,33.0,2,2,0.0,0,0,0,5.41,true
2025-10-13,2025,42,7,12.33,15.54,9.11,50.0,2,1,0.0,0,0,0,5.47,true
2025-10-20,2025,43,7,13.06,16.9,9.21,26.1,2,2,0.0,0,0,0,4.66,true
2025-10-27,2025,44,7,9.72,12.64,6.8,16.8,2,1,0.0,0,0,0,6.43,true
2025-11-03,2025,45,7,9.88,13.97,5.79,6.6,3,0,0.0,0,0,0,5.79,true
2025-11-10,2025,46,7,5.79,9.11,2.46,24.4,3,0,0.0,0,0,0,5.56,true
2025-11-17,2025,47,7,4.16,7.46,0.87,2.5,1,0,0.0,0,0,0,4.51,true
2025-11-24,2025,48,7,6.59,10.4,2.77,10.9,3,0,0.0,0,0,0,5.39,true
2025-12-01,2025,49,7,-0.12,3.49,-3.73,18.1,1,1,0.0,0,1,0,4.57,true
2025-12-08,2025,50,7,-1.12,3.24,-5.49,2.8,2,0,33.0,1,0,0,6.27,true
2025-12-15,2025,51,7,1.81,6.01,-2.39,11.7,1,1,0.0,0,1,0,6.2,true
2025-12-22,2025,52,7,-2.51,0.86,-5.87,9.9,4,0,77.0,2,2,0,4.6,true
2025-12-29,2026,1,7,-2.09,1.27,-5.46,19.1,1,1,18.0,1,2,0,6.16,true
2026-01-05,2026,2,7,2.17,5.79,-1.44,17.3,5,0,11.0,0,1,0,3.96,true
2026-01-12,2026,3,7,1.99,5.56,-1.59,9.4,1,0,86.0,1,0,0,5.11,true
2026-01-19,2026,4,7,-4.6,-0.31,-8.89,22.4,2,1,477.0,2,3,0,6.2,true
2026-01-26,2026,5,7,-8.44,-4.76,-12.13,6.4,1,0,165.0,1,7,0,5.9,true
2026-02-02,2026,6,7,-5.15,-1.26,-9.04,3.6,1,0,137.0,1,3,0,4.9,true
2026-02-09,2026,7,7,-1.48,2.13,-5.09,3.3,2,0,51.0,2,0,0,5.09,true
2026-02-16,2026,8,7,0.31,2.46,-1.83,7.9,2,0,45.0,2,0,0,3.56,true
2026-02-23,2026,9,7,-0.25,4.11,-4.61,13.7,2,1,462.0,3,0,0,5.73,true
2026-03-02,2026,10,7,2.08,5.9,-1.74,31.0,4,1,25.0,1,1,0,4.39,true
2026-03-09,2026,11,7,7.94,13.49,2.39,4.8,2,0,0.0,0,0,0,5.4,true
2026-03-16,2026,12,7,5.35,10.47,0.23,37.5,3,1,0.0,0,0,0,5.96,true
2026-03-23,2026,13,7,4.76,9.2,0.31,15.5,2,1,8.0,0,0,0,5.54,true
2026-03-30,2026,14,7,9.83,15.8,3.86,13.5,4,0,0.0,0,0,0,5.43,true
2026-04-06,2026,15,7,7.06,11.91,2.21,2.6,1,0,0.0,0,0,0,5.67,true
2026-04-13,2026,16,7,12.35,16.91,7.79,19.6,4,0,0.0,0,0,0,4.51,true
2026-04-20,2026,17,7,7.46,11.19,3.73,0.0,0,0,0.0,0,0,0,4.26,true
2026-04-27,2026,18,7,10.31,13.24,7.39,5.4,2,0,0.0,0,0,0,4.13,true
2026-05-04,2026,19,7,14.85,20.24,9.46,13.8,3,0,0.0,0,0,0,5.56,true
2026-05-11,2026,20,7,15.16,20.17,10.16,5.3,1,0,0.0,0,0,1,4.29,true
2026-05-18,2026,21,7,18.3,22.4,14.2,14.8,2,0,0.0,0,0,2,4.77,true
2026-05-25,2026,22,7,17.82,23.26,12.39,18.4,5,0,0.0,0,0,1,4.93,true
2026-06-01,2026,23,7,20.4,26.6,14.2,5.9,2,0,0.0,0,0,3,4.36,true
2026-06-08,2026,24,7,24.49,30.54,18.43,1.8,1,0,0.0,0,0,6,4.41,true
2026-06-15,2026,25,7,22.34,27.06,17.61,10.5,1,0,0.0,0,0,0,5.73,true
2026-06-22,2026,26,7,20.72,24.37,17.07,14.9,3,0,0.0,0,0,0,3.49,true
2026-06-29,2026,27,7,27.46,32.46,22.47,8.2,2,0,0.0,0,0,5,4.33,true
2026-07-06,2026,28,7,22.91,26.29,19.53,39.9,1,1,0.0,0,0,2,4.51,true
2026-07-13,2026,29,7,24.84,29.6,20.07,2.3,1,0,0.0,0,0,3,5.91,true
2026-07-20,2026,30,7,21.76,26.26,17.26,40.8,2,2,0.0,0,0,1,4.14,true
2026-07-27,2026,31,7,22.22,25.87,18.57,30.5,2,1,0.0,0,0,1,4.37,true
2026-08-03,2026,32,7,26.58,31.19,21.97,11.9,1,1,0.0,0,0,6,4.39,true
2026-08-10,2026,33,7,24.56,28.64,20.49,0.0,0,0,0.0,0,0,2,4.03,true
2026-08-17,2026,34,7,21.9,25.0,18.8,13.1,3,0,0.0,0,0,1,3.49,true
2026-08-24,2026,35,7,23.16,27.6,18.71,0.0,0,0,0.0,0,0,1,4.47,true
2026-08-31,2026,36,7,20.12,22.94,17.3,21.1,3,1,0.0,0,0,0,3.43,true
2026-09-07,2026,37,7,21.23,25.56,16.9,22.1,1,1,0.0,0,0,1,4.59,true
2026-09-14,2026,38,7,18.06,21.99,14.13,2.5,1,0,0.0,0,0,0,4.03,true
2026-09-21,2026,39,7,14.41,17.3,11.51,64.6,2,2,0.0,0,0,0,8.0,true
2026-09-28,2026,40,2,14.98,16.65,13.3,25.4,1,1,0.0,0,0,0,5.7,false
