week_start,week_end,iso_year,iso_week,month,n_holidays,holiday_names
2014-12-29,2015-01-04,2015,1,1,1,New Year's Day
2015-01-05,2015-01-11,2015,2,1,0,""
2015-01-12,2015-01-18,2015,3,1,0,""
2015-01-19,2015-01-25,2015,4,1,1,Martin Luther King Jr. Day
2015-01-26,2015-02-01,2015,5,1,0,""
2015-02-02,2015-02-08,2015,6,2,0,""
2015-02-09,2015-02-15,2015,7,2,0,""
2015-02-16,2015-02-22,2015,8,2,1,Washington's Birthday
2015-02-23,2015-03-01,2015,9,2,0,""
2015-03-02,2015-03-08,2015,10,3,0,""
2015-03-09,2015-03-15,2015,11,3,0,""
2015-03-16,2015-03-22,2015,12,3,0,""
2015-03-23,2015-03-29,2015,13,3,0,""
2015-03-30,2015-04-05,2015,14,4,0,""
2015-04-06,2015-04-12,2015,15,4,0,""
2015-04-13,2015-04-19,2015,16,4,0,""
2015-04-20,2015-04-26,2015,17,4,1,Patriots' Day
2015-04-27,2015-05-03,2015,18,4,0,""
2015-05-04,2015-05-10,2015,19,5,0,""
2015-05-11,2015-05-17,2015,20,5,0,""
2015-05-18,2015-05-24,2015,21,5,0,""
2015-05-25,2015-05-31,2015,22,5,1,Memorial Day
2015-06-01,2015-06-07,2015,23,6,0,""
2015-06-08,2015-06-14,2015,24,6,0,""
2015-06-15,2015-06-21,2015,25,6,0,""
2015-06-22,2015-06-28,2015,26,6,0,""
2015-06-29,2015-07-05,2015,27,7,1,Independence Day
2015-07-06,2015-07-12,2015,28,7,0,""
2015-07-13,2015-07-19,2015,29,7,0,""
2015-07-20,2015-07-26,2015,30,7,0,""
2015-07-27,2015-08-02,2015,31,7,0,""
2015-08-03,2015-08-09,2015,32,8,0,""
2015-08-10,2015-08-16,2015,33,8,0,""
2015-08-17,2015-08-23,2015,34,8,0,""
2015-08-24,2015-08-30,2015,35,8,0,""
2015-08-31,2015-09-06,2015,36,9,0,""
2015-09-07,2015-09-13,2015,37,9,1,Labor Day
2015-09-14,2015-09-20,2015,38,9,0,""
2015-09-21,2015-09-27,2015,39,9,0,""
2015-09-28,2015-10-04,2015,40,10,0,""
2015-10-05,2015-10-11,2015,41,10,0,""
2015-10-12,2015-10-18,2015,42,10,1,Columbus Day
2015-10-19,2015-10-25,2015,43,10,0,""
2015-10-26,2015-11-01,2015,44,10,0,""
2015-11-02,2015-11-08,2015,45,11,0,""
2015-11-09,2015-11-15,2015,46,11,1,Veterans Day
2015-11-16,2015-11-22,2015,47,11,0,""
2015-11-23,2015-11-29,2015,48,11,1,Thanksgiving Day
2015-11-30,2015-12-06,2015,49,12,0,""
2015-12-07,2015-12-13,2015,50,12,0,""
2015-12-14,2015-12-20,2015,51,12,0,""
2015-12-21,2015-12-27,2015,52,12,1,Christmas Day
2015-12-28,2016-01-03,2015,53,12,1,New Year's Day
2016-01-04,2016-01-10,2016,1,1,0,""
2016-01-11,2016-01-17,2016,2,1,0,""
2016-01-18,2016-01-24,2016,3,1,1,Martin Luther King Jr. Day
2016-01-25,2016-01-31,2016,4,1,0,""
2016-02-01,2016-02-07,2016,5,2,0,""
2016-02-08,2016-02-14,2016,6,2,0,""
2016-02-15,2016-02-21,2016,7,2,1,Washington's Birthday
2016-02-22,2016-02-28,2016,8,2,0,""
2016-02-29,2016-03-06,2016,9,3,0,""
2016-03-07,2016-03-13,2016,10,3,0,""
2016-03-14,2016-03-20,2016,11,3,0,""
2016-03-21,2016-03-27,2016,12,3,0,""
2016-03-28,2016-04-03,2016,13,3,0,""
2016-04-04,2016-04-10,2016,14,4,0,""
2016-04-11,2016-04-17,2016,15,4,0,""
2016-04-18,2016-04-24,2016,16,4,1,Patriots' Day
2016-04-25,2016-05-01,2016,17,4,0,""
2016-05-02,2016-05-08,2016,18,5,0,""
2016-05-09,2016-05-15,2016,19,5,0,""
2016-05-16,2016-05-22,2016,20,5,0,""
2016-05-23,2016-05-29,2016,21,5,0,""
2016-05-30,2016-06-05,2016,22,6,1,Memorial Day
2016-06-06,2016-06-12,2016,23,6,0,""
2016-06-13,2016-06-19,2016,24,6,0,""
2016-06-20,2016-06-26,2016,25,6,0,""
2016-06-27,2016-07-03,2016,26,6,0,""
2016-07-04,2016-07-10,2016,27,7,1,Independence Day
2016-07-11,2016-07-17,2016,28,7,0,""
2016-07-18,2016-07-24,2016,29,7,0,""
2016-07-25,2016-07-31,2016,30,7,0,""
2016-08-01,2016-08-07,2016,31,8,0,""
2016-08-08,2016-08-14,2016,32,8,0,""
2016-08-15,2016-08-21,2016,33,8,0,""
2016-08-22,2016-08-28,2016,34,8,0,""
2016-08-29,2016-09-04,2016,35,9,0,""
2016-09-05,2016-09-11,2016,36,9,1,Labor Day
2016-09-12,2016-09-18,2016,37,9,0,""
2016-09-19,2016-09-25,2016,38,9,0,""
2016-09-26,2016-10-02,2016,39,9,0,""
2016-10-03,2016-10-09,2016,40,10,0,""
2016-10-10,2016-10-16,2016,41,10,1,Columbus Day
2016-10-17,2016-10-23,2016,42,10,0,""
2016-10-24,2016-10-30,2016,43,10,0,""
2016-10-31,2016-11-06,2016,44,11,0,""
2016-11-07,2016-11-13,2016,45,11,1,Veterans Day
2016-11-14,2016-11-20,2016,46,11,0,""
2016-11-21,2016-11-27,2016,47,11,1,Thanksgiving Day
2016-11-28,2016-12-04,2016,48,12,0,""
2016-12-05,2016-12-11,2016,49,12,0,""
2016-12-12,2016-12-18,2016,50,12,0,""
2016-12-19,2016-12-25,2016,51,12,1,Christmas Day
2016-12-26,2017-01-01,2016,52,12,2,Christmas Day (observed); New Year's Day
2017-01-02,2017-01-08,2017,1,1,1,New Year's Day (observed)
2017-01-09,2017-01-15,2017,2,1,0,""
2017-01-16,2017-01-22,2017,3,1,1,Martin Luther King Jr. Day
2017-01-23,2017-01-29,2017,4,1,0,""
2017-01-30,2017-02-05,2017,5,2,0,""
2017-02-06,2017-02-12,2017,6,2,0,""
2017-02-13,2017-02-19,2017,7,2,0,""
2017-02-20,2017-02-26,2017,8,2,1,Washington's Birthday
2017-02-27,2017-03-05,2017,9,3,0,""
2017-03-06,2017-03-12,2017,10,3,0,""
2017-03-13,2017-03-19,2017,11,3,0,""
2017-03-20,2017-03-26,2017,12,3,0,""
2017-03-27,2017-04-02,2017,13,3,0,""
2017-04-03,2017-04-09,2017,14,4,0,""
2017-04-10,2017-04-16,2017,15,4,0,""
2017-04-17,2017-04-23,2017,16,4,1,Patriots' Day
2017-04-24,2017-04-30,2017,17,4,0,""
2017-05-01,2017-05-07,2017,18,5,0,""
2017-05-08,2017-05-14,2017,19,5,0,""
2017-05-15,2017-05-21,2017,20,5,0,""
2017-05-22,2017-05-28,2017,21,5,0,""
2017-05-29,2017-06-04,2017,22,6,1,Memorial Day
2017-06-05,2017-06-11,2017,23,6,0,""
2017-06-12,2017-06-18,2017,24,6,0,""
2017-06-19,2017-06-25,2017,25,6,0,""
2017-06-26,2017-07-02,2017,26,6,0,""
2017-07-03,2017-07-09,2017,27,7,1,Independence Day
2017-07-10,2017-07-16,2017,28,7,0,""
2017-07-17,2017-07-23,2017,29,7,0,""
2017-07-24,2017-07-30,2017,30,7,0,""
2017-07-31,2017-08-06,2017,31,8,0,""
2017-08-07,2017-08-13,2017,32,8,0,""
2017-08-14,2017-08-20,2017,33,8,0,""
2017-08-21,2017-08-27,2017,34,8,0,""
2017-08-28,2017-09-03,2017,35,8,0,""
2017-09-04,2017-09-10,2017,36,9,1,Labor Day
2017-09-11,2017-09-17,2017,37,9,0,""
2017-09-18,2017-09-24,2017,38,9,0,""
2017-09-25,2017-10-01,2017,39,9,0,""
2017-10-02,2017-10-08,2017,40,10,0,""
2017-10-09,2017-10-15,2017,41,10,1,Columbus Day
2017-10-16,2017-10-22,2017,42,10,0,""
2017-10-23,2017-10-29,2017,43,10,0,""
2017-10-30,2017-11-05,2017,44,11,0,""
2017-11-06,2017-11-12,2017,45,11,1,Veterans Day
2017-11-13,2017-11-19,2017,46,11,0,""
2017-11-20,2017-11-26,2017,47,11,1,Thanksgiving Day
2017-11-27,2017-12-03,2017,48,11,0,""
2017-12-04,2017-12-10,2017,49,12,0,""
2017-12-11,2017-12-17,2017,50,12,0,""
2017-12-18,2017-12-24,2017,51,12,0,""
2017-12-25,2017-12-31,2017,52,12,1,Christmas Day
2018-01-01,2018-01-07,2018,1,1,1,New Year's Day
2018-01-08,2018-01-14,2018,2,1,0,""
2018-01-15,2018-01-21,2018,3,1,1,Martin Luther King Jr. Day
2018-01-22,2018-01-28,2018,4,1,0,""
2018-01-29,2018-02-04,2018,5,2,0,""
2018-02-05,2018-02-11,2018,6,2,0,""
2018-02-12,2018-02-18,2018,7,2,0,""
2018-02-19,2018-02-25,2018,8,2,1,Washington's Birthday
2018-02-26,2018-03-04,2018,9,3,0,""
2018-03-05,2018-03-11,2018,10,3,0,""
2018-03-12,2018-03-18,2018,11,3,0,""
2018-03-19,2018-03-25,2018,12,3,0,""
2018-03-26,2018-04-01,2018,13,3,0,""
2018-04-02,2018-04-08,2018,14,4,0,""
2018-04-09,2018-04-15,2018,15,4,0,""
2018-04-16,2018-04-22,2018,16,4,1,Patriots' Day
2018-04-23,2018-04-29,2018,17,4,0,""
2018-04-30,2018-05-06,2018,18,5,0,""
2018-05-07,2018-05-13,2018,19,5,0,""
2018-05-14,2018-05-20,2018,20,5,0,""
2018-05-21,2018-05-27,2018,21,5,0,""
2018-05-28,2018-06-03,2018,22,5,1,Memorial Day
2018-06-04,2018-06-10,2018,23,6,0,""
2018-06-11,2018-06-17,2018,24,6,0,""
2018-06-18,2018-06-24,2018,25,6,0,""
2018-06-25,2018-07-01,2018,26,6,0,""
2018-07-02,2018-07-08,2018,27,7,1,Independence Day
2018-07-09,2018-07-15,2018,28,7,0,""
2018-07-16,2018-07-22,2018,29,7,0,""
2018-07-23,2018-07-29,2018,30,7,0,""
2018-07-30,2018-08-05,2018,31,8,0,""
2018-08-06,2018-08-12,2018,32,8,0,""
2018-08-13,2018-08-19,2018,33,8,0,""
2018-08-20,2018-08-26,2018,34,8,0,""
2018-08-27,2018-09-02,2018,35,8,0,""
2018-09-03,2018-09-09,2018,36,9,1,Labor Day
2018-09-10,2018-09-16,2018,37,9,0,""
2018-09-17,2018-09-23,2018,38,9,0,""
2018-09-24,2018-09-30,2018,39,9,0,""
2018-10-01,2018-10-07,2018,40,10,0,""
2018-10-08,2018-10-14,2018,41,10,1,Columbus Day
2018-10-15,2018-10-21,2018,42,10,0,""
2018-10-22,2018-10-28,2018,43,10,0,""
2018-10-29,2018-11-04,2018,44,11,0,""
2018-11-05,2018-11-11,2018,45,11,1,Veterans Day
2018-11-12,2018-11-18,2018,46,11,1,Veterans Day (observed)
2018-11-19,2018-11-25,2018,47,11,1,Thanksgiving Day
2018-11-26,2018-12-02,2018,48,11,0,""
2018-12-03,2018-12-09,2018,49,12,0,""
2018-12-10,2018-12-16,2018,50,12,0,""
2018-12-17,2018-12-23,2018,51,12,0,""
2018-12-24,2018-12-30,2018,52,12,1,Christmas Day
2018-12-31,2019-01-06,2019,1,1,1,New Year's Day
2019-01-07,2019-01-13,2019,2,1,0,""
2019-01-14,2019-01-20,2019,3,1,0,""
2019-01-21,2019-01-27,2019,4,1,1,Martin Luther King Jr. Day
2019-01-28,2019-02-03,2019,5,1,0,""
2019-02-04,2019-02-10,2019,6,2,0,""
2019-02-11,2019-02-17,2019,7,2,0,""
2019-02-18,2019-02-24,2019,8,2,1,Washington's Birthday
2019-02-25,2019-03-03,2019,9,2,0,""
2019-03-04,2019-03-10,2019,10,3,0,""
2019-03-11,2019-03-17,2019,11,3,0,""
2019-03-18,2019-03-24,2019,12,3,0,""
2019-03-25,2019-03-31,2019,13,3,0,""
2019-04-01,2019-04-07,2019,14,4,0,""
2019-04-08,2019-04-14,2019,15,4,0,""
2019-04-15,2019-04-21,2019,16,4,1,Patriots' Day
2019-04-22,2019-04-28,2019,17,4,0,""
2019-04-29,2019-05-05,2019,18,5,0,""
2019-05-06,2019-05-12,2019,19,5,0,""
2019-05-13,2019-05-19,2019,20,5,0,""
2019-05-20,2019-05-26,2019,21,5,0,""
2019-05-27,2019-06-02,2019,22,5,1,Memorial Day
2019-06-03,2019-06-09,2019,23,6,0,""
2019-06-10,2019-06-16,2019,24,6,0,""
2019-06-17,2019-06-23,2019,25,6,0,""
2019-06-24,2019-06-30,2019,26,6,0,""
2019-07-01,2019-07-07,2019,27,7,1,Independence Day
2019-07-08,2019-07-14,2019,28,7,0,""
2019-07-15,2019-07-21,2019,29,7,0,""
2019-07-22,2019-07-28,2019,30,7,0,""
2019-07-29,2019-08-04,2019,31,8,0,""
2019-08-05,2019-08-11,2019,32,8,0,""
2019-08-12,2019-08-18,2019,33,8,0,""
2019-08-19,2019-08-25,2019,34,8,0,""
2019-08-26,2019-09-01,2019,35,8,0,""
2019-09-02,2019-09-08,2019,36,9,1,Labor Day
2019-09-09,2019-09-15,2019,37,9,0,""
2019-09-16,2019-09-22,2019,38,9,0,""
2019-09-23,2019-09-29,2019,39,9,0,""
2019-09-30,2019-10-06,2019,40,10,0,""
2019-10-07,2019-10-13,2019,41,10,0,""
2019-10-14,2019-10-20,2019,42,10,1,Columbus Day
2019-10-21,2019-10-27,2019,43,10,0,""
2019-10-28,2019-11-03,2019,44,10,0,""
2019-11-04,2019-11-10,2019,45,11,0,""
2019-11-11,2019-11-17,2019,46,11,1,Veterans Day
2019-11-18,2019-11-24,2019,47,11,0,""
2019-11-25,2019-12-01,2019,48,11,1,Thanksgiving Day
2019-12-02,2019-12-08,2019,49,12,0,""
2019-12-09,2019-12-15,2019,50,12,0,""
2019-12-16,2019-12-22,2019,51,12,0,""
2019-12-23,2019-12-29,2019,52,12,1,Christmas Day
2019-12-30,2020-01-05,2020,1,1,1,New Year's Day
2020-01-06,2020-01-12,2020,2,1,0,""
2020-01-13,2020-01-19,2020,3,1,0,""
2020-01-20,2020-01-26,2020,4,1,1,Martin Luther King Jr. Day
2020-01-27,2020-02-02,2020,5,1,0,""
2020-02-03,2020-02-09,2020,6,2,0,""
2020-02-10,2020-02-16,2020,7,2,0,""
2020-02-17,2020-02-23,2020,8,2,1,Washington's Birthday
2020-02-24,2020-03-01,2020,9,2,0,""
2020-03-02,2020-03-08,2020,10,3,0,""
2020-03-09,2020-03-15,2020,11,3,0,""
2020-03-16,2020-03-22,2020,12,3,0,""
2020-03-23,2020-03-29,2020,13,3,0,""
2020-03-30,2020-04-05,2020,14,4,0,""
2020-04-06,2020-04-12,2020,15,4,0,""
2020-04-13,2020-04-19,2020,16,4,0,""
2020-04-20,2020-04-26,2020,17,4,1,Patriots' Day
2020-04-27,2020-05-03,2020,18,4,0,""
2020-05-04,2020-05-10,2020,19,5,0,""
2020-05-11,2020-05-17,2020,20,5,0,""
2020-05-18,2020-05-24,2020,21,5,0,""
2020-05-25,2020-05-31,2020,22,5,1,Memorial Day
2020-06-01,2020-06-07,2020,23,6,0,""
2020-06-08,2020-06-14,2020,24,6,0,""
2020-06-15,2020-06-21,2020,25,6,0,""
2020-06-22,2020-06-28,2020,26,6,0,""
2020-06-29,2020-07-05,2020,27,7,1,Independence Day
2020-07-06,2020-07-12,2020,28,7,0,""
2020-07-13,2020-07-19,2020,29,7,0,""
2020-07-20,2020-07-26,2020,30,7,0,""
2020-07-27,2020-08-02,2020,31,7,0,""
2020-08-03,2020-08-09,2020,32,8,0,""
2020-08-10,2020-08-16,2020,33,8,0,""
2020-08-17,2020-08-23,2020,34,8,0,""
2020-08-24,2020-08-30,2020,35,8,0,""
2020-08-31,2020-09-06,2020,36,9,0,""
2020-09-07,2020-09-13,2020,37,9,1,Labor Day
2020-09-14,2020-09-20,2020,38,9,0,""
2020-09-21,2020-09-27,2020,39,9,0,""
2020-09-28,2020-10-04,2020,40,10,0,""
2020-10-05,2020-10-11,2020,41,10,0,""
2020-10-12,2020-10-18,2020,42,10,1,Columbus Day
2020-10-19,2020-10-25,2020,43,10,0,""
2020-10-26,2020-11-01,2020,44,10,0,""
2020-11-02,2020-11-08,2020,45,11,0,""
2020-11-09,2020-11-15,2020,46,11,1,Veterans Day
2020-11-16,2020-11-22,2020,47,11,0,""
2020-11-23,2020-11-29,2020,48,11,1,Thanksgiving Day
2020-11-30,2020-12-06,2020,49,12,0,""
2020-12-07,2020-12-13,2020,50,12,0,""
2020-12-14,2020-12-20,2020,51,12,0,""
2020-12-21,2020-12-27,2020,52,12,1,Christmas Day
2020-12-28,2021-01-03,2020,53,12,1,New Year's Day
2021-01-04,2021-01-10,2021,1,1,0,""
2021-01-11,2021-01-17,2021,2,1,0,""
2021-01-18,2021-01-24,2021,3,1,1,Martin Luther King Jr. Day
2021-01-25,2021-01-31,2021,4,1,0,""
2021-02-01,2021-02-07,2021,5,2,0,""
2021-02-08,2021-02-14,2021,6,2,0,""
2021-02-15,2021-02-21,2021,7,2,1,Washington's Birthday
2021-02-22,2021-02-28,2021,8,2,0,""
2021-03-01,2021-03-07,2021,9,3,0,""
2021-03-08,2021-03-14,2021,10,3,0,""
2021-03-15,2021-03-21,2021,11,3,0,""
2021-03-22,2021-03-28,2021,12,3,0,""
2021-03-29,2021-04-04,2021,13,4,0,""
2021-04-05,2021-04-11,2021,14,4,0,""
2021-04-12,2021-04-18,2021,15,4,0,""
2021-04-19,2021-04-25,2021,16,4,1,Patriots' Day
2021-04-26,2021-05-02,2021,17,4,0,""
2021-05-03,2021-05-09,2021,18,5,0,""
2021-05-10,2021-05-16,2021,19,5,0,""
2021-05-17,2021-05-23,2021,20,5,0,""
2021-05-24,2021-05-30,2021,21,5,0,""
2021-05-31,2021-06-06,2021,22,6,1,Memorial Day
2021-06-07,2021-06-13,2021,23,6,0,""
2021-06-14,2021-06-20,2021,24,6,1,Juneteenth National Independence Day
2021-06-21,2021-06-27,2021,25,6,0,""
2021-06-28,2021-07-04,2021,26,7,1,Independence Day
2021-07-05,2021-07-11,2021,27,7,1,Independence Day (observed)
2021-07-12,2021-07-18,2021,28,7,0,""
2021-07-19,2021-07-25,2021,29,7,0,""
2021-07-26,2021-08-01,2021,30,7,0,""
2021-08-02,2021-08-08,2021,31,8,0,""
2021-08-09,2021-08-15,2021,32,8,0,""
2021-08-16,2021-08-22,2021,33,8,0,""
2021-08-23,2021-08-29,2021,34,8,0,""
2021-08-30,2021-09-05,2021,35,9,0,""
2021-09-06,2021-09-12,2021,36,9,1,Labor Day
2021-09-13,2021-09-19,2021,37,9,0,""
2021-09-20,2021-09-26,2021,38,9,0,""
2021-09-27,2021-10-03,2021,39,9,0,""
2021-10-04,2021-10-10,2021,40,10,0,""
2021-10-11,2021-10-17,2021,41,10,1,Columbus Day
2021-10-18,2021-10-24,2021,42,10,0,""
2021-10-25,2021-10-31,2021,43,10,0,""
2021-11-01,2021-11-07,2021,44,11,0,""
2021-11-08,2021-11-14,2021,45,11,1,Veterans Day
2021-11-15,2021-11-21,2021,46,11,0,""
2021-11-22,2021-11-28,2021,47,11,1,Thanksgiving Day
2021-11-29,2021-12-05,2021,48,12,0,""
2021-12-06,2021-12-12,2021,49,12,0,""
2021-12-13,2021-12-19,2021,50,12,0,""
2021-12-20,2021-12-26,2021,51,12,1,Christmas Day
2021-12-27,2022-01-02,2021,52,12,1,New Year's Day
2022-01-03,2022-01-09,2022,1,1,0,""
2022-01-10,2022-01-16,2022,2,1,0,""
2022-01-17,2022-01-23,2022,3,1,1,Martin Luther King Jr. Day
2022-01-24,2022-01-30,2022,4,1,0,""
2022-01-31,2022-02-06,2022,5,2,0,""
2022-02-07,2022-02-13,2022,6,2,0,""
2022-02-14,2022-02-20,2022,7,2,0,""
2022-02-21,2022-02-27,2022,8,2,1,Washington's Birthday
2022-02-28,2022-03-06,2022,9,3,0,""
2022-03-07,2022-03-13,2022,10,3,0,""
2022-03-14,2022-03-20,2022,11,3,0,""
2022-03-21,2022-03-27,2022,12,3,0,""
2022-03-28,2022-04-03,2022,13,3,0,""
2022-04-04,2022-04-10,2022,14,4,0,""
2022-04-11,2022-04-17,2022,15,4,0,""
2022-04-18,2022-04-24,2022,16,4,1,Patriots' Day
2022-04-25,2022-05-01,2022,17,4,0,""
2022-05-02,2022-05-08,2022,18,5,0,""
2022-05-09,2022-05-15,2022,19,5,0,""
2022-05-16,2022-05-22,2022,20,5,0,""
2022-05-23,2022-05-29,2022,21,5,0,""
2022-05-30,2022-06-05,2022,22,6,1,Memorial Day
2022-06-06,2022-06-12,2022,23,6,0,""
2022-06-13,2022-06-19,2022,24,6,1,Juneteenth National Independence Day
2022-06-20,2022-06-26,2022,25,6,1,Juneteenth National Independence Day (observed)
2022-06-27,2022-07-03,2022,26,6,0,""
2022-07-04,2022-07-10,2022,27,7,1,Independence Day
2022-07-11,2022-07-17,2022,28,7,0,""
2022-07-18,2022-07-24,2022,29,7,0,""
2022-07-25,2022-07-31,2022,30,7,0,""
2022-08-01,2022-08-07,2022,31,8,0,""
2022-08-08,2022-08-14,2022,32,8,0,""
2022-08-15,2022-08-21,2022,33,8,0,""
2022-08-22,2022-08-28,2022,34,8,0,""
2022-08-29,2022-09-04,2022,35,9,0,""
2022-09-05,2022-09-11,2022,36,9,1,Labor Day
2022-09-12,2022-09-18,2022,37,9,0,""
2022-09-19,2022-09-25,2022,38,9,0,""
2022-09-26,2022-10-02,2022,39,9,0,""
2022-10-03,2022-10-09,2022,40,10,0,""
2022-10-10,2022-10-16,2022,41,10,1,Columbus Day
2022-10-17,2022-10-23,2022,42,10,0,""
2022-10-24,2022-10-30,2022,43,10,0,""
2022-10-31,2022-11-06,2022,44,11,0,""
2022-11-07,2022-11-13,2022,45,11,1,Veterans Day
2022-11-14,2022-11-20,2022,46,11,0,""
2022-11-21,2022-11-27,2022,47,11,1,Thanksgiving Day
2022-11-28,2022-12-04,2022,48,12,0,""
2022-12-05,2022-12-11,2022,49,12,0,""
2022-12-12,2022-12-18,2022,50,12,0,""
2022-12-19,2022-12-25,2022,51,12,1,Christmas Day
2022-12-26,2023-01-01,2022,52,12,2,Christmas Day (observed); New Year's Day
2023-01-02,2023-01-08,2023,1,1,1,New Year's Day (observed)
2023-01-09,2023-01-15,2023,2,1,0,""
2023-01-16,2023-01-22,2023,3,1,1,Martin Luther King Jr. Day
2023-01-23,2023-01-29,2023,4,1,0,""
2023-01-30,2023-02-05,2023,5,2,0,""
2023-02-06,2023-02-12,2023,6,2,0,""
2023-02-13,2023-02-19,2023,7,2,0,""
2023-02-20,2023-02-26,2023,8,2,1,Washington's Birthday
2023-02-27,2023-03-05,2023,9,3,0,""
2023-03-06,2023-03-12,2023,10,3,0,""
2023-03-13,2023-03-19,2023,11,3,0,""
2023-03-20,2023-03-26,2023,12,3,0,""
2023-03-27,2023-04-02,2023,13,3,0,""
2023-04-03,2023-04-09,2023,14,4,0,""
2023-04-10,2023-04-16,2023,15,4,0,""
2023-04-17,2023-04-23,2023,16,4,1,Patriots' Day
2023-04-24,2023-04-30,2023,17,4,0,""
2023-05-01,2023-05-07,2023,18,5,0,""
2023-05-08,2023-05-14,2023,19,5,0,""
2023-05-15,2023-05-21,2023,20,5,0,""
2023-05-22,2023-05-28,2023,21,5,0,""
2023-05-29,2023-06-04,2023,22,6,1,Memorial Day
2023-06-05,2023-06-11,2023,23,6,0,""
2023-06-12,2023-06-18,2023,24,6,0,""
2023-06-19,2023-06-25,2023,25,6,1,Juneteenth National Independence Day
2023-06-26,2023-07-02,2023,26,6,0,""
2023-07-03,2023-07-09,2023,27,7,1,Independence Day
2023-07-10,2023-07-16,2023,28,7,0,""
2023-07-17,2023-07-23,2023,29,7,0,""
2023-07-24,2023-07-30,2023,30,7,0,""
2023-07-31,2023-08-06,2023,31,8,0,""
2023-08-07,2023-08-13,2023,32,8,0,""
2023-08-14,2023-08-20,2023,33,8,0,""
2023-08-21,2023-08-27,2023,34,8,0,""
2023-08-28,2023-09-03,2023,35,8,0,""
2023-09-04,2023-09-10,2023,36,9,1,Labor Day
2023-09-11,2023-09-17,2023,37,9,0,""
2023-09-18,2023-09-24,2023,38,9,0,""
2023-09-25,2023-10-01,2023,39,9,0,""
2023-10-02,2023-10-08,2023,40,10,0,""
2023-10-09,2023-10-15,2023,41,10,1,Columbus Day
2023-10-16,2023-10-22,2023,42,10,0,""
2023-10-23,2023-10-29,2023,43,10,0,""
2023-10-30,2023-11-05,2023,44,11,0,""
2023-11-06,2023-11-12,2023,45,11,1,Veterans Day
2023-11-13,2023-11-19,2023,46,11,0,""
2023-11-20,2023-11-26,2023,47,11,1,Thanksgiving Day
2023-11-27,2023-12-03,2023,48,11,0,""
2023-12-04,2023-12-10,2023,49,12,0,""
2023-12-11,2023-12-17,2023,50,12,0,""
2023-12-18,2023-12-24,2023,51,12,0,""
2023-12-25,2023-12-31,2023,52,12,1,Christmas Day
2024-01-01,2024-01-07,2024,1,1,1,New Year's Day
2024-01-08,2024-01-14,2024,2,1,0,""
2024-01-15,2024-01-21,2024,3,1,1,Martin Luther King Jr. Day
2024-01-22,2024-01-28,2024,4,1,0,""
2024-01-29,2024-02-04,2024,5,2,0,""
2024-02-05,2024-02-11,2024,6,2,0,""
2024-02-12,2024-02-18,2024,7,2,0,""
2024-02-19,2024-02-25,2024,8,2,1,Washington's Birthday
2024-02-26,2024-03-03,2024,9,2,0,""
2024-03-04,2024-03-10,2024,10,3,0,""
2024-03-11,2024-03-17,2024,11,3,0,""
2024-03-18,2024-03-24,2024,12,3,0,""
2024-03-25,2024-03-31,2024,13,3,0,""
2024-04-01,2024-04-07,2024,14,4,0,""
2024-04-08,2024-04-14,2024,15,4,0,""
2024-04-15,2024-04-21,2024,16,4,1,Patriots' Day
2024-04-22,2024-04-28,2024,17,4,0,""
2024-04-29,2024-05-05,2024,18,5,0,""
2024-05-06,2024-05-12,2024,19,5,0,""
2024-05-13,2024-05-19,2024,20,5,0,""
2024-05-20,2024-05-26,2024,21,5,0,""
2024-05-27,2024-06-02,2024,22,5,1,Memorial Day
2024-06-03,2024-06-09,2024,23,6,0,""
2024-06-10,2024-06-16,2024,24,6,0,""
2024-06-17,2024-06-23,2024,25,6,1,Juneteenth National Independence Day
2024-06-24,2024-06-30,2024,26,6,0,""
2024-07-01,2024-07-07,2024,27,7,1,Independence Day
2024-07-08,2024-07-14,2024,28,7,0,""
2024-07-15,2024-07-21,2024,29,7,0,""
2024-07-22,2024-07-28,2024,30,7,0,""
2024-07-29,2024-08-04,2024,31,8,0,""
2024-08-05,2024-08-11,2024,32,8,0,""
2024-08-12,2024-08-18,2024,33,8,0,""
2024-08-19,2024-08-25,2024,34,8,0,""
2024-08-26,2024-09-01,2024,35,8,0,""
2024-09-02,2024-09-08,2024,36,9,1,Labor Day
2024-09-09,2024-09-15,2024,37,9,0,""
2024-09-16,2024-09-22,2024,38,9,0,""
2024-09-23,2024-09-29,2024,39,9,0,""
2024-09-30,2024-10-06,2024,40,10,0,""
2024-10-07,2024-10-13,2024,41,10,0,""
2024-10-14,2024-10-20,2024,42,10,1,Columbus Day
2024-10-21,2024-10-27,2024,43,10,0,""
2024-10-28,2024-11-03,2024,44,10,0,""
2024-11-04,2024-11-10,2024,45,11,0,""
2024-11-11,2024-11-17,2024,46,11,1,Veterans Day
2024-11-18,2024-11-24,2024,47,11,0,""
2024-11-25,2024-12-01,2024,48,11,1,Thanksgiving Day
2024-12-02,2024-12-08,2024,49,12,0,""
2024-12-09,2024-12-15,2024,50,12,0,""
2024-12-16,2024-12-22,2024,51,12,0,""
2024-12-23,2024-12-29,2024,52,12,1,Christmas Day
2024-12-30,2025-01-05,2025,1,1,1,New Year's Day
2025-01-06,2025-01-12,2025,2,1,0,""
2025-01-13,2025-01-19,2025,3,1,0,""
2025-01-20,2025-01-26,2025,4,1,1,Martin Luther King Jr. Day
2025-01-27,2025-02-02,2025,5,1,0,""
2025-02-03,2025-02-09,2025,6,2,0,""
2025-02-10,2025-02-16,2025,7,2,0,""
2025-02-17,2025-02-23,2025,8,2,1,Washington's Birthday
2025-02-24,2025-03-02,2025,9,2,0,""
2025-03-03,2025-03-09,2025,10,3,0,""
2025-03-10,2025-03-16,2025,11,3,0,""
2025-03-17,2025-03-23,2025,12,3,0,""
2025-03-24,2025-03-30,2025,13,3,0,""
2025-03-31,2025-04-06,2025,14,4,0,""
2025-04-07,2025-04-13,2025,15,4,0,""
2025-04-14,2025-04-20,2025,16,4,0,""
2025-04-21,2025-04-27,2025,17,4,1,Patriots' Day
2025-04-28,2025-05-04,2025,18,5,0,""
2025-05-05,2025-05-11,2025,19,5,0,""
2025-05-12,2025-05-18,2025,20,5,0,""
2025-05-19,2025-05-25,2025,21,5,0,""
2025-05-26,2025-06-01,2025,22,5,1,Memorial Day
2025-06-02,2025-06-08,2025,23,6,0,""
2025-06-09,2025-06-15,2025,24,6,0,""
2025-06-16,2025-06-22,2025,25,6,1,Juneteenth National Independence Day
2025-06-23,2025-06-29,2025,26,6,0,""
2025-06-30,2025-07-06,2025,27,7,1,Independence Day
2025-07-07,2025-07-13,2025,28,7,0,""
2025-07-14,2025-07-20,2025,29,7,0,""
2025-07-21,2025-07-27,2025,30,7,0,""
2025-07-28,2025-08-03,2025,31,7,0,""
2025-08-04,2025-08-10,2025,32,8,0,""
2025-08-11,2025-08-17,2025,33,8,0,""
2025-08-18,2025-08-24,2025,34,8,0,""
2025-08-25,2025-08-31,2025,35,8,0,""
2025-09-01,2025-09-07,2025,36,9,1,Labor Day
2025-09-08,2025-09-14,2025,37,9,0,""
2025-09-15,2025-09-21,2025,38,9,0,""
2025-09-22,2025-09-28,2025,39,9,0,""
2025-09-29,2025-10-05,2025,40,10,0,""
2025-10-06,2025-10-12,2025,41,10,0,""
2025-10-13,2025-10-19,2025,42,10,1,Columbus Day
2025-10-20,2025-10-26,2025,43,10,0,""
2025-10-27,2025-11-02,2025,44,10,0,""
2025-11-03,2025-11-09,2025,45,11,0,""
2025-11-10,2025-11-16,2025,46,11,1,Veterans Day
2025-11-17,2025-11-23,2025,47,11,0,""
2025-11-24,2025-11-30,2025,48,11,1,Thanksgiving Day
2025-12-01,2025-12-07,2025,49,12,0,""
2025-12-08,2025-12-14,2025,50,12,0,""
2025-12-15,2025-12-21,2025,51,12,0,""
2025-12-22,2025-12-28,2025,52,12,1,Christmas Day
2025-12-29,2026-01-04,2026,1,1,1,New Year's Day
2026-01-05,2026-01-11,2026,2,1,0,""
2026-01-12,2026-01-18,2026,3,1,0,""
2026-01-19,2026-01-25,2026,4,1,1,Martin Luther King Jr. Day
2026-01-26,2026-02-01,2026,5,1,0,""
2026-02-02,2026-02-08,2026,6,2,0,""
2026-02-09,2026-02-15,2026,7,2,0,""
2026-02-16,2026-02-22,2026,8,2,1,Washington's Birthday
2026-02-23,2026-03-01,2026,9,2,0,""
2026-03-02,2026-03-08,2026,10,3,0,""
2026-03-09,2026-03-15,2026,11,3,0,""
2026-03-16,2026-03-22,2026,12,3,0,""
2026-03-23,2026-03-29,2026,13,3,0,""
2026-03-30,2026-04-05,2026,14,4,0,""
2026-04-06,2026-04-12,2026,15,4,0,""
2026-04-13,2026-04-19,2026,16,4,0,""
2026-04-20,2026-04-26,2026,17,4,1,Patriots' Day
2026-04-27,2026-05-03,2026,18,4,0,""
2026-05-04,2026-05-10,2026,19,5,0,""
2026-05-11,2026-05-17,2026,20,5,0,""
2026-05-18,2026-05-24,2026,21,5,0,""
2026-05-25,2026-05-31,2026,22,5,1,Memorial Day
2026-06-01,2026-06-07,2026,23,6,0,""
2026-06-08,2026-06-14,2026,24,6,0,""
2026-06-15,2026-06-21,2026,25,6,1,Juneteenth National Independence Day
2026-06-22,2026-06-28,2026,26,6,0,""
2026-06-29,2026-07-05,2026,27,7,1,Independence Day
2026-07-06,2026-07-12,2026,28,7,0,""
2026-07-13,2026-07-19,2026,29,7,0,""
2026-07-20,2026-07-26,2026,30,7,0,""
2026-07-27,2026-08-02,2026,31,7,0,""
2026-08-03,2026-08-09,2026,32,8,0,""
2026-08-10,2026-08-16,2026,33,8,0,""
2026-08-17,2026-08-23,2026,34,8,0,""
2026-08-24,2026-08-30,2026,35,8,0,""
2026-08-31,2026-09-06,2026,36,9,0,""
2026-09-07,2026-09-13,2026,37,9,1,Labor Day
2026-09-14,2026-09-20,2026,38,9,0,""
2026-09-21,2026-09-27,2026,39,9,0,""
2026-09-28,2026-10-04,2026,40,10,0,""
2026-10-05,2026-10-11,2026,41,10,0,""
2026-10-12,2026-10-18,2026,42,10,1,Columbus Day
2026-10-19,2026-10-25,2026,43,10,0,""
2026-10-26,2026-11-01,2026,44,10,0,""
2026-11-02,2026-11-08,2026,45,11,0,""
2026-11-09,2026-11-15,2026,46,11,1,Veterans Day
2026-11-16,2026-11-22,2026,47,11,0,""
2026-11-23,2026-11-29,2026,48,11,1,Thanksgiving Day
2026-11-30,2026-12-06,2026,49,12,0,""
2026-12-07,2026-12-13,2026,50,12,0,""
2026-12-14,2026-12-20,2026,51,12,0,""
2026-12-21,2026-12-27,2026,52,12,1,Christmas Day
2026-12-28,2027-01-03,2026,53,12,1,New Year's Day
