unitid,institution,academic_year,event,date,weekday,source_url,note
164924,Boston College,2015-16,commencement,2016-05-23,,https://calendar.google.com/calendar/ical/bc.edu_03dskrofm885q7aq1lq5pleio0%40group.calendar.google.com/public/basic.ics,"School of Theology and Ministry calendar; matches university class, break and commencement dates where both exist"
164924,Boston College,2015-16,fall_classes_start,2015-08-31,,https://calendar.google.com/calendar/ical/bc.edu_03dskrofm885q7aq1lq5pleio0%40group.calendar.google.com/public/basic.ics,"School of Theology and Ministry calendar; matches university class, break and commencement dates where both exist"
164924,Boston College,2015-16,spring_break_end,2016-03-11,,https://calendar.google.com/calendar/ical/bc.edu_03dskrofm885q7aq1lq5pleio0%40group.calendar.google.com/public/basic.ics,"School of Theology and Ministry calendar; matches university class, break and commencement dates where both exist"
164924,Boston College,2015-16,spring_break_start,2016-03-07,,https://calendar.google.com/calendar/ical/bc.edu_03dskrofm885q7aq1lq5pleio0%40group.calendar.google.com/public/basic.ics,"School of Theology and Ministry calendar; matches university class, break and commencement dates where both exist"
164924,Boston College,2015-16,spring_classes_start,2016-01-19,,https://calendar.google.com/calendar/ical/bc.edu_03dskrofm885q7aq1lq5pleio0%40group.calendar.google.com/public/basic.ics,"School of Theology and Ministry calendar; matches university class, break and commencement dates where both exist"
164924,Boston College,2016-17,commencement,2017-05-22,,https://calendar.google.com/calendar/ical/bc.edu_03dskrofm885q7aq1lq5pleio0%40group.calendar.google.com/public/basic.ics,"School of Theology and Ministry calendar; matches university class, break and commencement dates where both exist"
164924,Boston College,2016-17,fall_classes_start,2016-08-29,,https://calendar.google.com/calendar/ical/bc.edu_03dskrofm885q7aq1lq5pleio0%40group.calendar.google.com/public/basic.ics,"School of Theology and Ministry calendar; matches university class, break and commencement dates where both exist"
164924,Boston College,2016-17,spring_break_end,2017-03-10,,https://calendar.google.com/calendar/ical/bc.edu_03dskrofm885q7aq1lq5pleio0%40group.calendar.google.com/public/basic.ics,"School of Theology and Ministry calendar; matches university class, break and commencement dates where both exist"
164924,Boston College,2016-17,spring_break_start,2017-03-06,,https://calendar.google.com/calendar/ical/bc.edu_03dskrofm885q7aq1lq5pleio0%40group.calendar.google.com/public/basic.ics,"School of Theology and Ministry calendar; matches university class, break and commencement dates where both exist"
164924,Boston College,2016-17,spring_classes_start,2017-01-17,,https://calendar.google.com/calendar/ical/bc.edu_03dskrofm885q7aq1lq5pleio0%40group.calendar.google.com/public/basic.ics,"School of Theology and Ministry calendar; matches university class, break and commencement dates where both exist"
164924,Boston College,2017-18,commencement,2018-05-21,,https://calendar.google.com/calendar/ical/bc.edu_03dskrofm885q7aq1lq5pleio0%40group.calendar.google.com/public/basic.ics,"School of Theology and Ministry calendar; matches university class, break and commencement dates where both exist"
164924,Boston College,2017-18,fall_classes_start,2017-08-28,,https://calendar.google.com/calendar/ical/bc.edu_03dskrofm885q7aq1lq5pleio0%40group.calendar.google.com/public/basic.ics,"School of Theology and Ministry calendar; matches university class, break and commencement dates where both exist"
164924,Boston College,2017-18,spring_break_end,2018-03-09,,https://calendar.google.com/calendar/ical/bc.edu_03dskrofm885q7aq1lq5pleio0%40group.calendar.google.com/public/basic.ics,"School of Theology and Ministry calendar; matches university class, break and commencement dates where both exist"
164924,Boston College,2017-18,spring_break_start,2018-03-05,,https://calendar.google.com/calendar/ical/bc.edu_03dskrofm885q7aq1lq5pleio0%40group.calendar.google.com/public/basic.ics,"School of Theology and Ministry calendar; matches university class, break and commencement dates where both exist"
164924,Boston College,2017-18,spring_classes_start,2018-01-16,,https://calendar.google.com/calendar/ical/bc.edu_03dskrofm885q7aq1lq5pleio0%40group.calendar.google.com/public/basic.ics,"School of Theology and Ministry calendar; matches university class, break and commencement dates where both exist"
164924,Boston College,2018-19,commencement,2019-05-20,,https://calendar.google.com/calendar/ical/bc.edu_03dskrofm885q7aq1lq5pleio0%40group.calendar.google.com/public/basic.ics,"School of Theology and Ministry calendar; matches university class, break and commencement dates where both exist"
164924,Boston College,2018-19,spring_break_end,2019-03-08,,https://calendar.google.com/calendar/ical/bc.edu_03dskrofm885q7aq1lq5pleio0%40group.calendar.google.com/public/basic.ics,"School of Theology and Ministry calendar; matches university class, break and commencement dates where both exist"
164924,Boston College,2018-19,spring_break_start,2019-03-04,,https://calendar.google.com/calendar/ical/bc.edu_03dskrofm885q7aq1lq5pleio0%40group.calendar.google.com/public/basic.ics,"School of Theology and Ministry calendar; matches university class, break and commencement dates where both exist"
164924,Boston College,2018-19,spring_classes_start,2019-01-14,,https://calendar.google.com/calendar/ical/bc.edu_03dskrofm885q7aq1lq5pleio0%40group.calendar.google.com/public/basic.ics,"School of Theology and Ministry calendar; matches university class, break and commencement dates where both exist"
164924,Boston College,2019-20,fall_classes_start,2019-08-26,,https://calendar.google.com/calendar/ical/bc.edu_s713lgtah4c7vkh0rgmct642gg%40group.calendar.google.com/public/basic.ics,Boston College Academic Calendar
164924,Boston College,2019-20,fall_exams_end,2019-12-19,,https://calendar.google.com/calendar/ical/bc.edu_s713lgtah4c7vkh0rgmct642gg%40group.calendar.google.com/public/basic.ics,Boston College Academic Calendar
164924,Boston College,2019-20,spring_break_end,2020-03-07,,https://calendar.google.com/calendar/ical/bc.edu_s713lgtah4c7vkh0rgmct642gg%40group.calendar.google.com/public/basic.ics,Boston College Academic Calendar
164924,Boston College,2019-20,spring_break_start,2020-03-02,,https://calendar.google.com/calendar/ical/bc.edu_s713lgtah4c7vkh0rgmct642gg%40group.calendar.google.com/public/basic.ics,Boston College Academic Calendar
164924,Boston College,2019-20,spring_classes_start,2020-01-13,,https://calendar.google.com/calendar/ical/bc.edu_s713lgtah4c7vkh0rgmct642gg%40group.calendar.google.com/public/basic.ics,Boston College Academic Calendar
164924,Boston College,2019-20,spring_exams_end,2020-05-12,,https://calendar.google.com/calendar/ical/bc.edu_s713lgtah4c7vkh0rgmct642gg%40group.calendar.google.com/public/basic.ics,Boston College Academic Calendar
164924,Boston College,2020-21,commencement,2021-05-24,,https://calendar.google.com/calendar/ical/bc.edu_s713lgtah4c7vkh0rgmct642gg%40group.calendar.google.com/public/basic.ics,Boston College Academic Calendar
164924,Boston College,2020-21,fall_classes_start,2020-08-31,,https://calendar.google.com/calendar/ical/bc.edu_s713lgtah4c7vkh0rgmct642gg%40group.calendar.google.com/public/basic.ics,Boston College Academic Calendar
164924,Boston College,2020-21,fall_exams_end,2020-12-21,,https://calendar.google.com/calendar/ical/bc.edu_s713lgtah4c7vkh0rgmct642gg%40group.calendar.google.com/public/basic.ics,Boston College Academic Calendar
164924,Boston College,2020-21,spring_break_end,none,,https://calendar.google.com/calendar/ical/bc.edu_s713lgtah4c7vkh0rgmct642gg%40group.calendar.google.com/public/basic.ics,No spring vacation in spring 2021 (COVID-19)
164924,Boston College,2020-21,spring_break_start,none,,https://calendar.google.com/calendar/ical/bc.edu_s713lgtah4c7vkh0rgmct642gg%40group.calendar.google.com/public/basic.ics,No spring vacation in spring 2021 (COVID-19)
164924,Boston College,2020-21,spring_classes_start,2021-01-28,,https://calendar.google.com/calendar/ical/bc.edu_s713lgtah4c7vkh0rgmct642gg%40group.calendar.google.com/public/basic.ics,Boston College Academic Calendar
164924,Boston College,2020-21,spring_exams_end,2021-05-18,,https://calendar.google.com/calendar/ical/bc.edu_s713lgtah4c7vkh0rgmct642gg%40group.calendar.google.com/public/basic.ics,Boston College Academic Calendar
164924,Boston College,2021-22,commencement,2022-05-23,,https://calendar.google.com/calendar/ical/bc.edu_s713lgtah4c7vkh0rgmct642gg%40group.calendar.google.com/public/basic.ics,Boston College Academic Calendar
164924,Boston College,2021-22,fall_classes_start,2021-08-30,,https://calendar.google.com/calendar/ical/bc.edu_s713lgtah4c7vkh0rgmct642gg%40group.calendar.google.com/public/basic.ics,Boston College Academic Calendar
164924,Boston College,2021-22,fall_exams_end,2021-12-21,,https://calendar.google.com/calendar/ical/bc.edu_s713lgtah4c7vkh0rgmct642gg%40group.calendar.google.com/public/basic.ics,Boston College Academic Calendar
164924,Boston College,2021-22,spring_break_end,2022-03-12,,https://calendar.google.com/calendar/ical/bc.edu_s713lgtah4c7vkh0rgmct642gg%40group.calendar.google.com/public/basic.ics,Boston College Academic Calendar
164924,Boston College,2021-22,spring_break_start,2022-03-07,,https://calendar.google.com/calendar/ical/bc.edu_s713lgtah4c7vkh0rgmct642gg%40group.calendar.google.com/public/basic.ics,Boston College Academic Calendar
164924,Boston College,2021-22,spring_classes_start,2022-01-18,,https://calendar.google.com/calendar/ical/bc.edu_s713lgtah4c7vkh0rgmct642gg%40group.calendar.google.com/public/basic.ics,Boston College Academic Calendar
164924,Boston College,2021-22,spring_exams_end,2022-05-17,,https://calendar.google.com/calendar/ical/bc.edu_s713lgtah4c7vkh0rgmct642gg%40group.calendar.google.com/public/basic.ics,Boston College Academic Calendar
164924,Boston College,2022-23,commencement,2023-05-22,,https://calendar.google.com/calendar/ical/bc.edu_s713lgtah4c7vkh0rgmct642gg%40group.calendar.google.com/public/basic.ics,Boston College Academic Calendar
164924,Boston College,2022-23,fall_classes_start,2022-08-29,,https://calendar.google.com/calendar/ical/bc.edu_s713lgtah4c7vkh0rgmct642gg%40group.calendar.google.com/public/basic.ics,Boston College Academic Calendar
164924,Boston College,2022-23,fall_exams_end,2022-12-21,,https://calendar.google.com/calendar/ical/bc.edu_s713lgtah4c7vkh0rgmct642gg%40group.calendar.google.com/public/basic.ics,Boston College Academic Calendar
164924,Boston College,2022-23,spring_break_end,2023-03-11,,https://calendar.google.com/calendar/ical/bc.edu_s713lgtah4c7vkh0rgmct642gg%40group.calendar.google.com/public/basic.ics,Boston College Academic Calendar
164924,Boston College,2022-23,spring_break_start,2023-03-06,,https://calendar.google.com/calendar/ical/bc.edu_s713lgtah4c7vkh0rgmct642gg%40group.calendar.google.com/public/basic.ics,Boston College Academic Calendar
164924,Boston College,2022-23,spring_classes_start,2023-01-17,,https://calendar.google.com/calendar/ical/bc.edu_s713lgtah4c7vkh0rgmct642gg%40group.calendar.google.com/public/basic.ics,Boston College Academic Calendar
164924,Boston College,2022-23,spring_exams_end,2023-05-16,,https://calendar.google.com/calendar/ical/bc.edu_s713lgtah4c7vkh0rgmct642gg%40group.calendar.google.com/public/basic.ics,Boston College Academic Calendar
164924,Boston College,2023-24,commencement,2024-05-20,,https://calendar.google.com/calendar/ical/bc.edu_s713lgtah4c7vkh0rgmct642gg%40group.calendar.google.com/public/basic.ics,Boston College Academic Calendar
164924,Boston College,2023-24,fall_classes_start,2023-08-28,,https://calendar.google.com/calendar/ical/bc.edu_s713lgtah4c7vkh0rgmct642gg%40group.calendar.google.com/public/basic.ics,Boston College Academic Calendar
164924,Boston College,2023-24,fall_exams_end,2023-12-20,,https://calendar.google.com/calendar/ical/bc.edu_s713lgtah4c7vkh0rgmct642gg%40group.calendar.google.com/public/basic.ics,Boston College Academic Calendar
164924,Boston College,2023-24,spring_break_end,2024-03-09,,https://calendar.google.com/calendar/ical/bc.edu_s713lgtah4c7vkh0rgmct642gg%40group.calendar.google.com/public/basic.ics,Boston College Academic Calendar
164924,Boston College,2023-24,spring_break_start,2024-03-04,,https://calendar.google.com/calendar/ical/bc.edu_s713lgtah4c7vkh0rgmct642gg%40group.calendar.google.com/public/basic.ics,Boston College Academic Calendar
164924,Boston College,2023-24,spring_classes_start,2024-01-16,,https://calendar.google.com/calendar/ical/bc.edu_s713lgtah4c7vkh0rgmct642gg%40group.calendar.google.com/public/basic.ics,Boston College Academic Calendar
164924,Boston College,2023-24,spring_exams_end,2024-05-14,,https://calendar.google.com/calendar/ical/bc.edu_s713lgtah4c7vkh0rgmct642gg%40group.calendar.google.com/public/basic.ics,Boston College Academic Calendar
164924,Boston College,2024-25,commencement,2025-05-19,,https://calendar.google.com/calendar/ical/bc.edu_s713lgtah4c7vkh0rgmct642gg%40group.calendar.google.com/public/basic.ics,Boston College Academic Calendar
164924,Boston College,2024-25,fall_classes_start,2024-08-26,,https://calendar.google.com/calendar/ical/bc.edu_s713lgtah4c7vkh0rgmct642gg%40group.calendar.google.com/public/basic.ics,Boston College Academic Calendar
164924,Boston College,2024-25,fall_exams_end,2024-12-19,,https://calendar.google.com/calendar/ical/bc.edu_s713lgtah4c7vkh0rgmct642gg%40group.calendar.google.com/public/basic.ics,Boston College Academic Calendar
164924,Boston College,2024-25,spring_break_end,2025-03-08,,https://calendar.google.com/calendar/ical/bc.edu_s713lgtah4c7vkh0rgmct642gg%40group.calendar.google.com/public/basic.ics,Boston College Academic Calendar
164924,Boston College,2024-25,spring_break_start,2025-03-03,,https://calendar.google.com/calendar/ical/bc.edu_s713lgtah4c7vkh0rgmct642gg%40group.calendar.google.com/public/basic.ics,Boston College Academic Calendar
164924,Boston College,2024-25,spring_classes_start,2025-01-13,,https://calendar.google.com/calendar/ical/bc.edu_s713lgtah4c7vkh0rgmct642gg%40group.calendar.google.com/public/basic.ics,Boston College Academic Calendar
164924,Boston College,2024-25,spring_exams_end,2025-05-13,,https://calendar.google.com/calendar/ical/bc.edu_s713lgtah4c7vkh0rgmct642gg%40group.calendar.google.com/public/basic.ics,Boston College Academic Calendar
164924,Boston College,2025-26,commencement,2026-05-18,,https://calendar.google.com/calendar/ical/bc.edu_s713lgtah4c7vkh0rgmct642gg%40group.calendar.google.com/public/basic.ics,Boston College Academic Calendar
164924,Boston College,2025-26,fall_classes_start,2025-08-25,,https://calendar.google.com/calendar/ical/bc.edu_s713lgtah4c7vkh0rgmct642gg%40group.calendar.google.com/public/basic.ics,Boston College Academic Calendar
164924,Boston College,2025-26,fall_exams_end,2025-12-18,,https://calendar.google.com/calendar/ical/bc.edu_s713lgtah4c7vkh0rgmct642gg%40group.calendar.google.com/public/basic.ics,Boston College Academic Calendar
164924,Boston College,2025-26,spring_break_end,2026-03-07,,https://calendar.google.com/calendar/ical/bc.edu_s713lgtah4c7vkh0rgmct642gg%40group.calendar.google.com/public/basic.ics,Boston College Academic Calendar
164924,Boston College,2025-26,spring_break_start,2026-03-02,,https://calendar.google.com/calendar/ical/bc.edu_s713lgtah4c7vkh0rgmct642gg%40group.calendar.google.com/public/basic.ics,Boston College Academic Calendar
164924,Boston College,2025-26,spring_classes_start,2026-01-12,,https://calendar.google.com/calendar/ical/bc.edu_s713lgtah4c7vkh0rgmct642gg%40group.calendar.google.com/public/basic.ics,Boston College Academic Calendar
164924,Boston College,2025-26,spring_exams_end,2026-05-12,,https://calendar.google.com/calendar/ical/bc.edu_s713lgtah4c7vkh0rgmct642gg%40group.calendar.google.com/public/basic.ics,Boston College Academic Calendar
164924,Boston College,2026-27,commencement,2027-05-24,,https://calendar.google.com/calendar/ical/bc.edu_s713lgtah4c7vkh0rgmct642gg%40group.calendar.google.com/public/basic.ics,Boston College Academic Calendar
164924,Boston College,2026-27,fall_classes_start,2026-08-31,,https://calendar.google.com/calendar/ical/bc.edu_s713lgtah4c7vkh0rgmct642gg%40group.calendar.google.com/public/basic.ics,Boston College Academic Calendar
164924,Boston College,2026-27,fall_exams_end,2026-12-21,,https://calendar.google.com/calendar/ical/bc.edu_s713lgtah4c7vkh0rgmct642gg%40group.calendar.google.com/public/basic.ics,Boston College Academic Calendar
164924,Boston College,2026-27,spring_break_end,2027-03-13,,https://calendar.google.com/calendar/ical/bc.edu_s713lgtah4c7vkh0rgmct642gg%40group.calendar.google.com/public/basic.ics,Boston College Academic Calendar
164924,Boston College,2026-27,spring_break_start,2027-03-08,,https://calendar.google.com/calendar/ical/bc.edu_s713lgtah4c7vkh0rgmct642gg%40group.calendar.google.com/public/basic.ics,Boston College Academic Calendar
164924,Boston College,2026-27,spring_classes_start,2027-01-19,,https://calendar.google.com/calendar/ical/bc.edu_s713lgtah4c7vkh0rgmct642gg%40group.calendar.google.com/public/basic.ics,Boston College Academic Calendar
164924,Boston College,2026-27,spring_exams_end,2027-05-18,,https://calendar.google.com/calendar/ical/bc.edu_s713lgtah4c7vkh0rgmct642gg%40group.calendar.google.com/public/basic.ics,Boston College Academic Calendar
164988,Boston University,2014-15,commencement,2015-05-17,Sunday,https://www.bu.edu/reg/files/2015/05/Academic-Calendar-2014-20151.pdf,Commencement Weekend May 15-17; last day recorded
164988,Boston University,2014-15,fall_classes_start,2014-09-02,Tuesday,https://www.bu.edu/reg/files/2015/05/Academic-Calendar-2014-20151.pdf,
164988,Boston University,2014-15,fall_exams_end,2014-12-19,Friday,https://www.bu.edu/reg/files/2015/05/Academic-Calendar-2014-20151.pdf,
164988,Boston University,2014-15,spring_break_end,2015-03-15,Sunday,https://www.bu.edu/reg/files/2015/05/Academic-Calendar-2014-20151.pdf,
164988,Boston University,2014-15,spring_break_start,2015-03-07,Saturday,https://www.bu.edu/reg/files/2015/05/Academic-Calendar-2014-20151.pdf,
164988,Boston University,2014-15,spring_classes_start,2015-01-20,Tuesday,https://www.bu.edu/reg/files/2015/05/Academic-Calendar-2014-20151.pdf,
164988,Boston University,2014-15,spring_exams_end,2015-05-09,Saturday,https://www.bu.edu/reg/files/2015/05/Academic-Calendar-2014-20151.pdf,
164988,Boston University,2015-16,commencement,2016-05-15,Sunday,https://www.bu.edu/reg/files/2015/07/Academic-calendar-2015-2016.pdf,Commencement Weekend May 13-15; last day recorded
164988,Boston University,2015-16,fall_classes_start,2015-09-02,Wednesday,https://www.bu.edu/reg/files/2015/07/Academic-calendar-2015-2016.pdf,
164988,Boston University,2015-16,fall_exams_end,2015-12-19,Saturday,https://www.bu.edu/reg/files/2015/07/Academic-calendar-2015-2016.pdf,
164988,Boston University,2015-16,spring_break_end,2016-03-13,Sunday,https://www.bu.edu/reg/files/2015/07/Academic-calendar-2015-2016.pdf,
164988,Boston University,2015-16,spring_break_start,2016-03-05,Saturday,https://www.bu.edu/reg/files/2015/07/Academic-calendar-2015-2016.pdf,
164988,Boston University,2015-16,spring_classes_start,2016-01-19,Tuesday,https://www.bu.edu/reg/files/2015/07/Academic-calendar-2015-2016.pdf,
164988,Boston University,2015-16,spring_exams_end,2016-05-07,Saturday,https://www.bu.edu/reg/files/2015/07/Academic-calendar-2015-2016.pdf,
164988,Boston University,2016-17,commencement,2017-05-21,Sunday,https://www.bu.edu/reg/files/2016/04/academic-calendar-16-17-printer.pdf,Commencement Weekend May 19-21; last day recorded
164988,Boston University,2016-17,fall_classes_start,2016-09-06,Tuesday,https://www.bu.edu/reg/files/2016/04/academic-calendar-16-17-printer.pdf,
164988,Boston University,2016-17,fall_exams_end,2016-12-21,Wednesday,https://www.bu.edu/reg/files/2016/04/academic-calendar-16-17-printer.pdf,
164988,Boston University,2016-17,spring_break_end,2017-03-12,Sunday,https://www.bu.edu/reg/files/2016/04/academic-calendar-16-17-printer.pdf,
164988,Boston University,2016-17,spring_break_start,2017-03-04,Saturday,https://www.bu.edu/reg/files/2016/04/academic-calendar-16-17-printer.pdf,
164988,Boston University,2016-17,spring_classes_start,2017-01-19,Thursday,https://www.bu.edu/reg/files/2016/04/academic-calendar-16-17-printer.pdf,
164988,Boston University,2016-17,spring_exams_end,2017-05-12,Friday,https://www.bu.edu/reg/files/2016/04/academic-calendar-16-17-printer.pdf,
164988,Boston University,2017-18,commencement,2018-05-20,Sunday,https://www.bu.edu/reg/files/2014/05/2017-2018-Academic-Calendar.pdf,Commencement Weekend May 18-20; last day recorded
164988,Boston University,2017-18,fall_classes_start,2017-09-05,Tuesday,https://www.bu.edu/reg/files/2014/05/2017-2018-Academic-Calendar.pdf,
164988,Boston University,2017-18,fall_exams_end,2017-12-21,Thursday,https://www.bu.edu/reg/files/2014/05/2017-2018-Academic-Calendar.pdf,
164988,Boston University,2017-18,spring_break_end,2018-03-11,Sunday,https://www.bu.edu/reg/files/2014/05/2017-2018-Academic-Calendar.pdf,
164988,Boston University,2017-18,spring_break_start,2018-03-03,Saturday,https://www.bu.edu/reg/files/2014/05/2017-2018-Academic-Calendar.pdf,
164988,Boston University,2017-18,spring_classes_start,2018-01-18,Thursday,https://www.bu.edu/reg/files/2014/05/2017-2018-Academic-Calendar.pdf,
164988,Boston University,2017-18,spring_exams_end,2018-05-11,Friday,https://www.bu.edu/reg/files/2014/05/2017-2018-Academic-Calendar.pdf,
164988,Boston University,2018-19,commencement,2019-05-19,Sunday,https://www.bu.edu/reg/files/2014/05/2018-2019-Academic-Calendar.pdf,Commencement Weekend May 17-19; last day recorded
164988,Boston University,2018-19,fall_classes_start,2018-09-04,Tuesday,https://www.bu.edu/reg/files/2014/05/2018-2019-Academic-Calendar.pdf,
164988,Boston University,2018-19,fall_exams_end,2018-12-21,Friday,https://www.bu.edu/reg/files/2014/05/2018-2019-Academic-Calendar.pdf,
164988,Boston University,2018-19,spring_break_end,2019-03-17,Sunday,https://www.bu.edu/reg/files/2014/05/2018-2019-Academic-Calendar.pdf,
164988,Boston University,2018-19,spring_break_start,2019-03-09,Saturday,https://www.bu.edu/reg/files/2014/05/2018-2019-Academic-Calendar.pdf,
164988,Boston University,2018-19,spring_classes_start,2019-01-22,Tuesday,https://www.bu.edu/reg/files/2014/05/2018-2019-Academic-Calendar.pdf,
164988,Boston University,2018-19,spring_exams_end,2019-05-11,Saturday,https://www.bu.edu/reg/files/2014/05/2018-2019-Academic-Calendar.pdf,
164988,Boston University,2019-20,commencement,2020-05-17,Sunday,https://www.bu.edu/reg/files/2015/06/academic-calendar-2019-2020.pdf,Scheduled date; in-person ceremony postponed (COVID-19)
164988,Boston University,2019-20,fall_classes_start,2019-09-03,Tuesday,https://www.bu.edu/reg/files/2015/06/academic-calendar-2019-2020.pdf,
164988,Boston University,2019-20,fall_exams_end,2019-12-20,Friday,https://www.bu.edu/reg/files/2015/06/academic-calendar-2019-2020.pdf,
164988,Boston University,2019-20,spring_break_end,2020-03-15,Sunday,https://www.bu.edu/reg/files/2015/06/academic-calendar-2019-2020.pdf,
164988,Boston University,2019-20,spring_break_start,2020-03-07,Saturday,https://www.bu.edu/reg/files/2015/06/academic-calendar-2019-2020.pdf,
164988,Boston University,2019-20,spring_classes_start,2020-01-21,Tuesday,https://www.bu.edu/reg/files/2015/06/academic-calendar-2019-2020.pdf,
164988,Boston University,2019-20,spring_exams_end,2020-05-09,Saturday,https://www.bu.edu/reg/files/2015/06/academic-calendar-2019-2020.pdf,Scheduled date; classes moved online from March 2020 (COVID-19)
164988,Boston University,2020-21,commencement,2021-05-16,Sunday,https://www.bu.edu/reg/files/2021/01/Academic-Calendar-2020-2021.pdf,Commencement Weekend May 13-16; last day recorded
164988,Boston University,2020-21,fall_classes_start,2020-09-02,Wednesday,https://www.bu.edu/reg/files/2021/01/Academic-Calendar-2020-2021.pdf,
164988,Boston University,2020-21,fall_exams_end,2020-12-19,Saturday,https://www.bu.edu/reg/files/2021/01/Academic-Calendar-2020-2021.pdf,
164988,Boston University,2020-21,spring_break_end,none,,https://www.bu.edu/articles/2020/bu-pushes-back-start-of-2021-spring-semester-cancels-spring-break/,Spring break cancelled (COVID-19)
164988,Boston University,2020-21,spring_break_start,none,,https://www.bu.edu/articles/2020/bu-pushes-back-start-of-2021-spring-semester-cancels-spring-break/,Spring break cancelled (COVID-19); replaced by two single wellness days
164988,Boston University,2020-21,spring_classes_start,2021-01-25,Monday,https://www.bu.edu/articles/2020/bu-pushes-back-start-of-2021-spring-semester-cancels-spring-break/,Start delayed one week (COVID-19)
164988,Boston University,2020-21,spring_exams_end,2021-05-08,Saturday,https://www.bu.edu/reg/files/2021/01/Academic-Calendar-2020-2021.pdf,
164988,Boston University,2021-22,commencement,2022-05-22,,https://www.bu.edu/reg/files/2020/03/Academic-Year-Calendar-2021-2022.pdf,Commencement Weekend May 19-22; last day recorded
164988,Boston University,2021-22,fall_classes_start,2021-09-02,Thursday,https://www.bu.edu/reg/files/2020/03/Academic-Year-Calendar-2021-2022.pdf,
164988,Boston University,2021-22,fall_exams_end,2021-12-18,,https://www.bu.edu/reg/files/2020/03/Academic-Year-Calendar-2021-2022.pdf,
164988,Boston University,2021-22,spring_break_end,2022-03-13,,https://www.bu.edu/reg/files/2020/03/Academic-Year-Calendar-2021-2022.pdf,
164988,Boston University,2021-22,spring_break_start,2022-03-05,,https://www.bu.edu/reg/files/2020/03/Academic-Year-Calendar-2021-2022.pdf,
164988,Boston University,2021-22,spring_classes_start,2022-01-20,,https://www.bu.edu/reg/files/2020/03/Academic-Year-Calendar-2021-2022.pdf,
164988,Boston University,2021-22,spring_exams_end,2022-05-13,,https://www.bu.edu/reg/files/2020/03/Academic-Year-Calendar-2021-2022.pdf,
164988,Boston University,2022-23,commencement,2023-05-21,,https://www.bu.edu/reg/files/2022/05/2022-2023-Academic-Calendar-Updated-5.3.22.pdf,Commencement Weekend May 17-21; last day recorded
164988,Boston University,2022-23,fall_classes_start,2022-09-06,,https://www.bu.edu/reg/files/2022/05/2022-2023-Academic-Calendar-Updated-5.3.22.pdf,
164988,Boston University,2022-23,fall_exams_end,2022-12-21,,https://www.bu.edu/reg/files/2022/05/2022-2023-Academic-Calendar-Updated-5.3.22.pdf,
164988,Boston University,2022-23,spring_break_end,2023-03-12,,https://www.bu.edu/reg/files/2022/05/2022-2023-Academic-Calendar-Updated-5.3.22.pdf,
164988,Boston University,2022-23,spring_break_start,2023-03-04,,https://www.bu.edu/reg/files/2022/05/2022-2023-Academic-Calendar-Updated-5.3.22.pdf,
164988,Boston University,2022-23,spring_classes_start,2023-01-19,,https://www.bu.edu/reg/files/2022/05/2022-2023-Academic-Calendar-Updated-5.3.22.pdf,
164988,Boston University,2022-23,spring_exams_end,2023-05-12,,https://www.bu.edu/reg/files/2022/05/2022-2023-Academic-Calendar-Updated-5.3.22.pdf,
164988,Boston University,2023-24,commencement,2024-05-19,,https://www.bu.edu/reg/calendars/,
164988,Boston University,2023-24,fall_classes_start,2023-09-05,,https://www.bu.edu/reg/calendars/,
164988,Boston University,2023-24,fall_exams_end,2023-12-21,,https://www.bu.edu/reg/calendars/,
164988,Boston University,2023-24,spring_break_end,2024-03-17,,https://www.bu.edu/reg/calendars/,
164988,Boston University,2023-24,spring_break_start,2024-03-09,,https://www.bu.edu/reg/calendars/,
164988,Boston University,2023-24,spring_classes_start,2024-01-18,,https://www.bu.edu/reg/calendars/,
164988,Boston University,2023-24,spring_exams_end,2024-05-10,,https://www.bu.edu/reg/calendars/,
164988,Boston University,2024-25,commencement,2025-05-18,,https://www.bu.edu/reg/calendars/,All-University Commencement
164988,Boston University,2024-25,fall_classes_start,2024-09-03,,https://www.bu.edu/reg/calendars/,
164988,Boston University,2024-25,fall_exams_end,2024-12-20,,https://www.bu.edu/reg/calendars/,
164988,Boston University,2024-25,spring_break_end,2025-03-16,,https://www.bu.edu/reg/calendars/,
164988,Boston University,2024-25,spring_break_start,2025-03-08,,https://www.bu.edu/reg/calendars/,
164988,Boston University,2024-25,spring_classes_start,2025-01-21,,https://www.bu.edu/reg/calendars/,
164988,Boston University,2024-25,spring_exams_end,2025-05-09,,https://www.bu.edu/reg/calendars/,
164988,Boston University,2025-26,commencement,2026-05-17,,https://www.bu.edu/reg/calendars/,Commencement celebrations May 14-17; last day recorded
164988,Boston University,2025-26,fall_classes_start,2025-09-02,,https://www.bu.edu/reg/calendars/,
164988,Boston University,2025-26,fall_exams_end,2025-12-19,,https://www.bu.edu/reg/calendars/final-exams/,
164988,Boston University,2025-26,spring_break_end,2026-03-15,,https://www.bu.edu/reg/calendars/,
164988,Boston University,2025-26,spring_break_start,2026-03-07,,https://www.bu.edu/reg/calendars/,
164988,Boston University,2025-26,spring_classes_start,2026-01-20,,https://www.bu.edu/reg/calendars/,
164988,Boston University,2025-26,spring_exams_end,2026-05-08,,https://www.bu.edu/reg/calendars/,
164988,Boston University,2026-27,commencement,2027-05-16,,https://www.bu.edu/reg/calendars/,Commencement celebrations May 13-16; last day recorded
164988,Boston University,2026-27,fall_classes_start,2026-09-02,,https://www.bu.edu/reg/calendars/,
164988,Boston University,2026-27,fall_exams_end,2026-12-18,,https://www.bu.edu/reg/calendars/final-exams/,
164988,Boston University,2026-27,spring_break_end,2027-03-14,,https://www.bu.edu/reg/calendars/,
164988,Boston University,2026-27,spring_break_start,2027-03-06,,https://www.bu.edu/reg/calendars/,
164988,Boston University,2026-27,spring_classes_start,2027-01-19,,https://www.bu.edu/reg/calendars/,
164988,Boston University,2026-27,spring_exams_end,2027-05-07,,https://www.bu.edu/reg/calendars/,
166027,Harvard University,2014-15,commencement,2015-05-28,Thursday,https://provost.harvard.edu/sites/g/files/omnuum12476/files/provost/files/calendar.pdf,
166027,Harvard University,2014-15,spring_break_end,2015-03-22,Sunday,https://provost.harvard.edu/sites/g/files/omnuum12476/files/provost/files/calendar.pdf,
166027,Harvard University,2014-15,spring_break_start,2015-03-14,Saturday,https://provost.harvard.edu/sites/g/files/omnuum12476/files/provost/files/calendar.pdf,
166027,Harvard University,2014-15,spring_classes_start,2015-01-26,Monday,https://provost.harvard.edu/sites/g/files/omnuum12476/files/provost/files/calendar.pdf,Harvard coordinated academic calendar
166027,Harvard University,2015-16,commencement,2016-05-26,Thursday,https://provost.harvard.edu/sites/g/files/omnuum12476/files/provost/files/calendar.pdf,
166027,Harvard University,2015-16,fall_classes_start,2015-09-02,Wednesday,https://provost.harvard.edu/sites/g/files/omnuum12476/files/provost/files/calendar.pdf,
166027,Harvard University,2015-16,spring_break_end,2016-03-20,Sunday,https://provost.harvard.edu/sites/g/files/omnuum12476/files/provost/files/calendar.pdf,
166027,Harvard University,2015-16,spring_break_start,2016-03-12,Saturday,https://provost.harvard.edu/sites/g/files/omnuum12476/files/provost/files/calendar.pdf,
166027,Harvard University,2015-16,spring_classes_start,2016-01-25,Monday,https://provost.harvard.edu/sites/g/files/omnuum12476/files/provost/files/calendar.pdf,
166027,Harvard University,2016-17,fall_classes_start,2016-08-31,Wednesday,https://www.thecrimson.com/article/2016/9/1/crowded-classrooms-shopping-period/,Harvard Crimson report: first day of shopping period
166027,Harvard University,2016-17,spring_classes_start,2017-01-23,Monday,https://www.thecrimson.com/article/2017/1/24/first-day-classes-2017/,Harvard Crimson report: students resumed classes Monday
166027,Harvard University,2017-18,fall_classes_start,2017-08-30,Wednesday,https://www.thecrimson.com/article/2017/8/31/first-day-classes/,Harvard Crimson report: first day of classes
166027,Harvard University,2017-18,spring_classes_start,2018-01-22,Monday,https://www.thecrimson.com/article/2018/1/23/first-day-classes-spring-2018/,Harvard Crimson report: first day of the semester
166027,Harvard University,2018-19,fall_classes_start,2018-09-04,Tuesday,https://www.thecrimson.com/article/2018/9/5/uneventful-semester-start/,Harvard Crimson report: first day of shopping week
166027,Harvard University,2018-19,spring_classes_start,2019-01-28,Monday,https://www.thecrimson.com/article/2019/1/29/first-day-classes-spring-2019/,Harvard Crimson report: first day of the spring semester
166027,Harvard University,2019-20,fall_classes_start,2019-09-03,Tuesday,https://www.thecrimson.com/article/2019/9/4/course-catalog-outage-first-day-of-classes/,Harvard Crimson report: first day of shopping week
166027,Harvard University,2019-20,spring_break_end,2020-03-22,Sunday,https://www.thecrimson.com/article/2020/3/11/harvard-coronavirus-classes-cancelled/,Harvard Crimson report: spring recess concludes on March 22; classes then moved online
166027,Harvard University,2019-20,spring_break_start,2020-03-14,Saturday,https://www.thecrimson.com/article/2020/3/11/harvard-coronavirus-classes-cancelled/,Harvard Crimson report: spring recess begins this Saturday and concludes on March 22
166027,Harvard University,2019-20,spring_classes_start,2020-01-27,Monday,https://www.thecrimson.com/article/2020/1/28/first-day-classes-2020/,Harvard Crimson report: first day of the spring semester
166027,Harvard University,2020-21,fall_classes_start,2020-09-02,,https://events.college.harvard.edu/live/json/events/start_date/2020-09-01/end_date/2020-10-01/,Harvard College calendar of events: Fall Full Term - First Day of Classes
166027,Harvard University,2020-21,fall_exams_end,2020-12-19,,https://events.college.harvard.edu/live/json/events/start_date/2020-12-01/end_date/2021-01-01/,"Harvard College calendar of events: Final examination period, last day listed"
166027,Harvard University,2020-21,spring_break_end,none,,https://www.thecrimson.com/article/2020/10/30/fas-spring-2020-wellness-days/,Harvard Crimson report: FAS replaced 2021 spring break with intermittent wellness days
166027,Harvard University,2020-21,spring_break_start,none,,https://www.thecrimson.com/article/2020/10/30/fas-spring-2020-wellness-days/,Harvard Crimson report: FAS replaced 2021 spring break with intermittent wellness days
166027,Harvard University,2020-21,spring_classes_start,2021-01-25,Monday,https://www.thecrimson.com/article/2021/1/26/remote-spring-first-day/,Harvard Crimson report: start of the spring semester (remote)
166027,Harvard University,2020-21,spring_exams_end,2021-05-15,,https://events.college.harvard.edu/live/json/events/start_date/2021-05-01/end_date/2021-06-01/,"Harvard College calendar of events: Final Examination Period, last day listed"
166027,Harvard University,2021-22,commencement,2022-05-26,,https://events.college.harvard.edu/live/json/events/start_date/2022-05-01/end_date/2022-06-01/,Harvard College calendar of events: Commencement
166027,Harvard University,2021-22,fall_classes_start,2021-09-01,,https://events.college.harvard.edu/live/json/events/start_date/2021-09-01/end_date/2021-10-01/,Harvard College calendar of events: Fall Full Term begins
166027,Harvard University,2021-22,fall_exams_end,2021-12-18,,https://events.college.harvard.edu/live/json/events/start_date/2021-12-01/end_date/2022-01-01/,"Harvard College calendar of events: Final Examination Period, last day listed"
166027,Harvard University,2021-22,spring_break_end,2022-03-20,,https://events.college.harvard.edu/live/json/events/start_date/2022-03-01/end_date/2022-04-01/,"Harvard College calendar of events: Spring Recess, last day listed"
166027,Harvard University,2021-22,spring_break_start,2022-03-12,,https://events.college.harvard.edu/live/json/events/start_date/2022-03-01/end_date/2022-04-01/,"Harvard College calendar of events: Spring Recess, first day listed"
166027,Harvard University,2021-22,spring_classes_start,2022-01-24,,https://www.thecrimson.com/article/2022/1/5/spring-semester-2022-announcement/,Harvard Crimson report: classes are scheduled to begin on Jan. 24
166027,Harvard University,2021-22,spring_exams_end,2022-05-14,,https://events.college.harvard.edu/live/json/events/start_date/2022-05-01/end_date/2022-06-01/,"Harvard College calendar of events: Final Examination Period, last day listed"
166027,Harvard University,2022-23,commencement,2023-05-25,,https://events.college.harvard.edu/live/json/events/start_date/2023-05-01/end_date/2023-06-01/,Harvard College calendar of events: Commencement
166027,Harvard University,2022-23,fall_classes_start,2022-08-31,,https://events.college.harvard.edu/live/json/events/start_date/2022-08-01/end_date/2022-09-01/,Harvard College calendar of events: Fall Full Term begins
166027,Harvard University,2022-23,fall_exams_end,2022-12-17,,https://events.college.harvard.edu/live/json/events/start_date/2022-12-01/end_date/2023-01-01/,Harvard College calendar of events: Final Examination Period. 12/8 - 12/17
166027,Harvard University,2022-23,spring_break_end,2023-03-19,,https://events.college.harvard.edu/live/json/events/start_date/2023-03-01/end_date/2023-04-01/,Harvard College calendar of events: Spring Recess. 3/11 - 3/19
166027,Harvard University,2022-23,spring_break_start,2023-03-11,,https://events.college.harvard.edu/live/json/events/start_date/2023-03-01/end_date/2023-04-01/,Harvard College calendar of events: Spring Recess. 3/11 - 3/19
166027,Harvard University,2022-23,spring_exams_end,2023-05-13,,https://events.college.harvard.edu/live/json/events/start_date/2023-05-01/end_date/2023-06-01/,Harvard College calendar of events: Final Examination Period. 5/4 - 5/13
166027,Harvard University,2023-24,commencement,2024-05-23,,https://events.college.harvard.edu/live/json/events/start_date/2024-05-01/end_date/2024-06-01/,Harvard College calendar of events: Commencement
166027,Harvard University,2023-24,fall_classes_start,2023-09-05,,https://events.college.harvard.edu/live/json/events/start_date/2023-09-01/end_date/2023-10-01/,Harvard College calendar of events: Fall Full Term begins
166027,Harvard University,2023-24,fall_exams_end,2023-12-20,,https://registrar.fas.harvard.edu/calendars,Final examination period December 11-20
166027,Harvard University,2023-24,spring_break_end,2024-03-17,,https://events.college.harvard.edu/live/json/events/start_date/2024-03-01/end_date/2024-04-01/,Harvard College calendar of events: Spring Recess (3/9/2024 - 3/17/2024)
166027,Harvard University,2023-24,spring_break_start,2024-03-09,,https://events.college.harvard.edu/live/json/events/start_date/2024-03-01/end_date/2024-04-01/,Harvard College calendar of events: Spring Recess (3/9/2024 - 3/17/2024)
166027,Harvard University,2023-24,spring_classes_start,2024-01-22,Monday,https://www.thecrimson.com/flyby/article/2024/1/23/overheard-fdoc-spring-2024/,"Harvard Crimson report: first day of class, Monday"
166027,Harvard University,2023-24,spring_exams_end,2024-05-11,,https://events.college.harvard.edu/live/json/events/start_date/2024-05-01/end_date/2024-06-01/,Harvard College calendar of events: Final Examination Period. (5/2/2024 - 5/11/2024)
166027,Harvard University,2024-25,commencement,2025-05-29,Thursday,https://infoforfaculty24-25.fas.harvard.edu/book/academic-calendar,
166027,Harvard University,2024-25,fall_classes_start,2024-09-03,Tuesday,https://infoforfaculty24-25.fas.harvard.edu/book/academic-calendar,
166027,Harvard University,2024-25,fall_exams_end,2024-12-20,,https://infoforfaculty24-25.fas.harvard.edu/book/academic-calendar,Final examination period December 11-20
166027,Harvard University,2024-25,spring_break_end,2025-03-23,,https://infoforfaculty24-25.fas.harvard.edu/book/academic-calendar,
166027,Harvard University,2024-25,spring_break_start,2025-03-15,,https://infoforfaculty24-25.fas.harvard.edu/book/academic-calendar,
166027,Harvard University,2024-25,spring_classes_start,2025-01-27,Monday,https://infoforfaculty24-25.fas.harvard.edu/book/academic-calendar,
166027,Harvard University,2024-25,spring_exams_end,2025-05-17,Saturday,https://infoforfaculty24-25.fas.harvard.edu/book/academic-calendar,
166027,Harvard University,2025-26,commencement,2026-05-28,Thursday,https://infoforfaculty.fas.harvard.edu/book/academic-calendar,
166027,Harvard University,2025-26,fall_classes_start,2025-09-02,Tuesday,https://infoforfaculty.fas.harvard.edu/book/academic-calendar,
166027,Harvard University,2025-26,fall_exams_end,2025-12-19,Friday,https://infoforfaculty.fas.harvard.edu/book/academic-calendar,
166027,Harvard University,2025-26,spring_break_end,2026-03-22,Sunday,https://oue.fas.harvard.edu/calendar_event/spring-recess-3-14-2026-3-22-2026/,
166027,Harvard University,2025-26,spring_break_start,2026-03-14,Saturday,https://oue.fas.harvard.edu/calendar_event/spring-recess-3-14-2026-3-22-2026/,
166027,Harvard University,2025-26,spring_classes_start,2026-01-26,Monday,https://infoforfaculty.fas.harvard.edu/book/academic-calendar,
166027,Harvard University,2025-26,spring_exams_end,2026-05-16,Saturday,https://infoforfaculty.fas.harvard.edu/book/academic-calendar,
166027,Harvard University,2026-27,commencement,2027-05-27,Thursday,https://registrar.fas.harvard.edu/news/2026/07/2026-2027-academic-calendar-now-available,
166027,Harvard University,2026-27,fall_classes_start,2026-09-02,Wednesday,https://registrar.fas.harvard.edu/news/2026/07/2026-2027-academic-calendar-now-available,
166027,Harvard University,2026-27,fall_exams_end,2026-12-19,Saturday,https://registrar.fas.harvard.edu/news/2026/07/2026-2027-academic-calendar-now-available,
166027,Harvard University,2026-27,spring_break_end,2027-03-21,Sunday,https://registrar.fas.harvard.edu/news/2026/07/2026-2027-academic-calendar-now-available,
166027,Harvard University,2026-27,spring_break_start,2027-03-13,Saturday,https://registrar.fas.harvard.edu/news/2026/07/2026-2027-academic-calendar-now-available,
166027,Harvard University,2026-27,spring_classes_start,2027-01-25,Monday,https://registrar.fas.harvard.edu/news/2026/07/2026-2027-academic-calendar-now-available,
166027,Harvard University,2026-27,spring_exams_end,2027-05-15,Saturday,https://registrar.fas.harvard.edu/news/2026/07/2026-2027-academic-calendar-now-available,
166683,Massachusetts Institute of Technology,2015-16,commencement,2016-06-03,,https://catalog.mit.edu/archive/2015-2016/academic-calendar/,Last day recorded
166683,Massachusetts Institute of Technology,2015-16,fall_classes_start,2015-09-09,Wednesday,https://catalog.mit.edu/archive/2015-2016/academic-calendar/,
166683,Massachusetts Institute of Technology,2015-16,fall_exams_end,2015-12-18,,https://catalog.mit.edu/archive/2015-2016/academic-calendar/,Last day of final exam period
166683,Massachusetts Institute of Technology,2015-16,spring_break_end,2016-03-25,,https://catalog.mit.edu/archive/2015-2016/academic-calendar/,
166683,Massachusetts Institute of Technology,2015-16,spring_break_start,2016-03-21,,https://catalog.mit.edu/archive/2015-2016/academic-calendar/,
166683,Massachusetts Institute of Technology,2015-16,spring_classes_start,2016-02-02,Tuesday,https://catalog.mit.edu/archive/2015-2016/academic-calendar/,
166683,Massachusetts Institute of Technology,2015-16,spring_exams_end,2016-05-20,,https://catalog.mit.edu/archive/2015-2016/academic-calendar/,Last day of final exam period
166683,Massachusetts Institute of Technology,2016-17,commencement,2017-06-09,,https://catalog.mit.edu/archive/2016-2017/academic-calendar/,Last day recorded
166683,Massachusetts Institute of Technology,2016-17,fall_classes_start,2016-09-07,Wednesday,https://catalog.mit.edu/archive/2016-2017/academic-calendar/,
166683,Massachusetts Institute of Technology,2016-17,fall_exams_end,2016-12-22,,https://catalog.mit.edu/archive/2016-2017/academic-calendar/,Last day of final exam period
166683,Massachusetts Institute of Technology,2016-17,spring_break_end,2017-03-31,,https://catalog.mit.edu/archive/2016-2017/academic-calendar/,
166683,Massachusetts Institute of Technology,2016-17,spring_break_start,2017-03-27,,https://catalog.mit.edu/archive/2016-2017/academic-calendar/,
166683,Massachusetts Institute of Technology,2016-17,spring_classes_start,2017-02-07,Tuesday,https://catalog.mit.edu/archive/2016-2017/academic-calendar/,
166683,Massachusetts Institute of Technology,2016-17,spring_exams_end,2017-05-26,,https://catalog.mit.edu/archive/2016-2017/academic-calendar/,Last day of final exam period
166683,Massachusetts Institute of Technology,2017-18,commencement,2018-06-08,,https://catalog.mit.edu/archive/2017-2018/academic-calendar/,Last day recorded
166683,Massachusetts Institute of Technology,2017-18,fall_classes_start,2017-09-06,Wednesday,https://catalog.mit.edu/archive/2017-2018/academic-calendar/,
166683,Massachusetts Institute of Technology,2017-18,fall_exams_end,2017-12-22,,https://catalog.mit.edu/archive/2017-2018/academic-calendar/,Last day of final exam period
166683,Massachusetts Institute of Technology,2017-18,spring_break_end,2018-03-30,,https://catalog.mit.edu/archive/2017-2018/academic-calendar/,
166683,Massachusetts Institute of Technology,2017-18,spring_break_start,2018-03-26,,https://catalog.mit.edu/archive/2017-2018/academic-calendar/,
166683,Massachusetts Institute of Technology,2017-18,spring_classes_start,2018-02-06,Tuesday,https://catalog.mit.edu/archive/2017-2018/academic-calendar/,
166683,Massachusetts Institute of Technology,2017-18,spring_exams_end,2018-05-25,,https://catalog.mit.edu/archive/2017-2018/academic-calendar/,Last day of final exam period
166683,Massachusetts Institute of Technology,2018-19,commencement,2019-06-07,,https://catalog.mit.edu/archive/2018-2019/academic-calendar/,Last day recorded
166683,Massachusetts Institute of Technology,2018-19,fall_classes_start,2018-09-05,Wednesday,https://catalog.mit.edu/archive/2018-2019/academic-calendar/,
166683,Massachusetts Institute of Technology,2018-19,fall_exams_end,2018-12-21,,https://catalog.mit.edu/archive/2018-2019/academic-calendar/,Last day of final exam period
166683,Massachusetts Institute of Technology,2018-19,spring_break_end,2019-03-29,,https://catalog.mit.edu/archive/2018-2019/academic-calendar/,
166683,Massachusetts Institute of Technology,2018-19,spring_break_start,2019-03-25,,https://catalog.mit.edu/archive/2018-2019/academic-calendar/,
166683,Massachusetts Institute of Technology,2018-19,spring_classes_start,2019-02-05,Tuesday,https://catalog.mit.edu/archive/2018-2019/academic-calendar/,
166683,Massachusetts Institute of Technology,2018-19,spring_exams_end,2019-05-24,,https://catalog.mit.edu/archive/2018-2019/academic-calendar/,Last day of final exam period
166683,Massachusetts Institute of Technology,2019-20,commencement,2020-05-29,,https://catalog.mit.edu/archive/2019-2020/academic-calendar/,Last day recorded
166683,Massachusetts Institute of Technology,2019-20,fall_classes_start,2019-09-04,Wednesday,https://catalog.mit.edu/archive/2019-2020/academic-calendar/,
166683,Massachusetts Institute of Technology,2019-20,fall_exams_end,2019-12-20,,https://catalog.mit.edu/archive/2019-2020/academic-calendar/,Last day of final exam period
166683,Massachusetts Institute of Technology,2019-20,spring_break_end,2020-03-27,,https://catalog.mit.edu/archive/2019-2020/academic-calendar/,
166683,Massachusetts Institute of Technology,2019-20,spring_break_start,2020-03-23,,https://catalog.mit.edu/archive/2019-2020/academic-calendar/,
166683,Massachusetts Institute of Technology,2019-20,spring_classes_start,2020-02-03,Monday,https://catalog.mit.edu/archive/2019-2020/academic-calendar/,
166683,Massachusetts Institute of Technology,2019-20,spring_exams_end,2020-05-20,,https://catalog.mit.edu/archive/2019-2020/academic-calendar/,Last day of final exam period
166683,Massachusetts Institute of Technology,2020-21,commencement,2021-06-04,,https://catalog.mit.edu/archive/2020-2021/academic-calendar/,Last day recorded
166683,Massachusetts Institute of Technology,2020-21,fall_classes_start,2020-09-01,Tuesday,https://catalog.mit.edu/archive/2020-2021/academic-calendar/,
166683,Massachusetts Institute of Technology,2020-21,fall_exams_end,2020-12-18,,https://catalog.mit.edu/archive/2020-2021/academic-calendar/,Last day of final exam period
166683,Massachusetts Institute of Technology,2020-21,spring_break_end,none,,https://catalog.mit.edu/archive/2020-2021/academic-calendar/,No spring break in spring 2021 (COVID-19)
166683,Massachusetts Institute of Technology,2020-21,spring_break_start,none,,https://catalog.mit.edu/archive/2020-2021/academic-calendar/,No spring break in spring 2021 (COVID-19); single student holidays instead
166683,Massachusetts Institute of Technology,2020-21,spring_classes_start,2021-02-16,Tuesday,https://catalog.mit.edu/archive/2020-2021/academic-calendar/,
166683,Massachusetts Institute of Technology,2020-21,spring_exams_end,2021-05-27,,https://catalog.mit.edu/archive/2020-2021/academic-calendar/,Last day of final exam period
166683,Massachusetts Institute of Technology,2021-22,commencement,2022-05-27,,https://catalog.mit.edu/archive/2021-2022/academic-calendar/,Last day recorded
166683,Massachusetts Institute of Technology,2021-22,fall_classes_start,2021-09-08,Wednesday,https://catalog.mit.edu/archive/2021-2022/academic-calendar/,
166683,Massachusetts Institute of Technology,2021-22,fall_exams_end,2021-12-17,,https://catalog.mit.edu/archive/2021-2022/academic-calendar/,Last day of final exam period
166683,Massachusetts Institute of Technology,2021-22,spring_break_end,2022-03-25,,https://catalog.mit.edu/archive/2021-2022/academic-calendar/,
166683,Massachusetts Institute of Technology,2021-22,spring_break_start,2022-03-21,,https://catalog.mit.edu/archive/2021-2022/academic-calendar/,
166683,Massachusetts Institute of Technology,2021-22,spring_classes_start,2022-01-31,Monday,https://catalog.mit.edu/archive/2021-2022/academic-calendar/,
166683,Massachusetts Institute of Technology,2021-22,spring_exams_end,2022-05-18,,https://catalog.mit.edu/archive/2021-2022/academic-calendar/,Last day of final exam period
166683,Massachusetts Institute of Technology,2022-23,commencement,2023-06-02,,https://catalog.mit.edu/archive/2022-2023/academic-calendar/,Last day recorded
166683,Massachusetts Institute of Technology,2022-23,fall_classes_start,2022-09-07,Wednesday,https://catalog.mit.edu/archive/2022-2023/academic-calendar/,
166683,Massachusetts Institute of Technology,2022-23,fall_exams_end,2022-12-22,,https://catalog.mit.edu/archive/2022-2023/academic-calendar/,Last day of final exam period
166683,Massachusetts Institute of Technology,2022-23,spring_break_end,2023-03-31,,https://catalog.mit.edu/archive/2022-2023/academic-calendar/,
166683,Massachusetts Institute of Technology,2022-23,spring_break_start,2023-03-27,,https://catalog.mit.edu/archive/2022-2023/academic-calendar/,
166683,Massachusetts Institute of Technology,2022-23,spring_classes_start,2023-02-06,Monday,https://catalog.mit.edu/archive/2022-2023/academic-calendar/,
166683,Massachusetts Institute of Technology,2022-23,spring_exams_end,2023-05-24,,https://catalog.mit.edu/archive/2022-2023/academic-calendar/,Last day of final exam period
166683,Massachusetts Institute of Technology,2023-24,commencement,2024-05-31,,https://catalog.mit.edu/archive/2023-2024/academic-calendar/,Last day recorded
166683,Massachusetts Institute of Technology,2023-24,fall_classes_start,2023-09-06,Wednesday,https://catalog.mit.edu/archive/2023-2024/academic-calendar/,
166683,Massachusetts Institute of Technology,2023-24,fall_exams_end,2023-12-22,,https://catalog.mit.edu/archive/2023-2024/academic-calendar/,Last day of final exam period
166683,Massachusetts Institute of Technology,2023-24,spring_break_end,2024-03-29,,https://catalog.mit.edu/archive/2023-2024/academic-calendar/,
166683,Massachusetts Institute of Technology,2023-24,spring_break_start,2024-03-25,,https://catalog.mit.edu/archive/2023-2024/academic-calendar/,
166683,Massachusetts Institute of Technology,2023-24,spring_classes_start,2024-02-05,Monday,https://catalog.mit.edu/archive/2023-2024/academic-calendar/,
166683,Massachusetts Institute of Technology,2023-24,spring_exams_end,2024-05-22,,https://catalog.mit.edu/archive/2023-2024/academic-calendar/,Last day of final exam period
166683,Massachusetts Institute of Technology,2024-25,commencement,2025-05-30,,https://catalog.mit.edu/archive/2024-2025/academic-calendar/,Last day recorded
166683,Massachusetts Institute of Technology,2024-25,fall_classes_start,2024-09-04,Wednesday,https://catalog.mit.edu/archive/2024-2025/academic-calendar/,
166683,Massachusetts Institute of Technology,2024-25,fall_exams_end,2024-12-20,,https://catalog.mit.edu/archive/2024-2025/academic-calendar/,Last day of final exam period
166683,Massachusetts Institute of Technology,2024-25,spring_break_end,2025-03-28,,https://catalog.mit.edu/archive/2024-2025/academic-calendar/,
166683,Massachusetts Institute of Technology,2024-25,spring_break_start,2025-03-24,,https://catalog.mit.edu/archive/2024-2025/academic-calendar/,
166683,Massachusetts Institute of Technology,2024-25,spring_classes_start,2025-02-03,Monday,https://catalog.mit.edu/archive/2024-2025/academic-calendar/,
166683,Massachusetts Institute of Technology,2024-25,spring_exams_end,2025-05-21,,https://catalog.mit.edu/archive/2024-2025/academic-calendar/,Last day of final exam period
166683,Massachusetts Institute of Technology,2025-26,commencement,2026-05-29,Friday,https://registrar.mit.edu/calendar,Commencement activities May 27-29; last day recorded
166683,Massachusetts Institute of Technology,2025-26,fall_classes_start,2025-09-03,Wednesday,https://registrar.mit.edu/sites/default/files/2025-07/Key_catalog_and_schedule_dates_2025-2026.pdf,
166683,Massachusetts Institute of Technology,2025-26,fall_exams_end,2025-12-19,Friday,https://registrar.mit.edu/sites/default/files/2025-07/Key_catalog_and_schedule_dates_2025-2026.pdf,Final exam period December 15-19
166683,Massachusetts Institute of Technology,2025-26,spring_break_end,2026-03-27,Friday,https://registrar.mit.edu/sites/default/files/2025-07/Key_catalog_and_schedule_dates_2025-2026.pdf,Spring vacation
166683,Massachusetts Institute of Technology,2025-26,spring_break_start,2026-03-23,Monday,https://registrar.mit.edu/sites/default/files/2025-07/Key_catalog_and_schedule_dates_2025-2026.pdf,Spring vacation
166683,Massachusetts Institute of Technology,2025-26,spring_classes_start,2026-02-02,Monday,https://registrar.mit.edu/sites/default/files/2025-07/Key_catalog_and_schedule_dates_2025-2026.pdf,After the January Independent Activities Period
166683,Massachusetts Institute of Technology,2026-27,commencement,2027-05-28,,https://registrar.mit.edu/calendar,Commencement activities May 26-28; last day recorded
166683,Massachusetts Institute of Technology,2026-27,fall_classes_start,2026-09-09,Wednesday,https://catalog.mit.edu/academic-calendar/,
166683,Massachusetts Institute of Technology,2026-27,fall_exams_end,2026-12-18,Friday,https://catalog.mit.edu/academic-calendar/,Final exam period December 14-18
166683,Massachusetts Institute of Technology,2026-27,spring_break_end,2027-03-26,,https://registrar.mit.edu/calendar,Spring break
166683,Massachusetts Institute of Technology,2026-27,spring_break_start,2027-03-22,,https://registrar.mit.edu/calendar,Spring break
166683,Massachusetts Institute of Technology,2026-27,spring_classes_start,2027-02-01,,https://registrar.mit.edu/calendar,After the January Independent Activities Period
166683,Massachusetts Institute of Technology,2026-27,spring_exams_end,2027-05-19,,https://registrar.mit.edu/calendar,Final exam period May 14-19
167358,Northeastern University,2014-15,commencement,2015-05-08,Friday,https://registrar.northeastern.edu/wp-content/uploads/sites/9/cal1415-ugd-exp-s.pdf,
167358,Northeastern University,2014-15,fall_classes_start,2014-09-03,Wednesday,https://registrar.northeastern.edu/wp-content/uploads/sites/9/cal1415-ugd-exp-s.pdf,
167358,Northeastern University,2014-15,fall_exams_end,2014-12-12,Friday,https://registrar.northeastern.edu/wp-content/uploads/sites/9/cal1415-ugd-exp-s.pdf,
167358,Northeastern University,2014-15,spring_break_end,2015-03-15,,https://registrar.northeastern.edu/wp-content/uploads/sites/9/cal1415-ugd-exp-s.pdf,Classes resume 2015-03-16
167358,Northeastern University,2014-15,spring_break_start,2015-03-07,Saturday,https://registrar.northeastern.edu/wp-content/uploads/sites/9/cal1415-ugd-exp-s.pdf,
167358,Northeastern University,2014-15,spring_classes_start,2015-01-12,Monday,https://registrar.northeastern.edu/wp-content/uploads/sites/9/cal1415-ugd-exp-s.pdf,
167358,Northeastern University,2014-15,spring_exams_end,2015-05-01,Friday,https://registrar.northeastern.edu/wp-content/uploads/sites/9/cal1415-ugd-exp-s.pdf,
167358,Northeastern University,2015-16,commencement,2016-05-06,Friday,https://registrar.northeastern.edu/wp-content/uploads/sites/9/cal1516-ugd-exp-s.pdf,
167358,Northeastern University,2015-16,fall_classes_start,2015-09-09,Wednesday,https://registrar.northeastern.edu/wp-content/uploads/sites/9/cal1516-ugd-exp-s.pdf,
167358,Northeastern University,2015-16,fall_exams_end,2015-12-18,Friday,https://registrar.northeastern.edu/wp-content/uploads/sites/9/cal1516-ugd-exp-s.pdf,
167358,Northeastern University,2015-16,spring_break_end,2016-03-13,,https://registrar.northeastern.edu/wp-content/uploads/sites/9/cal1516-ugd-exp-s.pdf,Classes resume 2016-03-14
167358,Northeastern University,2015-16,spring_break_start,2016-03-05,Saturday,https://registrar.northeastern.edu/wp-content/uploads/sites/9/cal1516-ugd-exp-s.pdf,
167358,Northeastern University,2015-16,spring_classes_start,2016-01-11,Monday,https://registrar.northeastern.edu/wp-content/uploads/sites/9/cal1516-ugd-exp-s.pdf,
167358,Northeastern University,2015-16,spring_exams_end,2016-04-29,Friday,https://registrar.northeastern.edu/wp-content/uploads/sites/9/cal1516-ugd-exp-s.pdf,
167358,Northeastern University,2016-17,commencement,2017-05-05,Friday,https://registrar.northeastern.edu/wp-content/uploads/sites/9/cal1617-ugd-exp-s.pdf,
167358,Northeastern University,2016-17,fall_classes_start,2016-09-07,Wednesday,https://registrar.northeastern.edu/wp-content/uploads/sites/9/cal1617-ugd-exp-s.pdf,
167358,Northeastern University,2016-17,fall_exams_end,2016-12-16,Friday,https://registrar.northeastern.edu/wp-content/uploads/sites/9/cal1617-ugd-exp-s.pdf,
167358,Northeastern University,2016-17,spring_break_end,2017-03-12,,https://registrar.northeastern.edu/wp-content/uploads/sites/9/cal1617-ugd-exp-s.pdf,Classes resume 2017-03-13
167358,Northeastern University,2016-17,spring_break_start,2017-03-04,Saturday,https://registrar.northeastern.edu/wp-content/uploads/sites/9/cal1617-ugd-exp-s.pdf,
167358,Northeastern University,2016-17,spring_classes_start,2017-01-09,Monday,https://registrar.northeastern.edu/wp-content/uploads/sites/9/cal1617-ugd-exp-s.pdf,
167358,Northeastern University,2016-17,spring_exams_end,2017-04-28,Friday,https://registrar.northeastern.edu/wp-content/uploads/sites/9/cal1617-ugd-exp-s.pdf,
167358,Northeastern University,2017-18,commencement,2018-05-04,Friday,https://registrar.northeastern.edu/wp-content/uploads/sites/9/2017-2018-UG-Expanded-Calendar-List.pdf,
167358,Northeastern University,2017-18,fall_classes_start,2017-09-06,Wednesday,https://registrar.northeastern.edu/wp-content/uploads/sites/9/2017-2018-UG-Expanded-Calendar-List.pdf,
167358,Northeastern University,2017-18,fall_exams_end,2017-12-15,Friday,https://registrar.northeastern.edu/wp-content/uploads/sites/9/2017-2018-UG-Expanded-Calendar-List.pdf,
167358,Northeastern University,2017-18,spring_break_end,2018-03-11,,https://registrar.northeastern.edu/wp-content/uploads/sites/9/2017-2018-UG-Expanded-Calendar-List.pdf,Classes resume 2018-03-12
167358,Northeastern University,2017-18,spring_break_start,2018-03-03,Saturday,https://registrar.northeastern.edu/wp-content/uploads/sites/9/2017-2018-UG-Expanded-Calendar-List.pdf,
167358,Northeastern University,2017-18,spring_classes_start,2018-01-08,Monday,https://registrar.northeastern.edu/wp-content/uploads/sites/9/2017-2018-UG-Expanded-Calendar-List.pdf,
167358,Northeastern University,2017-18,spring_exams_end,2018-04-27,Friday,https://registrar.northeastern.edu/wp-content/uploads/sites/9/2017-2018-UG-Expanded-Calendar-List.pdf,
167358,Northeastern University,2018-19,commencement,2019-05-03,,https://registrar.northeastern.edu/wp-content/uploads/sites/9/2018-2019-UG-Expanded-Calendar-List.pdf,
167358,Northeastern University,2018-19,fall_classes_start,2018-09-05,,https://registrar.northeastern.edu/wp-content/uploads/sites/9/2018-2019-UG-Expanded-Calendar-List.pdf,
167358,Northeastern University,2018-19,fall_exams_end,2018-12-14,,https://registrar.northeastern.edu/wp-content/uploads/sites/9/2018-2019-UG-Expanded-Calendar-List.pdf,
167358,Northeastern University,2018-19,spring_break_end,2019-03-10,,https://registrar.northeastern.edu/wp-content/uploads/sites/9/2018-2019-UG-Expanded-Calendar-List.pdf,Classes resume 2019-03-11
167358,Northeastern University,2018-19,spring_break_start,2019-03-02,,https://registrar.northeastern.edu/wp-content/uploads/sites/9/2018-2019-UG-Expanded-Calendar-List.pdf,
167358,Northeastern University,2018-19,spring_classes_start,2019-01-07,,https://registrar.northeastern.edu/wp-content/uploads/sites/9/2018-2019-UG-Expanded-Calendar-List.pdf,
167358,Northeastern University,2018-19,spring_exams_end,2019-04-26,,https://registrar.northeastern.edu/wp-content/uploads/sites/9/2018-2019-UG-Expanded-Calendar-List.pdf,
167358,Northeastern University,2019-20,commencement,2020-05-01,,https://registrar.northeastern.edu/wp-content/uploads/sites/9/2019-2020-UG-Expanded-Calendar-List.pdf,
167358,Northeastern University,2019-20,fall_classes_start,2019-09-04,,https://registrar.northeastern.edu/wp-content/uploads/sites/9/2019-2020-UG-Expanded-Calendar-List.pdf,
167358,Northeastern University,2019-20,fall_exams_end,2019-12-13,,https://registrar.northeastern.edu/wp-content/uploads/sites/9/2019-2020-UG-Expanded-Calendar-List.pdf,
167358,Northeastern University,2019-20,spring_break_end,2020-03-08,,https://registrar.northeastern.edu/wp-content/uploads/sites/9/2019-2020-UG-Expanded-Calendar-List.pdf,Classes resume 2020-03-09
167358,Northeastern University,2019-20,spring_break_start,2020-02-29,,https://registrar.northeastern.edu/wp-content/uploads/sites/9/2019-2020-UG-Expanded-Calendar-List.pdf,
167358,Northeastern University,2019-20,spring_classes_start,2020-01-06,,https://registrar.northeastern.edu/wp-content/uploads/sites/9/2019-2020-UG-Expanded-Calendar-List.pdf,
167358,Northeastern University,2019-20,spring_exams_end,2020-04-24,,https://registrar.northeastern.edu/wp-content/uploads/sites/9/2019-2020-UG-Expanded-Calendar-List.pdf,
167358,Northeastern University,2020-21,fall_classes_start,2020-09-09,,https://registrar.northeastern.edu/wp-content/uploads/sites/9/2020-2021-UG-Expanded-Calendar-List.pdf,
167358,Northeastern University,2020-21,fall_exams_end,2020-12-18,,https://registrar.northeastern.edu/wp-content/uploads/sites/9/2020-2021-UG-Expanded-Calendar-List.pdf,
167358,Northeastern University,2020-21,spring_break_end,none,,https://registrar.northeastern.edu/wp-content/uploads/sites/9/2020-2021-UG-Expanded-Calendar-List.pdf,No spring break in spring 2021 (COVID-19)
167358,Northeastern University,2020-21,spring_break_start,none,,https://registrar.northeastern.edu/wp-content/uploads/sites/9/2020-2021-UG-Expanded-Calendar-List.pdf,No spring break in spring 2021 (COVID-19); single Care Days instead
167358,Northeastern University,2020-21,spring_classes_start,2021-01-19,,https://registrar.northeastern.edu/wp-content/uploads/sites/9/2020-2021-UG-Expanded-Calendar-List.pdf,
167358,Northeastern University,2020-21,spring_exams_end,2021-04-30,,https://registrar.northeastern.edu/wp-content/uploads/sites/9/2020-2021-UG-Expanded-Calendar-List.pdf,
167358,Northeastern University,2021-22,commencement,2022-05-13,,https://registrar.northeastern.edu/wp-content/uploads/sites/9/2021-2022-UG-Expanded-Calendar-List.pdf,
167358,Northeastern University,2021-22,fall_classes_start,2021-09-08,,https://registrar.northeastern.edu/wp-content/uploads/sites/9/2021-2022-UG-Expanded-Calendar-List.pdf,
167358,Northeastern University,2021-22,fall_exams_end,2021-12-17,,https://registrar.northeastern.edu/wp-content/uploads/sites/9/2021-2022-UG-Expanded-Calendar-List.pdf,
167358,Northeastern University,2021-22,spring_break_end,2022-03-20,,https://registrar.northeastern.edu/wp-content/uploads/sites/9/2021-2022-UG-Expanded-Calendar-List.pdf,Classes resume 2022-03-21
167358,Northeastern University,2021-22,spring_break_start,2022-03-14,,https://registrar.northeastern.edu/wp-content/uploads/sites/9/2021-2022-UG-Expanded-Calendar-List.pdf,
167358,Northeastern University,2021-22,spring_classes_start,2022-01-18,,https://registrar.northeastern.edu/wp-content/uploads/sites/9/2021-2022-UG-Expanded-Calendar-List.pdf,
167358,Northeastern University,2021-22,spring_exams_end,2022-05-06,,https://registrar.northeastern.edu/wp-content/uploads/sites/9/2021-2022-UG-Expanded-Calendar-List.pdf,
167358,Northeastern University,2022-23,fall_classes_start,2022-09-07,,https://registrar.northeastern.edu/wp-content/uploads/sites/9/2022-2023-Academic-Calendar.pdf,
167358,Northeastern University,2022-23,fall_exams_end,2022-12-16,,https://registrar.northeastern.edu/wp-content/uploads/sites/9/2022-2023-Academic-Calendar.pdf,
167358,Northeastern University,2022-23,spring_break_end,2023-03-12,,https://registrar.northeastern.edu/wp-content/uploads/sites/9/2022-2023-Academic-Calendar.pdf,Classes resume 2023-03-13
167358,Northeastern University,2022-23,spring_break_start,2023-03-06,,https://registrar.northeastern.edu/wp-content/uploads/sites/9/2022-2023-Academic-Calendar.pdf,
167358,Northeastern University,2022-23,spring_classes_start,2023-01-09,,https://registrar.northeastern.edu/wp-content/uploads/sites/9/2022-2023-Academic-Calendar.pdf,
167358,Northeastern University,2022-23,spring_exams_end,2023-04-28,,https://registrar.northeastern.edu/wp-content/uploads/sites/9/2022-2023-Academic-Calendar.pdf,
167358,Northeastern University,2023-24,fall_classes_start,2023-09-06,,https://registrar.northeastern.edu/wp-content/uploads/sites/9/2023-2024-Academic-Calendar.pdf,
167358,Northeastern University,2023-24,fall_exams_end,2023-12-15,,https://registrar.northeastern.edu/wp-content/uploads/sites/9/2023-2024-Academic-Calendar.pdf,
167358,Northeastern University,2023-24,spring_break_end,2024-03-10,,https://registrar.northeastern.edu/wp-content/uploads/sites/9/2023-2024-Academic-Calendar.pdf,Classes resume 2024-03-11
167358,Northeastern University,2023-24,spring_break_start,2024-03-04,,https://registrar.northeastern.edu/wp-content/uploads/sites/9/2023-2024-Academic-Calendar.pdf,
167358,Northeastern University,2023-24,spring_classes_start,2024-01-08,,https://registrar.northeastern.edu/wp-content/uploads/sites/9/2023-2024-Academic-Calendar.pdf,
167358,Northeastern University,2023-24,spring_exams_end,2024-04-26,,https://registrar.northeastern.edu/wp-content/uploads/sites/9/2023-2024-Academic-Calendar.pdf,
167358,Northeastern University,2024-25,fall_classes_start,2024-09-04,,https://registrar.northeastern.edu/wp-content/uploads/sites/9/2024-2025-Academic-Calendar.pdf,
167358,Northeastern University,2024-25,fall_exams_end,2024-12-13,,https://registrar.northeastern.edu/wp-content/uploads/sites/9/2024-2025-Academic-Calendar.pdf,
167358,Northeastern University,2024-25,spring_break_end,2025-03-09,,https://registrar.northeastern.edu/wp-content/uploads/sites/9/2024-2025-Academic-Calendar.pdf,Classes resume 2025-03-10
167358,Northeastern University,2024-25,spring_break_start,2025-03-03,,https://registrar.northeastern.edu/wp-content/uploads/sites/9/2024-2025-Academic-Calendar.pdf,
167358,Northeastern University,2024-25,spring_classes_start,2025-01-06,,https://registrar.northeastern.edu/wp-content/uploads/sites/9/2024-2025-Academic-Calendar.pdf,
167358,Northeastern University,2024-25,spring_exams_end,2025-04-25,,https://registrar.northeastern.edu/wp-content/uploads/sites/9/2024-2025-Academic-Calendar.pdf,
167358,Northeastern University,2025-26,fall_classes_start,2025-09-03,,https://registrar.northeastern.edu/wp-content/uploads/sites/9/2025-2026-Academic-Calendar.pdf,
167358,Northeastern University,2025-26,fall_exams_end,2025-12-14,,https://registrar.northeastern.edu/wp-content/uploads/sites/9/2025-2026-Academic-Calendar.pdf,Last day of fall final exam period
167358,Northeastern University,2025-26,spring_break_end,2026-03-08,,https://registrar.northeastern.edu/wp-content/uploads/sites/9/2025-2026-Academic-Calendar.pdf,Spring classes resume 2026-03-09
167358,Northeastern University,2025-26,spring_break_start,2026-03-02,,https://registrar.northeastern.edu/wp-content/uploads/sites/9/2025-2026-Academic-Calendar.pdf,
167358,Northeastern University,2025-26,spring_classes_start,2026-01-07,,https://registrar.northeastern.edu/wp-content/uploads/sites/9/2025-2026-Academic-Calendar.pdf,
167358,Northeastern University,2025-26,spring_exams_end,2026-04-26,,https://registrar.northeastern.edu/wp-content/uploads/sites/9/2025-2026-Academic-Calendar.pdf,Last day of spring final exam period
167358,Northeastern University,2026-27,fall_classes_start,2026-09-09,,https://registrar.northeastern.edu/wp-content/uploads/sites/9/2026-2027-Academic-Calendar.pdf,
167358,Northeastern University,2026-27,fall_exams_end,2026-12-20,,https://registrar.northeastern.edu/wp-content/uploads/sites/9/2026-2027-Academic-Calendar.pdf,Last day of fall final exam period
167358,Northeastern University,2026-27,spring_break_end,2027-03-14,,https://registrar.northeastern.edu/wp-content/uploads/sites/9/2026-2027-Academic-Calendar.pdf,Spring classes resume 2027-03-15
167358,Northeastern University,2026-27,spring_break_start,2027-03-08,,https://registrar.northeastern.edu/wp-content/uploads/sites/9/2026-2027-Academic-Calendar.pdf,
167358,Northeastern University,2026-27,spring_classes_start,2027-01-13,,https://registrar.northeastern.edu/wp-content/uploads/sites/9/2026-2027-Academic-Calendar.pdf,
167358,Northeastern University,2026-27,spring_exams_end,2027-05-02,,https://registrar.northeastern.edu/wp-content/uploads/sites/9/2026-2027-Academic-Calendar.pdf,Last day of spring final exam period
168148,Tufts University,2014-15,commencement,2015-05-17,,https://www.trumba.com/calendars/student-life-registrar-academic-calendar.ics?startdate=20150101&months=6,"Tufts registrar academic calendar (A&S, SoE, SMFA) feed: Commencement"
168148,Tufts University,2014-15,fall_classes_start,2014-09-02,,https://www.trumba.com/calendars/student-life-registrar-academic-calendar.ics?startdate=20140701&months=6,"Tufts registrar academic calendar (A&S, SoE, SMFA) feed: Classes Begin"
168148,Tufts University,2014-15,fall_exams_end,2014-12-18,,https://www.trumba.com/calendars/student-life-registrar-academic-calendar.ics?startdate=20140701&months=6,"Tufts registrar academic calendar (A&S, SoE, SMFA) feed: Final Examinations End"
168148,Tufts University,2014-15,spring_break_end,2015-03-22,,https://www.trumba.com/calendars/student-life-registrar-academic-calendar.ics?startdate=20150101&months=6,"Tufts registrar academic calendar (A&S, SoE, SMFA) feed: Spring Recess Ends; Classes Resume the next day"
168148,Tufts University,2014-15,spring_break_start,2015-03-14,,https://www.trumba.com/calendars/student-life-registrar-academic-calendar.ics?startdate=20150101&months=6,"Tufts registrar academic calendar (A&S, SoE, SMFA) feed: Spring Recess Begins"
168148,Tufts University,2014-15,spring_classes_start,2015-01-14,,https://www.trumba.com/calendars/student-life-registrar-academic-calendar.ics?startdate=20150101&months=6,"Tufts registrar academic calendar (A&S, SoE, SMFA) feed: Classes Begin"
168148,Tufts University,2014-15,spring_exams_end,2015-05-08,,https://www.trumba.com/calendars/student-life-registrar-academic-calendar.ics?startdate=20150101&months=6,"Tufts registrar academic calendar (A&S, SoE, SMFA) feed: Final Examinations End"
168148,Tufts University,2015-16,commencement,2016-05-22,,https://www.trumba.com/calendars/student-life-registrar-academic-calendar.ics?startdate=20160101&months=6,"Tufts registrar academic calendar (A&S, SoE, SMFA) feed: Commencement"
168148,Tufts University,2015-16,fall_classes_start,2015-09-08,,https://www.trumba.com/calendars/student-life-registrar-academic-calendar.ics?startdate=20150701&months=6,"Tufts registrar academic calendar (A&S, SoE, SMFA) feed: Classes Begin"
168148,Tufts University,2015-16,fall_exams_end,2015-12-22,,https://www.trumba.com/calendars/student-life-registrar-academic-calendar.ics?startdate=20150701&months=6,"Tufts registrar academic calendar (A&S, SoE, SMFA) feed: Final Examinations End"
168148,Tufts University,2015-16,spring_break_end,2016-03-27,,https://www.trumba.com/calendars/student-life-registrar-academic-calendar.ics?startdate=20160101&months=6,"Tufts registrar academic calendar (A&S, SoE, SMFA) feed: Spring Recess Ends; Classes Resume the next day"
168148,Tufts University,2015-16,spring_break_start,2016-03-19,,https://www.trumba.com/calendars/student-life-registrar-academic-calendar.ics?startdate=20160101&months=6,"Tufts registrar academic calendar (A&S, SoE, SMFA) feed: Spring Recess Begins"
168148,Tufts University,2015-16,spring_classes_start,2016-01-21,,https://www.trumba.com/calendars/student-life-registrar-academic-calendar.ics?startdate=20160101&months=6,"Tufts registrar academic calendar (A&S, SoE, SMFA) feed: Classes Begin"
168148,Tufts University,2015-16,spring_exams_end,2016-05-13,,https://www.trumba.com/calendars/student-life-registrar-academic-calendar.ics?startdate=20160101&months=6,"Tufts registrar academic calendar (A&S, SoE, SMFA) feed: Final Examinations End"
168148,Tufts University,2016-17,commencement,2017-05-21,,https://www.trumba.com/calendars/student-life-registrar-academic-calendar.ics?startdate=20170101&months=6,"Tufts registrar academic calendar (A&S, SoE, SMFA) feed: Commencement"
168148,Tufts University,2016-17,fall_classes_start,2016-09-06,,https://www.trumba.com/calendars/student-life-registrar-academic-calendar.ics?startdate=20160701&months=6,"Tufts registrar academic calendar (A&S, SoE, SMFA) feed: Classes Begin"
168148,Tufts University,2016-17,fall_exams_end,2016-12-22,,https://www.trumba.com/calendars/student-life-registrar-academic-calendar.ics?startdate=20160701&months=6,"Tufts registrar academic calendar (A&S, SoE, SMFA) feed: Final Examinations End"
168148,Tufts University,2016-17,spring_break_end,2017-03-26,,https://www.trumba.com/calendars/student-life-registrar-academic-calendar.ics?startdate=20170101&months=6,"Tufts registrar academic calendar (A&S, SoE, SMFA) feed: Spring Recess Ends; Classes Resume the next day"
168148,Tufts University,2016-17,spring_break_start,2017-03-18,,https://www.trumba.com/calendars/student-life-registrar-academic-calendar.ics?startdate=20170101&months=6,"Tufts registrar academic calendar (A&S, SoE, SMFA) feed: Spring Recess Begins"
168148,Tufts University,2016-17,spring_classes_start,2017-01-19,,https://www.trumba.com/calendars/student-life-registrar-academic-calendar.ics?startdate=20170101&months=6,"Tufts registrar academic calendar (A&S, SoE, SMFA) feed: Classes Begin"
168148,Tufts University,2016-17,spring_exams_end,2017-05-12,,https://www.trumba.com/calendars/student-life-registrar-academic-calendar.ics?startdate=20170101&months=6,"Tufts registrar academic calendar (A&S, SoE, SMFA) feed: Final Examinations End"
168148,Tufts University,2017-18,commencement,2018-05-20,,https://www.trumba.com/calendars/student-life-registrar-academic-calendar.ics?startdate=20180101&months=6,"Tufts registrar academic calendar (A&S, SoE, SMFA) feed: Commencement"
168148,Tufts University,2017-18,fall_classes_start,2017-09-05,,https://www.trumba.com/calendars/student-life-registrar-academic-calendar.ics?startdate=20170701&months=6,"Tufts registrar academic calendar (A&S, SoE, SMFA) feed: Classes Begin"
168148,Tufts University,2017-18,fall_exams_end,2017-12-21,,https://www.trumba.com/calendars/student-life-registrar-academic-calendar.ics?startdate=20170701&months=6,"Tufts registrar academic calendar (A&S, SoE, SMFA) feed: Final Examinations End"
168148,Tufts University,2017-18,spring_break_end,2018-03-25,,https://www.trumba.com/calendars/student-life-registrar-academic-calendar.ics?startdate=20180101&months=6,"Tufts registrar academic calendar (A&S, SoE, SMFA) feed: Spring Recess Ends; Classes Resume the next day"
168148,Tufts University,2017-18,spring_break_start,2018-03-17,,https://www.trumba.com/calendars/student-life-registrar-academic-calendar.ics?startdate=20180101&months=6,"Tufts registrar academic calendar (A&S, SoE, SMFA) feed: Spring Recess Begins"
168148,Tufts University,2017-18,spring_classes_start,2018-01-18,,https://www.trumba.com/calendars/student-life-registrar-academic-calendar.ics?startdate=20180101&months=6,"Tufts registrar academic calendar (A&S, SoE, SMFA) feed: Classes Begin"
168148,Tufts University,2017-18,spring_exams_end,2018-05-11,,https://www.trumba.com/calendars/student-life-registrar-academic-calendar.ics?startdate=20180101&months=6,"Tufts registrar academic calendar (A&S, SoE, SMFA) feed: Final Examinations End"
168148,Tufts University,2018-19,commencement,2019-05-19,,https://www.trumba.com/calendars/student-life-registrar-academic-calendar.ics?startdate=20190101&months=6,"Tufts registrar academic calendar (A&S, SoE, SMFA) feed: Commencement"
168148,Tufts University,2018-19,fall_classes_start,2018-09-04,,https://www.trumba.com/calendars/student-life-registrar-academic-calendar.ics?startdate=20180701&months=6,"Tufts registrar academic calendar (A&S, SoE, SMFA) feed: Classes Begin"
168148,Tufts University,2018-19,fall_exams_end,2018-12-20,,https://www.trumba.com/calendars/student-life-registrar-academic-calendar.ics?startdate=20180701&months=6,"Tufts registrar academic calendar (A&S, SoE, SMFA) feed: Final Examinations End"
168148,Tufts University,2018-19,spring_break_end,2019-03-24,,https://www.trumba.com/calendars/student-life-registrar-academic-calendar.ics?startdate=20190101&months=6,"Tufts registrar academic calendar (A&S, SoE, SMFA) feed: Spring Recess Ends; Classes Resume the next day"
168148,Tufts University,2018-19,spring_break_start,2019-03-16,,https://www.trumba.com/calendars/student-life-registrar-academic-calendar.ics?startdate=20190101&months=6,"Tufts registrar academic calendar (A&S, SoE, SMFA) feed: Spring Recess Begins"
168148,Tufts University,2018-19,spring_classes_start,2019-01-16,,https://www.trumba.com/calendars/student-life-registrar-academic-calendar.ics?startdate=20190101&months=6,"Tufts registrar academic calendar (A&S, SoE, SMFA) feed: Classes Begin"
168148,Tufts University,2018-19,spring_exams_end,2019-05-10,,https://www.trumba.com/calendars/student-life-registrar-academic-calendar.ics?startdate=20190101&months=6,"Tufts registrar academic calendar (A&S, SoE, SMFA) feed: Final Examinations End"
168148,Tufts University,2019-20,fall_exams_end,2019-12-19,,https://www.trumba.com/calendars/student-life-registrar-academic-calendar.ics?startdate=20190701&months=6,"Tufts registrar academic calendar (A&S, SoE, SMFA) feed: Final Examinations End"
168148,Tufts University,2019-20,spring_break_end,2020-03-24,,https://www.trumba.com/calendars/student-life-registrar-academic-calendar.ics?startdate=20200101&months=6,"Tufts registrar academic calendar (A&S, SoE, SMFA) feed: Spring Recess extended for COVID-19; online classes began 2020-03-25 (previously classes resumed 2020-03-23)"
168148,Tufts University,2019-20,spring_classes_start,2020-01-15,,https://www.trumba.com/calendars/student-life-registrar-academic-calendar.ics?startdate=20200101&months=6,"Tufts registrar academic calendar (A&S, SoE, SMFA) feed: Classes Begin"
168148,Tufts University,2019-20,spring_exams_end,2020-05-08,,https://www.trumba.com/calendars/student-life-registrar-academic-calendar.ics?startdate=20200101&months=6,"Tufts registrar academic calendar (A&S, SoE, SMFA) feed: Final Examinations End"
168148,Tufts University,2020-21,commencement,2021-05-23,,https://www.trumba.com/calendars/student-life-registrar-academic-calendar.ics?startdate=20210101&months=6,"Tufts registrar academic calendar (A&S, SoE, SMFA) feed: Commencement"
168148,Tufts University,2020-21,fall_exams_end,2020-12-22,,https://www.trumba.com/calendars/student-life-registrar-academic-calendar.ics?startdate=20200701&months=6,"Tufts registrar academic calendar (A&S, SoE, SMFA) feed: Final Examinations End"
168148,Tufts University,2020-21,spring_break_end,2021-03-28,,https://www.trumba.com/calendars/student-life-registrar-academic-calendar.ics?startdate=20210101&months=6,"Tufts registrar academic calendar (A&S, SoE, SMFA) feed: Spring Recess Ends; Classes Resume the next day"
168148,Tufts University,2020-21,spring_break_start,2021-03-26,,https://www.trumba.com/calendars/student-life-registrar-academic-calendar.ics?startdate=20210101&months=6,"Tufts registrar academic calendar (A&S, SoE, SMFA) feed: Shortened spring recess: classes suspended Friday, resume Monday 2021-03-29"
168148,Tufts University,2020-21,spring_classes_start,2021-02-01,,https://www.trumba.com/calendars/student-life-registrar-academic-calendar.ics?startdate=20210101&months=6,"Tufts registrar academic calendar (A&S, SoE, SMFA) feed: Classes Begin"
168148,Tufts University,2020-21,spring_exams_end,2021-05-14,,https://www.trumba.com/calendars/student-life-registrar-academic-calendar.ics?startdate=20210101&months=6,"Tufts registrar academic calendar (A&S, SoE, SMFA) feed: Final Examinations End"
168148,Tufts University,2021-22,commencement,2022-05-22,,https://www.trumba.com/calendars/student-life-registrar-academic-calendar.ics?startdate=20220101&months=6,"Tufts registrar academic calendar (A&S, SoE, SMFA) feed: Commencement"
168148,Tufts University,2021-22,fall_classes_start,2021-09-08,,https://www.trumba.com/calendars/student-life-registrar-academic-calendar.ics?startdate=20210701&months=6,"Tufts registrar academic calendar (A&S, SoE, SMFA) feed: Classes Begin"
168148,Tufts University,2021-22,fall_exams_end,2021-12-23,,https://www.trumba.com/calendars/student-life-registrar-academic-calendar.ics?startdate=20210701&months=6,"Tufts registrar academic calendar (A&S, SoE, SMFA) feed: Final Examinations End"
168148,Tufts University,2021-22,spring_break_end,2022-03-27,,https://www.trumba.com/calendars/student-life-registrar-academic-calendar.ics?startdate=20220101&months=6,"Tufts registrar academic calendar (A&S, SoE, SMFA) feed: Spring Recess Ends; Classes Resume the next day"
168148,Tufts University,2021-22,spring_break_start,2022-03-19,,https://www.trumba.com/calendars/student-life-registrar-academic-calendar.ics?startdate=20220101&months=6,"Tufts registrar academic calendar (A&S, SoE, SMFA) feed: Spring Recess Begins"
168148,Tufts University,2021-22,spring_classes_start,2022-01-19,,https://www.trumba.com/calendars/student-life-registrar-academic-calendar.ics?startdate=20220101&months=6,"Tufts registrar academic calendar (A&S, SoE, SMFA) feed: Classes Begin"
168148,Tufts University,2021-22,spring_exams_end,2022-05-13,,https://www.trumba.com/calendars/student-life-registrar-academic-calendar.ics?startdate=20220101&months=6,"Tufts registrar academic calendar (A&S, SoE, SMFA) feed: Final Examinations End"
168148,Tufts University,2022-23,commencement,2023-05-21,,https://www.trumba.com/calendars/student-life-registrar-academic-calendar.ics?startdate=20230101&months=6,"Tufts registrar academic calendar (A&S, SoE, SMFA) feed: Commencement"
168148,Tufts University,2022-23,fall_classes_start,2022-09-06,,https://www.trumba.com/calendars/student-life-registrar-academic-calendar.ics?startdate=20220701&months=6,"Tufts registrar academic calendar (A&S, SoE, SMFA) feed: Classes Begin"
168148,Tufts University,2022-23,fall_exams_end,2022-12-22,,https://www.trumba.com/calendars/student-life-registrar-academic-calendar.ics?startdate=20220701&months=6,"Tufts registrar academic calendar (A&S, SoE, SMFA) feed: Final Examinations End"
168148,Tufts University,2022-23,spring_break_end,2023-03-26,,https://www.trumba.com/calendars/student-life-registrar-academic-calendar.ics?startdate=20230101&months=6,"Tufts registrar academic calendar (A&S, SoE, SMFA) feed: Spring Recess Ends; Classes Resume the next day"
168148,Tufts University,2022-23,spring_break_start,2023-03-18,,https://www.trumba.com/calendars/student-life-registrar-academic-calendar.ics?startdate=20230101&months=6,"Tufts registrar academic calendar (A&S, SoE, SMFA) feed: Spring Recess Begins"
168148,Tufts University,2022-23,spring_classes_start,2023-01-18,,https://www.trumba.com/calendars/student-life-registrar-academic-calendar.ics?startdate=20230101&months=6,"Tufts registrar academic calendar (A&S, SoE, SMFA) feed: Classes Begin"
168148,Tufts University,2022-23,spring_exams_end,2023-05-12,,https://www.trumba.com/calendars/student-life-registrar-academic-calendar.ics?startdate=20230101&months=6,"Tufts registrar academic calendar (A&S, SoE, SMFA) feed: Final Examinations End"
168148,Tufts University,2023-24,commencement,2024-05-19,,https://www.trumba.com/calendars/student-life-registrar-academic-calendar.ics?startdate=20240101&months=6,"Tufts registrar academic calendar (A&S, SoE, SMFA) feed: Commencement"
168148,Tufts University,2023-24,fall_classes_start,2023-09-05,,https://www.trumba.com/calendars/student-life-registrar-academic-calendar.ics?startdate=20230701&months=6,"Tufts registrar academic calendar (A&S, SoE, SMFA) feed: Classes Begin"
168148,Tufts University,2023-24,fall_exams_end,2023-12-21,,https://www.trumba.com/calendars/student-life-registrar-academic-calendar.ics?startdate=20230701&months=6,"Tufts registrar academic calendar (A&S, SoE, SMFA) feed: Final Examinations End"
168148,Tufts University,2023-24,spring_break_end,2024-03-24,,https://www.trumba.com/calendars/student-life-registrar-academic-calendar.ics?startdate=20240101&months=6,"Tufts registrar academic calendar (A&S, SoE, SMFA) feed: Spring Recess Ends; Classes Resume the next day"
168148,Tufts University,2023-24,spring_break_start,2024-03-16,,https://www.trumba.com/calendars/student-life-registrar-academic-calendar.ics?startdate=20240101&months=6,"Tufts registrar academic calendar (A&S, SoE, SMFA) feed: Spring Recess Begins"
168148,Tufts University,2023-24,spring_classes_start,2024-01-17,,https://www.trumba.com/calendars/student-life-registrar-academic-calendar.ics?startdate=20240101&months=6,"Tufts registrar academic calendar (A&S, SoE, SMFA) feed: Classes Begin"
168148,Tufts University,2023-24,spring_exams_end,2024-05-10,,https://www.trumba.com/calendars/student-life-registrar-academic-calendar.ics?startdate=20240101&months=6,"Tufts registrar academic calendar (A&S, SoE, SMFA) feed: Final Examinations End"
168148,Tufts University,2024-25,commencement,2025-05-18,,https://www.trumba.com/calendars/student-life-registrar-academic-calendar.ics?startdate=20250101&months=6,"Tufts registrar academic calendar (A&S, SoE, SMFA) feed: Commencement"
168148,Tufts University,2024-25,fall_classes_start,2024-09-03,,https://www.trumba.com/calendars/student-life-registrar-academic-calendar.ics?startdate=20240701&months=6,"Tufts registrar academic calendar (A&S, SoE, SMFA) feed: Classes Begin"
168148,Tufts University,2024-25,fall_exams_end,2024-12-20,,https://www.trumba.com/calendars/student-life-registrar-academic-calendar.ics?startdate=20240701&months=6,"Tufts registrar academic calendar (A&S, SoE, SMFA) feed: Final Examinations End"
168148,Tufts University,2024-25,spring_break_end,2025-03-23,,https://www.trumba.com/calendars/student-life-registrar-academic-calendar.ics?startdate=20250101&months=6,"Tufts registrar academic calendar (A&S, SoE, SMFA) feed: Spring Recess Ends; Classes Resume the next day"
168148,Tufts University,2024-25,spring_break_start,2025-03-15,,https://www.trumba.com/calendars/student-life-registrar-academic-calendar.ics?startdate=20250101&months=6,"Tufts registrar academic calendar (A&S, SoE, SMFA) feed: Spring Recess Begins"
168148,Tufts University,2024-25,spring_classes_start,2025-01-15,,https://www.trumba.com/calendars/student-life-registrar-academic-calendar.ics?startdate=20250101&months=6,"Tufts registrar academic calendar (A&S, SoE, SMFA) feed: Classes Begin"
168148,Tufts University,2024-25,spring_exams_end,2025-05-09,,https://www.trumba.com/calendars/student-life-registrar-academic-calendar.ics?startdate=20250101&months=6,"Tufts registrar academic calendar (A&S, SoE, SMFA) feed: Final Examinations End"
168148,Tufts University,2025-26,commencement,2026-05-17,,https://www.trumba.com/calendars/student-life-registrar-academic-calendar.ics?startdate=20260101&months=6,"Tufts registrar academic calendar (A&S, SoE, SMFA) feed: Commencement"
168148,Tufts University,2025-26,fall_classes_start,2025-09-02,,https://www.trumba.com/calendars/student-life-registrar-academic-calendar.ics?startdate=20250701&months=6,"Tufts registrar academic calendar (A&S, SoE, SMFA) feed: Classes Begin"
168148,Tufts University,2025-26,fall_exams_end,2025-12-18,,https://www.trumba.com/calendars/student-life-registrar-academic-calendar.ics?startdate=20250701&months=6,"Tufts registrar academic calendar (A&S, SoE, SMFA) feed: Final Examinations End"
168148,Tufts University,2025-26,spring_break_end,2026-03-22,,https://www.trumba.com/calendars/student-life-registrar-academic-calendar.ics?startdate=20260101&months=6,"Tufts registrar academic calendar (A&S, SoE, SMFA) feed: Spring Recess Ends; Classes Resume the next day"
168148,Tufts University,2025-26,spring_break_start,2026-03-14,,https://www.trumba.com/calendars/student-life-registrar-academic-calendar.ics?startdate=20260101&months=6,"Tufts registrar academic calendar (A&S, SoE, SMFA) feed: Spring Recess Begins"
168148,Tufts University,2025-26,spring_classes_start,2026-01-14,,https://www.trumba.com/calendars/student-life-registrar-academic-calendar.ics?startdate=20260101&months=6,"Tufts registrar academic calendar (A&S, SoE, SMFA) feed: Classes Begin"
168148,Tufts University,2025-26,spring_exams_end,2026-05-08,,https://www.trumba.com/calendars/student-life-registrar-academic-calendar.ics?startdate=20260101&months=6,"Tufts registrar academic calendar (A&S, SoE, SMFA) feed: Final Examinations End"
168148,Tufts University,2026-27,commencement,2027-05-23,,https://www.trumba.com/calendars/student-life-registrar-academic-calendar.ics?startdate=20270101&months=6,"Tufts registrar academic calendar (A&S, SoE, SMFA) feed: Commencement"
168148,Tufts University,2026-27,fall_classes_start,2026-09-08,,https://www.trumba.com/calendars/student-life-registrar-academic-calendar.ics?startdate=20260701&months=6,"Tufts registrar academic calendar (A&S, SoE, SMFA) feed: Classes Begin"
168148,Tufts University,2026-27,fall_exams_end,2026-12-23,,https://m.tufts.edu/students/device/text/student_athletic_calendar/index?feed=calendar_student_life_academic,Final Examinations end
168148,Tufts University,2026-27,spring_break_end,2027-03-28,,https://m.tufts.edu/students/device/text/student_athletic_calendar/index?feed=calendar_student_life_academic,Classes resume 2027-03-29
168148,Tufts University,2026-27,spring_break_start,2027-03-20,,https://m.tufts.edu/students/device/text/student_athletic_calendar/index?feed=calendar_student_life_academic,Spring Recess begins
168148,Tufts University,2026-27,spring_classes_start,2027-01-20,,https://m.tufts.edu/students/device/text/student_athletic_calendar/index?feed=calendar_student_life_academic,Classes begin for full-term courses
168148,Tufts University,2026-27,spring_exams_end,2027-05-14,,https://www.trumba.com/calendars/student-life-registrar-academic-calendar.ics?startdate=20270101&months=6,"Tufts registrar academic calendar (A&S, SoE, SMFA) feed: Final Examinations End"
