unitid,institution,term,instruction,housing,checked,source_url,note
164924,Boston College,fall_2020,hybrid,open,page,https://www.bc.edu/content/bc-web/bcnews/campus-community/around-campus/covid-efforts.html,"Classes in a mix of in-person, online and hybrid modes; residence halls open until December 21"
164924,Boston College,spring_2021,hybrid,open,page,https://www.bc.edu/content/bc-web/bcnews/campus-community/around-campus/back-in-session.html,"Combination of in-person, online and hybrid classes; no traditional spring break"
164748,Berklee College of Music,fall_2020,remote,unknown,partial,https://www.berklee.edu/news/berklee-now/berklee-announces-fully-remote-semester-fall-2020,All courses remote for the fall (page); housing not stated
164748,Berklee College of Music,spring_2021,hybrid,open,page,https://www.berklee.edu/news/berklee-now/berklee-reopen-campus-spring-hybrid-learning-model,Campus reopened with a hybrid model: in-person private instruction and ensembles; residence hall rooms converted for distancing
164988,Boston University,fall_2020,hybrid,open,page,https://www.bu.edu/articles/2020/bu-campuses-in-person-classes-resume-fall-2020/,Blend of in-person and remote teaching (Learn from Anywhere); students moved into campus residences in August
164988,Boston University,spring_2021,hybrid,open,page,https://www.bu.edu/brown/state-of-the-university-fall-2020/,President's address: spring operating model to follow the fall model
165112,Bunker Hill Community College,fall_2020,remote,none,search,https://bhcc.edu/news/2020/october/bhcc-joins-ma-community-colleges-in-continuing-remote-learning.html,"Remote, online and hybrid courses with limited in-person courses; no housing"
165112,Bunker Hill Community College,spring_2021,remote,none,search,https://bhcc.edu/news/2020/october/bhcc-joins-ma-community-colleges-in-continuing-remote-learning.html,"Continuing primarily remote, online and hybrid formats; no housing"
165662,Emerson College,fall_2020,hybrid,open,search,https://today.emerson.edu/2020/08/28/reopening-our-boston-campus/,One Emerson Flex Learning; residence halls open; no return after Thanksgiving
165662,Emerson College,spring_2021,hybrid,open,search,https://today.emerson.edu/2020/12/30/important-message-regarding-the-2021-spring-term/,"Online until January 29, in-person flex classes from February 1"
165671,Emmanuel College,fall_2020,remote,closed,search,https://www.bostonglobe.com/2020/06/22/metro/college-by-college-look-what-some-schools-mass-are-planning-fall,"August 13 update: fall completely online, residence halls not reopening"
166027,Harvard University,fall_2020,remote,limited,page,https://www.thecrimson.com/article/2021/2/8/remote-spring-enrollment-drops/,Courses remote; first-years and students with special circumstances in residence (about 25% of undergraduates)
166027,Harvard University,spring_2021,remote,limited,page,https://www.thecrimson.com/article/2020/12/1/harvard-coronavirus-spring-decision/,"Classes online; housing expanded to 3,100 beds for seniors and juniors"
166452,Lesley University,fall_2020,remote,closed,search,https://lesley.edu/node/44481,"Primarily online; residence halls closed through December, hotel rooms for approved students"
166638,University of Massachusetts-Boston,fall_2020,remote,limited,partial,https://www.massachusetts.edu/news/umass-boston-will-continue-remote-format-fall-semester,Remote teaching continued except lab and nursing simulation classes (page); housing policy from search results
166638,University of Massachusetts-Boston,spring_2021,remote,limited,search,https://temp.dotnews.com/?p=55397,Vast majority of courses online (about 2% on campus)
166683,Massachusetts Institute of Technology,fall_2020,remote,limited,page,https://thetech.com/2020/07/07/fall-details-only-seniors,"Only seniors invited to live on campus; first week fully remote, then selected in-person classes"
166683,Massachusetts Institute of Technology,spring_2021,remote,open,partial,https://thetech.com/2020/11/05/three-classes-on-campus-spring-21,"First-years, sophomores and juniors invited to live on campus (page); teaching mode not stated, mostly remote per search results"
167358,Northeastern University,fall_2020,hybrid,open,page,https://news.northeastern.edu/coronavirus/university-messages/university-update-on-housing-hybrid-nuflex-and-fall-reopening/,Hybrid NUflex: each class in the classroom or remotely; residence halls prepared for return
167358,Northeastern University,spring_2021,hybrid,open,page,https://huntnewsnu.com/63239/front-1/northeastern-extends-nuflex-through-spring-semester/,NUflex continued through spring; students in university housing
167783,Simmons University,fall_2020,remote,limited,search,https://www.simmons.edu/coronavirus/update-undergraduate-programs-july-2020,Teaching online with very few exceptions; very few students on campus
167783,Simmons University,spring_2021,remote,limited,search,https://www.simmons.edu/node/5197,All courses online except clinical and practicum requirements
168005,Suffolk University,fall_2020,hybrid,open,page,https://thesuffolkjournal.com/29603/news/suffolk-announces-big-changes-to-how-classes-housing-will-look-in-the-fall/,Face-to-face (mostly HyFlex) and online classes; on-campus students move into residence halls
168005,Suffolk University,spring_2021,hybrid,open,page,https://thesuffolkjournal.com/31704/news/spring-break-canceled-winter-break-extended-at-suffolk-due-to-covid-19/,On-campus and online classes; students in on-campus housing move back in January
168148,Tufts University,fall_2020,hybrid,open,page,https://www.tuftsdaily.com/article/2020/09/majority-of-undergraduate-students-plan-to-return-to-campus-this-fall,"About 5,300 undergraduates in person and 735 remote; hybrid courses"
168148,Tufts University,spring_2021,hybrid,open,page,https://www.tuftsdaily.com/article/2020/11/higher-number-of-students-expected-to-return-to-campus-for-spring-semester,Similar to fall; roughly half in-person and half remote courses
168227,Wentworth Institute of Technology,fall_2020,hybrid,open,page,https://wit.edu/news/learn-about-campus-re-entry-process-fall-2020-semester,"In-person, virtual and hybrid instruction; students occupying residence halls"
168227,Wentworth Institute of Technology,spring_2021,hybrid,open,partial,https://wit.edu/news/spring-2021-rentry,"Online until January 19, then on campus with up to 50% of courses in person (page); housing not stated"
482705,Northeastern University Professional Programs,fall_2020,hybrid,open,page,https://news.northeastern.edu/coronavirus/university-messages/university-update-on-housing-hybrid-nuflex-and-fall-reopening/,Same NUflex policy as Northeastern University
482705,Northeastern University Professional Programs,spring_2021,hybrid,open,page,https://huntnewsnu.com/63239/front-1/northeastern-extends-nuflex-through-spring-semester/,Same NUflex policy as Northeastern University
